{"type":"FeatureCollection","meta":{"source_csv":"data/external/infra_se.csv","attribution":["Trafikverket","Region Stockholm","Västtrafik","© OpenStreetMap contributors (station points, ODbL)"],"note":"A project with no located station is not drawn. No alignment is sketched between points."},"features":[{"type":"Feature","properties":{"id":"blekinge-kustbana-motesspar","name":"Blekinge kustbana, mötesspår och hastighetshöjning","label_short":"Blekinge kustbana","type":"rail","status":"decided","open_year":2027,"open_window":null,"budget_msek":143.0,"price_base":"2025-02","agency":"Trafikverket","kommuner":["1272","1083","1081","1080"],"kommun_names":["Bromölla","Sölvesborg","Ronneby","Karlskrona"],"stations":[],"stations_located":[],"geometry_source":"none — not drawn","source_url":"https://www.trafikverket.se/vara-projekt/projekt-i-blekinge-lan/blekinge-kustbana-strackan-kristianstad-karlskrona/","source_doc":"https://bransch.trafikverket.se/contentassets/2fca968f05c545d59749ce9d442e117a/bilaga1_nationell_plan_for_transportinfrastrukturen_2026-2037-webb.xlsx","notes":"Byggstart autumn 2026, complete December 2027. New passing siding at Bredåkra plus switch and track work along the 129 km Kristianstad–Karlskrona line."},"geometry":null},{"type":"Feature","properties":{"id":"e10-morjarv-svartbyn","name":"E10, Morjärv–Västra Svartbyn, mötesfri väg (etapp 1)","label_short":"E10 Morjärv–Svartbyn","type":"road","status":"construction","open_year":2029,"open_window":null,"budget_msek":963.0,"price_base":"2025-02","agency":"Trafikverket","kommuner":["2514","2513"],"kommun_names":["Kalix","Överkalix"],"stations":[],"stations_located":[],"geometry_source":"none — not drawn","source_url":"https://www.trafikverket.se/vara-projekt/projekt-i-norrbottens-lan/e10-morjarvvastra-svartbyn-motesfri-vag/","source_doc":"https://bransch.trafikverket.se/contentassets/2fca968f05c545d59749ce9d442e117a/bilaga1_nationell_plan_for_transportinfrastrukturen_2026-2037-webb.xlsx","notes":"~23.5 km in total. Only the Grannäs–Västra Svartbyn section has a schedule: byggstart autumn 2026, complete 2029. Morjärv–Grannäs has no timeline."},"geometry":null},{"type":"Feature","properties":{"id":"e16-borlange-djuras","name":"E16/väg 70, Borlänge–Djurås, mötesfri väg","label_short":"E16 Borlänge–Djurås","type":"road","status":"construction","open_year":null,"open_window":null,"budget_msek":1029.0,"price_base":"2025-02","agency":"Trafikverket","kommuner":["2081","2026"],"kommun_names":["Borlänge","Gagnef"],"stations":[],"stations_located":[],"geometry_source":"none — not drawn","source_url":"https://www.trafikverket.se/vara-projekt/projekt-i-dalarnas-lan/e16vag-70-borlangedjuras-motesfri-vag/","source_doc":"https://bransch.trafikverket.se/contentassets/2fca968f05c545d59749ce9d442e117a/bilaga1_nationell_plan_for_transportinfrastrukturen_2026-2037-webb.xlsx","notes":"Three phases. Etapp 1 finished autumn 2023; etapp 2 paused and under cost review with completion expected autumn 2026; etapp 3 byggstart spring 2027. No whole-project completion year is published. Gagnef is derived from Djurås, not named on the page."},"geometry":null},{"type":"Feature","properties":{"id":"e20-forbi-mariestad","name":"E20 förbi Mariestad","label_short":"E20 f. Mariestad","type":"road","status":"construction","open_year":2029,"open_window":null,"budget_msek":2252.0,"price_base":"2025-02","agency":"Trafikverket","kommuner":["1493"],"kommun_names":["Mariestad"],"stations":[],"stations_located":[],"geometry_source":"none — not drawn","source_url":"https://www.trafikverket.se/vara-projekt/projekt-i-vastra-gotalands-lan/e20-motesfri-vag-vastra-gotaland/e20-forbi-mariestad/","source_doc":"https://bransch.trafikverket.se/contentassets/2fca968f05c545d59749ce9d442e117a/bilaga1_nationell_plan_for_transportinfrastrukturen_2026-2037-webb.xlsx","notes":"Two phases: Hindsberg–Muggebo 2024–2027 and Muggebo–Tjos 2025–2029. The project page states 1 400 MSEK in 2013 price level; 2 252 MSEK is the plan's 2025-02 total."},"geometry":null},{"type":"Feature","properties":{"id":"e20-gotene-mariestad","name":"E20 Götene–Mariestad","label_short":"E20 Götene–Mariestad","type":"road","status":"construction","open_year":2028,"open_window":null,"budget_msek":1607.0,"price_base":"2025-02","agency":"Trafikverket","kommuner":["1471","1493"],"kommun_names":["Götene","Mariestad"],"stations":[],"stations_located":[],"geometry_source":"none — not drawn","source_url":"https://www.trafikverket.se/vara-projekt/projekt-i-vastra-gotalands-lan/e20-motesfri-vag-vastra-gotaland/e20-gotene-mariestad/","source_doc":"https://bransch.trafikverket.se/contentassets/2fca968f05c545d59749ce9d442e117a/bilaga1_nationell_plan_for_transportinfrastrukturen_2026-2037-webb.xlsx","notes":"20 km to 2+2 motorway; byggstart 2025, complete autumn 2028. The project page states 1 150 MSEK in 2013 price level — nearly 13 years stale; 1 607 MSEK is the plan's 2025-02 total."},"geometry":null},{"type":"Feature","properties":{"id":"e22-bjorketorp-nattraby","name":"E22 Björketorp (Ronneby Ö)–Nättraby","label_short":"E22 Björketorp–Nättraby","type":"road","status":"decided","open_year":null,"open_window":null,"budget_msek":1473.0,"price_base":"2025-02","agency":"Trafikverket","kommuner":["1081","1080"],"kommun_names":["Ronneby","Karlskrona"],"stations":[],"stations_located":[],"geometry_source":"none — not drawn","source_url":"https://www.regeringen.se/pressmeddelanden/2026/04/regeringen-ger-gront-ljus-till-flera-storre-infrastrukturprojekt/","source_doc":"https://bransch.trafikverket.se/contentassets/2fca968f05c545d59749ce9d442e117a/bilaga1_nationell_plan_for_transportinfrastrukturen_2026-2037-webb.xlsx","notes":"Byggstart clearance 24 April 2026; motorway conversion. The government release states no years or costs. A Trafikverket project page exists but was not fetched, so the release is the cited source."},"geometry":null},{"type":"Feature","properties":{"id":"e22-forbi-soderkoping","name":"E22, förbifart Söderköping","label_short":"E22 Söderköping","type":"road","status":"construction","open_year":2030,"open_window":null,"budget_msek":2239.0,"price_base":"2025-02","agency":"Trafikverket","kommuner":["0582"],"kommun_names":["Söderköping"],"stations":[],"stations_located":[],"geometry_source":"none — not drawn","source_url":"https://www.trafikverket.se/vara-projekt/projekt-i-ostergotlands-lan/E22-forbifart-soderkoping/","source_doc":"https://bransch.trafikverket.se/contentassets/2fca968f05c545d59749ce9d442e117a/bilaga1_nationell_plan_for_transportinfrastrukturen_2026-2037-webb.xlsx","notes":"Byggstart autumn 2026, opening summer 2030. All level crossings grade-separated."},"geometry":null},{"type":"Feature","properties":{"id":"e4-e20-hallunda-varby","name":"E4/E20 Hallunda–Vårby, delen Fittja–Vårby, kapacitetsförstärkning","label_short":"E4/E20 Fittja–Vårby","type":"road","status":"decided","open_year":null,"open_window":null,"budget_msek":1332.0,"price_base":"2025-02","agency":"Trafikverket","kommuner":["0127","0126"],"kommun_names":["Botkyrka","Huddinge"],"stations":[],"stations_located":[],"geometry_source":"none — not drawn","source_url":"https://www.regeringen.se/pressmeddelanden/2026/04/regeringen-ger-gront-ljus-till-flera-storre-infrastrukturprojekt/","source_doc":"https://bransch.trafikverket.se/contentassets/2fca968f05c545d59749ce9d442e117a/bilaga1_nationell_plan_for_transportinfrastrukturen_2026-2037-webb.xlsx","notes":"Byggstart clearance 24 April 2026; widening to 4+4 lanes as a consequence of Förbifart Stockholm. The adjoining Hallunda–Fittja section (1 004 MSEK, plan phase 'Förberedelse för byggstart') is planned for construction 2031–2034 per its own project page, which was last updated 2023-03-20."},"geometry":null},{"type":"Feature","properties":{"id":"e4-forbifart-skelleftea","name":"E4, förbifart Skellefteå","label_short":"E4 f. Skellefteå","type":"road","status":"study","open_year":null,"open_window":null,"budget_msek":2439.0,"price_base":"2025-02","agency":"Trafikverket","kommuner":["2482"],"kommun_names":["Skellefteå"],"stations":[],"stations_located":[],"geometry_source":"none — not drawn","source_url":"https://www.trafikverket.se/vara-projekt/projekt-i-vasterbottens-lan/e4-forbifart-skelleftea/","source_doc":"https://bransch.trafikverket.se/contentassets/2fca968f05c545d59749ce9d442e117a/bilaga1_nationell_plan_for_transportinfrastrukturen_2026-2037-webb.xlsx","notes":"Corridor 'Östra leden' chosen May 2025; road plan expected 2030, byggstart preliminarily 2031. The plan allocates 0 kr inside 2026–2037, so the 2 439 MSEK sits beyond the plan period."},"geometry":null},{"type":"Feature","properties":{"id":"e4-forbifart-stockholm","name":"E4 Förbifart Stockholm","label_short":"Förbifart Sthlm","type":"road","status":"construction","open_year":2030,"open_window":null,"budget_msek":58076.0,"price_base":"2025-02","agency":"Trafikverket","kommuner":["0180","0126","0163","0125"],"kommun_names":["Stockholm","Huddinge","Sollentuna","Ekerö"],"stations":[],"stations_located":[],"geometry_source":"none — not drawn","source_url":"https://www.trafikverket.se/vara-projekt/projekt-i-stockholms-lan/e4-forbifart-stockholm/","source_doc":"https://bransch.trafikverket.se/contentassets/2fca968f05c545d59749ce9d442e117a/bilaga1_nationell_plan_for_transportinfrastrukturen_2026-2037-webb.xlsx","notes":"21 km, over 18 km in tunnel, Kungens kurva–Häggvik. Häggvik–Hjulsta opens 2026, full completion 2030. The project page states 51,0–53,5 miljarder with 51,5 likely in 2021 price level; 58 076 MSEK is the plan's total object cost in 2025-02. The page names five kommuner but does not list them — the four given are derived from place names on the page."},"geometry":null},{"type":"Feature","properties":{"id":"e4-kongberget-gnarp","name":"E4, Kongberget–Gnarp, mötesfri väg","label_short":"E4 Kongberget–Gnarp","type":"road","status":"decided","open_year":null,"open_window":null,"budget_msek":2741.0,"price_base":"2025-02","agency":"Trafikverket","kommuner":["2132"],"kommun_names":["Nordanstig"],"stations":[],"stations_located":[],"geometry_source":"none — not drawn","source_url":"https://www.trafikverket.se/vara-projekt/projekt-i-gavleborgs-lan/e4-kongbergetgnarp-motesfri-vag-i-nordanstigs-kommun/","source_doc":"https://bransch.trafikverket.se/contentassets/2fca968f05c545d59749ce9d442e117a/bilaga1_nationell_plan_for_transportinfrastrukturen_2026-2037-webb.xlsx","notes":"Byggstart clearance from the government 24 April 2026; project page gives byggstart preliminarily 2029 and no completion year. ~22 km, 2+1, 110 km/h."},"geometry":null},{"type":"Feature","properties":{"id":"e45-jarnvagen-overdackning","name":"Järnvågen med överdäckning av E45","label_short":"E45 Järnvågen","type":"road","status":"construction","open_year":2026,"open_window":null,"budget_msek":326.0,"price_base":"2025-02","agency":"Trafikverket","kommuner":["1480"],"kommun_names":["Göteborg"],"stations":[],"stations_located":[],"geometry_source":"none — not drawn","source_url":"https://www.trafikverket.se/vara-projekt/projekt-i-vastra-gotalands-lan/e45-jarnvagen/","source_doc":"https://bransch.trafikverket.se/contentassets/2fca968f05c545d59749ce9d442e117a/bilaga1_nationell_plan_for_transportinfrastrukturen_2026-2037-webb.xlsx","notes":"Byggstart summer 2024, complete 2026. Plan footnote (3): 0 kr from the planning frame, presupposes full funding from other parties."},"geometry":null},{"type":"Feature","properties":{"id":"e45-vattnas-trunna","name":"E45, Vattnäs–Trunna","label_short":"E45 Vattnäs–Trunna","type":"road","status":"decided","open_year":2030,"open_window":null,"budget_msek":621.0,"price_base":"2025-02","agency":"Trafikverket","kommuner":["2034"],"kommun_names":["Orsa"],"stations":[],"stations_located":[],"geometry_source":"none — not drawn","source_url":"https://www.trafikverket.se/vara-projekt/projekt-i-dalarnas-lan/e45-vattnas-trunna-ny-vagstrackning/","source_doc":"https://bransch.trafikverket.se/contentassets/2fca968f05c545d59749ce9d442e117a/bilaga1_nationell_plan_for_transportinfrastrukturen_2026-2037-webb.xlsx","notes":"Road plan established 2025; byggstart earliest 2027, complete 2030. Rebuild to 2+1 with median barrier."},"geometry":null},{"type":"Feature","properties":{"id":"e65-svedala-borringe","name":"E65 Svedala–Börringe","label_short":"E65 Svedala–Börringe","type":"road","status":"decided","open_year":null,"open_window":null,"budget_msek":701.0,"price_base":"2025-02","agency":"Trafikverket","kommuner":["1263"],"kommun_names":["Svedala"],"stations":[],"stations_located":[],"geometry_source":"none — not drawn","source_url":"https://www.trafikverket.se/vara-projekt/projekt-i-skane-lan/e65-svedalaborringe-motorvagsutbyggnad/","source_doc":"https://bransch.trafikverket.se/contentassets/2fca968f05c545d59749ce9d442e117a/bilaga1_nationell_plan_for_transportinfrastrukturen_2026-2037-webb.xlsx","notes":"Road plan legally binding, government byggstart decision taken; byggstart planned 2027, no completion year published. ~5.4 km."},"geometry":null},{"type":"Feature","properties":{"id":"goteborg-alingsas-hogre-kapacitet","name":"Västra stambanan, Göteborg–Alingsås, högre kapacitet hela sträckan","label_short":"Göteborg–Alingsås","type":"rail","status":"study","open_year":null,"open_window":null,"budget_msek":26447.0,"price_base":"2025-02","agency":"Trafikverket","kommuner":["1480","1489"],"kommun_names":["Göteborg","Alingsås"],"stations":[],"stations_located":[],"geometry_source":"none — not drawn","source_url":"https://bransch.trafikverket.se/for-dig-i-branschen/Planera-och-utreda/langsiktig-planering-av-infrastruktur/nationell-plan/nationell-plan-2026-2037/","source_doc":"https://bransch.trafikverket.se/contentassets/2fca968f05c545d59749ce9d442e117a/bilaga1_nationell_plan_for_transportinfrastrukturen_2026-2037-webb.xlsx","notes":"Plan object JVA2201, phase 'Planering', 4 215 MSEK of 26 447 inside 2026–2037. No dedicated project page exists yet; the separate page 'Västra stambanan, Göteborg–Alingsås' covers a 2025–2027 renewal programme (Lerum station to four tracks, power supply, tunnels), not this investment."},"geometry":null},{"type":"Feature","properties":{"id":"goteborg-boras","name":"Ny järnväg Göteborg–Borås och bibana Mölnlycke","label_short":"Göteborg–Borås","type":"rail","status":"decided","open_year":null,"open_window":null,"budget_msek":59161.0,"price_base":"2025-02","agency":"Trafikverket","kommuner":["1480","1481","1401","1443","1490"],"kommun_names":["Göteborg","Mölndal","Härryda","Bollebygd","Borås"],"stations":["Mölndal","Göteborg Landvetter flygplats","Borås","Mölnlycke"],"stations_located":[{"name":"Mölndal","lat":57.65625,"lon":12.01859,"osm_tag":"public_transport=station"},{"name":"Göteborg Landvetter flygplats","lat":57.66795,"lon":12.29584,"osm_tag":"highway=bus_stop"},{"name":"Borås","lat":57.65433,"lon":12.49493,"osm_tag":"highway=bus_stop"},{"name":"Mölnlycke","lat":57.65683,"lon":12.11784,"osm_tag":"public_transport=station"}],"geometry_source":"osm:station points matched by name in the project's kommuner","source_url":"https://www.trafikverket.se/vara-projekt/projekt-i-vastra-gotalands-lan/Goteborg-Boras/","source_doc":"https://bransch.trafikverket.se/contentassets/2fca968f05c545d59749ce9d442e117a/bilaga1_nationell_plan_for_transportinfrastrukturen_2026-2037-webb.xlsx","notes":"Government approval 11 June 2026; byggstart 2029–2031 and about ten years' construction, but no opening year is published, so open_year is blank. Page states ~59 bn in 2025 price level, which matches the plan. Future stations at Bollebygd and Landvetter södra are mentioned but not funded."},"geometry":{"type":"MultiPoint","coordinates":[[12.01859,57.65625],[12.29584,57.66795],[12.49493,57.65433],[12.11784,57.65683]]}},{"type":"Feature","properties":{"id":"goteborg-sparvag-brunnsbo-linne","name":"Göteborg, spårväg och citybuss Brunnsbo–Linné via Lindholmen","label_short":"Brunnsbo–Linné","type":"tram","status":"decided","open_year":2039,"open_window":null,"budget_msek":7233.0,"price_base":"2025-02","agency":"Göteborgs Stad","kommuner":["1480"],"kommun_names":["Göteborg"],"stations":["Lindholmen","Stigberget","Linnéplatsen"],"stations_located":[{"name":"Lindholmen","lat":57.70819,"lon":11.93853,"osm_tag":"highway=bus_stop"},{"name":"Linnéplatsen","lat":57.69013,"lon":11.95205,"osm_tag":"railway=tram_stop"}],"geometry_source":"osm:station points matched by name in the project's kommuner","source_url":"https://www.goteborg.se/wps/portal?uri=gbglnk%3A2023914113145854","source_doc":"https://bransch.trafikverket.se/contentassets/2fca968f05c545d59749ce9d442e117a/bilaga1_nationell_plan_for_transportinfrastrukturen_2026-2037-webb.xlsx","notes":"2039 is the opening of the Lindholmsförbindelsen tunnel (byggstart 2031, preparatory works 2027); the city's own figure for that tunnel alone is 4 240 MSEK in 2014 price level. The 7 233 MSEK is plan object SVF1806 for the wider Brunnsbo–Linné programme. The Frihamnen–Lindholmen tram section opened December 2025."},"geometry":{"type":"MultiPoint","coordinates":[[11.93853,57.70819],[11.95205,57.69013]]}},{"type":"Feature","properties":{"id":"hallsberg-degeron-dubbelspar","name":"Godsstråket genom Bergslagen, dubbelspår Hallsberg–Degerön","label_short":"Hallsberg–Degerön","type":"rail","status":"construction","open_year":2031,"open_window":null,"budget_msek":10900.0,"price_base":"2025","agency":"Trafikverket","kommuner":["1861"],"kommun_names":["Hallsberg"],"stations":[],"stations_located":[],"geometry_source":"none — not drawn","source_url":"https://www.trafikverket.se/vara-projekt/projekt-som-stracker-sig-over-flera-lan/hallsberg-degeron/","source_doc":null,"notes":"Five of six sub-stretches finished; the last, Hallsberg–Stenkumla, runs 2023–2031. Page states 10,9 miljarder in 2025 års prisnivå (month not given, hence price_base '2025'). The adopted plan carries a narrower object 'Godsstråket Hallsberg–Åsbro, dubbelspår' at 6 191 MSEK in 2025-02. Only Hallsberg kommun is named on the page."},"geometry":null},{"type":"Feature","properties":{"id":"hassleholm-lund-tva-nya-spar","name":"Hässleholm–Lund, två nya spår","label_short":"Hässleholm–Lund","type":"rail","status":"study","open_year":null,"open_window":null,"budget_msek":32308.0,"price_base":"2025-02","agency":"Trafikverket","kommuner":["1293","1281"],"kommun_names":["Hässleholm","Lund"],"stations":["Hässleholm","Stångby","Klostergården"],"stations_located":[{"name":"Hässleholm","lat":56.1517,"lon":13.75377,"osm_tag":"highway=bus_stop"},{"name":"Stångby","lat":55.7506,"lon":13.19991,"osm_tag":"public_transport=station"},{"name":"Klostergården","lat":55.69536,"lon":13.17271,"osm_tag":"public_transport=station"}],"geometry_source":"osm:station points matched by name in the project's kommuner","source_url":"https://www.trafikverket.se/vara-projekt/projekt-i-skane-lan/hassleholm-lund-tva-nya-spar/","source_doc":"https://bransch.trafikverket.se/contentassets/2fca968f05c545d59749ce9d442e117a/bilaga1_nationell_plan_for_transportinfrastrukturen_2026-2037-webb.xlsx","notes":"Byggstart from 2034; the page states traffic start is 'svårbedömd' because alignment, staging and method are undecided, so open_year is blank. The page's own figure is 28 miljarder in 2021 price level. A sub-project 'Lund, fyra spår' (Klostergården–Stångby) is in early consultation."},"geometry":{"type":"MultiPoint","coordinates":[[13.75377,56.1517],[13.19991,55.7506],[13.17271,55.69536]]}},{"type":"Feature","properties":{"id":"hogdalsdepan","name":"Högdalsdepån, utbyggnad","label_short":"Högdalsdepån","type":"metro","status":"construction","open_year":2026,"open_window":null,"budget_msek":null,"price_base":null,"agency":"Region Stockholm","kommuner":["0180"],"kommun_names":["Stockholm"],"stations":[],"stations_located":[],"geometry_source":"none — not drawn","source_url":"https://nyatunnelbanan.se/depa","source_doc":null,"notes":"Depot expansion plus a 2.5 km new tunnel to the Farsta branch; enabling works for the metro extensions rather than a passenger line."},"geometry":null},{"type":"Feature","properties":{"id":"karlstad-c-ombyggnad","name":"Laxå–Arvika, Karlstad C","label_short":"Karlstad C","type":"rail","status":"opened","open_year":2026,"open_window":null,"budget_msek":null,"price_base":null,"agency":"Trafikverket","kommuner":["1780"],"kommun_names":["Karlstad"],"stations":["Karlstad C"],"stations_located":[{"name":"Karlstad C","lat":59.38335,"lon":13.51271,"osm_tag":"highway=bus_stop"}],"geometry_source":"osm:station points matched by name in the project's kommuner","source_url":"https://www.trafikverket.se/vara-projekt/projekt-i-varmlands-lan/karlstad-c2/","source_doc":null,"notes":"New tracks, an island platform, the Trädgårdslänken footbridge and the Vikenpassagen tunnel. Byggstart February 2023, Vikenpassagen inaugurated 4 May 2026; Trafikverket's part is finished."},"geometry":{"type":"Point","coordinates":[13.51271,59.38335]}},{"type":"Feature","properties":{"id":"kiruna-ny-jarnvagsstation","name":"Kiruna, ny järnvägsstation","label_short":"Kiruna station","type":"rail","status":"study","open_year":null,"open_window":null,"budget_msek":1405.0,"price_base":"2025-02","agency":"Trafikverket","kommuner":["2584"],"kommun_names":["Kiruna"],"stations":["Kiruna"],"stations_located":[{"name":"Kiruna","lat":67.86772,"lon":20.19999,"osm_tag":"public_transport=station"}],"geometry_source":"osm:station points matched by name in the project's kommuner","source_url":"https://www.trafikverket.se/vara-projekt/projekt-i-norrbottens-lan/kiruna-ny-jarnvagsstation/","source_doc":"https://bransch.trafikverket.se/contentassets/2fca968f05c545d59749ce9d442e117a/bilaga1_nationell_plan_for_transportinfrastrukturen_2026-2037-webb.xlsx","notes":"Railway plan submitted for approval; byggstart 'ej bestämd'. Moves the temporary station to the new centre. Plan footnote (3): the object gets 0 kr from the planning frame and presupposes full funding from other parties."},"geometry":{"type":"Point","coordinates":[20.19999,67.86772]}},{"type":"Feature","properties":{"id":"lommabanan-etapp-2","name":"Malmöpendeln Lommabanan, etapp 2","label_short":"Lommabanan et. 2","type":"rail","status":"decided","open_year":2027,"open_window":null,"budget_msek":378.0,"price_base":"2025-02","agency":"Trafikverket","kommuner":["1261","1262","1231"],"kommun_names":["Kävlinge","Lomma","Burlöv"],"stations":["Alnarp","Flädie"],"stations_located":[{"name":"Alnarp","lat":55.6591,"lon":13.08803,"osm_tag":"highway=bus_stop"},{"name":"Flädie","lat":55.71981,"lon":13.07593,"osm_tag":"highway=bus_stop"}],"geometry_source":"osm:station points matched by name in the project's kommuner","source_url":"https://www.trafikverket.se/vara-projekt/projekt-i-skane-lan/Lommabanan/","source_doc":"https://bransch.trafikverket.se/contentassets/2fca968f05c545d59749ce9d442e117a/bilaga1_nationell_plan_for_transportinfrastrukturen_2026-2037-webb.xlsx","notes":"Railway plan established, contractor procurement under way; full line closure summer 2027 and opening December 2027. Etapp 1 (stations Lomma and Furulund) opened December 2020."},"geometry":{"type":"MultiPoint","coordinates":[[13.08803,55.6591],[13.07593,55.71981]]}},{"type":"Feature","properties":{"id":"malmo-c-fler-plattformsspar","name":"Malmö C, fler plattformsspår","label_short":"Malmö C plattformar","type":"rail","status":"decided","open_year":2029,"open_window":null,"budget_msek":201.0,"price_base":"2025-02","agency":"Trafikverket","kommuner":["1280"],"kommun_names":["Malmö"],"stations":["Malmö C"],"stations_located":[{"name":"Malmö C","lat":55.60914,"lon":13.00066,"osm_tag":"public_transport=station"}],"geometry_source":"osm:station points matched by name in the project's kommuner","source_url":"https://www.regeringen.se/pressmeddelanden/2026/04/regeringen-ger-gront-ljus-till-flera-storre-infrastrukturprojekt/","source_doc":"https://bransch.trafikverket.se/contentassets/2fca968f05c545d59749ce9d442e117a/bilaga1_nationell_plan_for_transportinfrastrukturen_2026-2037-webb.xlsx","notes":"Byggstart decision 24 April 2026. Two new platform tracks ahead of the Fehmarn Belt opening; byggstart brought forward to 2027 with completion 2029 per secondary reporting — the government release itself gives no years, so the 2029 is medium confidence."},"geometry":{"type":"Point","coordinates":[13.00066,55.60914]}},{"type":"Feature","properties":{"id":"norrbotniabanan-dava-skelleftea","name":"Norrbotniabanan, Dåva–Skellefteå","label_short":"Nbb Dåva–Skellefteå","type":"rail","status":"construction","open_year":2036,"open_window":null,"budget_msek":21008.0,"price_base":"2025-02","agency":"Trafikverket","kommuner":["2480","2409","2482"],"kommun_names":["Umeå","Robertsfors","Skellefteå"],"stations":["Sävar","Robertsfors","Bureå","Skellefteå"],"stations_located":[{"name":"Sävar","lat":63.89889,"lon":20.55037,"osm_tag":"highway=bus_stop"},{"name":"Robertsfors","lat":64.19233,"lon":20.84717,"osm_tag":"highway=bus_stop"},{"name":"Bureå","lat":64.03342,"lon":20.48264,"osm_tag":"highway=bus_stop"},{"name":"Skellefteå","lat":64.03342,"lon":20.48264,"osm_tag":"highway=bus_stop"}],"geometry_source":"osm:railway alignment, 108 way(s) matched by name","source_url":"https://www.trafikverket.se/vara-projekt/projekt-som-stracker-sig-over-flera-lan/norrbotniabanan/","source_doc":"https://bransch.trafikverket.se/contentassets/2fca968f05c545d59749ce9d442e117a/bilaga1_nationell_plan_for_transportinfrastrukturen_2026-2037-webb.xlsx","notes":"Opening 2036 per the project page. The station list is Trafikverket's for the whole line, split between the stretches by geography — see caveat 3 below."},"geometry":{"type":"MultiLineString","coordinates":[[[20.3969,63.86551],[20.39897,63.86546],[20.40101,63.86543],[20.40303,63.86543],[20.40509,63.86546],[20.40711,63.86551],[20.40915,63.86558],[20.41117,63.86566],[20.41523,63.86583],[20.41725,63.86592],[20.41928,63.86605],[20.42129,63.8662],[20.42328,63.86638],[20.42528,63.86659],[20.42725,63.86682],[20.42919,63.86707],[20.43114,63.86735],[20.43305,63.86765],[20.43497,63.86794],[20.43687,63.86825],[20.43875,63.86855],[20.44064,63.86888],[20.44108,63.86896]],[[20.22299,63.86491],[20.22345,63.86535],[20.22402,63.86588],[20.22461,63.86641],[20.22495,63.8667],[20.22532,63.867],[20.22571,63.86728],[20.22612,63.86755],[20.22668,63.8679],[20.22728,63.86824],[20.22793,63.86858],[20.2286,63.8689],[20.22933,63.86921],[20.23009,63.86951],[20.23069,63.86973],[20.23129,63.86993],[20.23188,63.87012],[20.23249,63.8703],[20.23352,63.87058],[20.23446,63.8708],[20.23509,63.87094],[20.23574,63.87107],[20.23707,63.8713],[20.23862,63.87152],[20.23942,63.87161],[20.24021,63.87169],[20.24088,63.87175],[20.24157,63.87179],[20.24221,63.87183],[20.24293,63.87186],[20.24359,63.87188],[20.24425,63.87189],[20.24498,63.87189],[20.24571,63.87189],[20.24966,63.87184],[20.25439,63.87177],[20.25934,63.87168],[20.26458,63.87159]],[[20.26458,63.87159],[20.27276,63.87145],[20.28192,63.87132],[20.29108,63.87119],[20.29717,63.87113],[20.29785,63.87113]],[[20.29785,63.87113],[20.30286,63.87118],[20.30435,63.87121],[20.30934,63.87129],[20.31328,63.87135],[20.31733,63.87142]],[[20.31733,63.87142],[20.31835,63.87144]],[[20.31835,63.87144],[20.32106,63.87149],[20.32758,63.8716],[20.32963,63.87164],[20.33028,63.87165]],[[20.33028,63.87165],[20.33167,63.87167]],[[20.33167,63.87167],[20.33489,63.87172],[20.33649,63.87173],[20.33808,63.87173],[20.33953,63.87171],[20.34099,63.87168],[20.34245,63.87163],[20.34388,63.87157],[20.34589,63.87146],[20.34791,63.87133],[20.34991,63.87116],[20.35193,63.87097],[20.35391,63.87076],[20.35587,63.87052],[20.35977,63.86997],[20.36228,63.86961]],[[20.36228,63.86961],[20.36334,63.86945]],[[20.36334,63.86945],[20.36498,63.86922],[20.36946,63.86858],[20.37235,63.86816]],[[20.37235,63.86816],[20.37339,63.868],[20.37402,63.86792]],[[20.37402,63.86792],[20.37911,63.86719],[20.38104,63.86691],[20.38298,63.86665],[20.38492,63.86641],[20.38691,63.86619],[20.38888,63.866],[20.39088,63.86583],[20.39288,63.8657],[20.39534,63.86558]],[[20.39534,63.86558],[20.3969,63.86551]],[[21.03701,64.73166],[21.03717,64.73202],[21.03729,64.73236],[21.03741,64.73293]],[[21.03571,64.73645],[21.03549,64.73664],[21.0354,64.7367],[21.03496,64.73704],[21.03429,64.73747],[21.03403,64.73761],[21.03338,64.73796],[21.03296,64.73816],[21.03201,64.73857],[21.03145,64.73879],[21.03025,64.73925],[21.02569,64.74095],[21.02354,64.74175],[21.01919,64.74335],[21.0172,64.74408],[21.01595,64.74454],[21.01497,64.7449],[21.01386,64.74528],[21.01228,64.74577],[21.01051,64.74627],[21.00933,64.7466],[21.00876,64.74676],[21.00772,64.74706],[21.007,64.74726],[21.00526,64.74775],[21.00472,64.7479],[21.00382,64.74814],[21.00348,64.74823],[21.00285,64.74837],[21.00203,64.74854],[21.00157,64.74862],[21.00062,64.74877],[20.99975,64.74888],[20.99887,64.74896],[20.99751,64.74908],[20.99646,64.74916],[20.99544,64.74924],[20.99337,64.74941],[20.99211,64.74952],[20.99132,64.74962],[20.99049,64.74974],[20.98934,64.74994],[20.98748,64.75034],[20.98563,64.75075],[20.98472,64.75095],[20.98374,64.75115],[20.98276,64.75132],[20.98196,64.75144],[20.98159,64.75148],[20.98052,64.7516],[20.97974,64.75166],[20.97869,64.75172],[20.97767,64.75178],[20.9762,64.75187],[20.97385,64.752],[20.97182,64.75213],[20.97099,64.75218]],[[21.03661,64.7309],[21.03701,64.73166]],[[21.03741,64.73293],[21.03743,64.73335],[21.0374,64.7337],[21.03731,64.73414],[21.03719,64.7345],[21.037,64.7349],[21.03677,64.73529],[21.03647,64.73568],[21.03571,64.73645]],[[21.03101,64.72027],[21.03113,64.72051]],[[21.03113,64.72051],[21.03136,64.72095],[21.03183,64.72182],[21.03228,64.7227],[21.03275,64.72358],[21.03321,64.72445],[21.03365,64.72531],[21.03417,64.72625],[21.03508,64.728],[21.03553,64.72886],[21.036,64.72973],[21.03646,64.73061],[21.03661,64.7309]],[[21.02753,64.71359],[21.0277,64.71393],[21.02816,64.71481],[21.02844,64.71535]],[[21.0299,64.71815],[21.03043,64.71919],[21.03101,64.72027]],[[21.02725,64.71304],[21.02753,64.71359]],[[21.02844,64.71535],[21.02863,64.71569],[21.02908,64.71656],[21.02954,64.71744],[21.0299,64.71815]],[[21.02276,64.70387],[21.02281,64.70412]],[[21.02281,64.70412],[21.02286,64.7043],[21.02314,64.70518],[21.02355,64.70606],[21.02401,64.70693],[21.02447,64.70781],[21.02493,64.70868],[21.0254,64.70956],[21.02586,64.71043],[21.02631,64.7113],[21.02679,64.71217],[21.02725,64.71304]],[[21.03455,64.69142],[21.03299,64.69203],[21.03156,64.69267],[21.0302,64.69336],[21.02896,64.69407],[21.02783,64.69483],[21.02679,64.69561]],[[21.02679,64.69561],[21.02584,64.69641],[21.02502,64.69724],[21.02432,64.69809],[21.02374,64.69895],[21.02327,64.69983],[21.02294,64.70072],[21.02274,64.70161],[21.02266,64.70251],[21.02269,64.7034],[21.02276,64.70387]],[[21.06414,64.68305],[21.06316,64.68341]],[[21.06316,64.68341],[21.06252,64.68363],[21.06089,64.6842],[21.05921,64.68475],[21.05752,64.68526],[21.05579,64.68576],[21.05403,64.68623],[21.05044,64.68714],[21.04863,64.68758],[21.04683,64.68803],[21.04501,64.68847],[21.04323,64.68893],[21.04141,64.68938],[21.03961,64.68983],[21.03785,64.69031],[21.03616,64.69084],[21.03455,64.69142]],[[21.10328,64.66277],[21.1028,64.663]],[[21.1028,64.663],[21.10142,64.66366],[21.10005,64.66436],[21.09872,64.66505],[21.09742,64.66577],[21.09727,64.66585],[21.0948,64.66718],[21.09219,64.66858],[21.0909,64.66929],[21.08959,64.66999],[21.08826,64.67071],[21.08569,64.6721],[21.0844,64.6728],[21.08312,64.6735],[21.08228,64.67396],[21.08182,64.67421],[21.08054,64.67491],[21.07926,64.67561],[21.07797,64.67631],[21.0767,64.67701],[21.0754,64.67771],[21.07411,64.67841],[21.07279,64.67911],[21.07145,64.67981],[21.07008,64.68049],[21.06866,64.68116],[21.06721,64.68181],[21.0657,64.68244],[21.06414,64.68305]],[[21.11593,64.65727],[21.1153,64.65755]],[[21.1153,64.65755],[21.1145,64.6579],[21.11305,64.65854],[21.11106,64.6594]],[[21.11106,64.6594],[21.11054,64.65963]],[[21.11054,64.65963],[21.11011,64.65981],[21.10862,64.66044],[21.10716,64.66107],[21.10424,64.66234],[21.10328,64.66277]],[[21.139,64.64654],[21.13845,64.6468]],[[21.13845,64.6468],[21.13716,64.6474],[21.13574,64.64807],[21.13435,64.64874],[21.13294,64.64941],[21.13154,64.65008],[21.13013,64.65075],[21.12873,64.65142],[21.12734,64.65208],[21.12595,64.65274],[21.12455,64.6534],[21.12171,64.6547],[21.12027,64.65534],[21.11882,64.65598],[21.11738,64.65662],[21.11593,64.65727]],[[21.17789,64.61709],[21.17732,64.61795],[21.17675,64.61882],[21.17648,64.61925]],[[21.18132,64.61174],[21.18067,64.61276],[21.18012,64.61362],[21.17976,64.61416],[21.17955,64.61449],[21.179,64.61535],[21.17844,64.61622],[21.17789,64.61709]],[[21.18151,64.61145],[21.18132,64.61174]],[[21.17648,64.61925],[21.17621,64.61967],[21.17565,64.62055],[21.17508,64.62141],[21.17455,64.62228],[21.17397,64.62315],[21.17342,64.62401],[21.17286,64.62487],[21.17231,64.62573],[21.17189,64.6264],[21.17176,64.62661],[21.17121,64.62747],[21.17063,64.62832],[21.17001,64.62918],[21.16932,64.63002],[21.16858,64.63087],[21.16777,64.63169],[21.16691,64.63251],[21.166,64.63332],[21.16502,64.63411],[21.16398,64.6349],[21.1629,64.63566],[21.16175,64.63641],[21.16056,64.63715],[21.15932,64.63787],[21.15801,64.63857],[21.15667,64.63926],[21.15527,64.63993],[21.15382,64.64058],[21.15235,64.64121],[21.15082,64.64182],[21.14926,64.64243],[21.14771,64.64303],[21.14615,64.64363],[21.14461,64.64423],[21.14304,64.64483],[21.14153,64.64545],[21.14004,64.64609],[21.139,64.64654]],[[21.18769,64.59995],[21.18763,64.60023]],[[21.18763,64.60023],[21.18755,64.60055],[21.18729,64.60145],[21.18698,64.60233],[21.18659,64.60322],[21.18614,64.60409],[21.18565,64.60497],[21.1851,64.60585],[21.18456,64.60671],[21.184,64.60757],[21.18345,64.60844],[21.18289,64.6093],[21.18234,64.61017],[21.18179,64.61103],[21.18151,64.61145]],[[21.18747,64.58514],[21.18749,64.58544]],[[21.18749,64.58544],[21.18753,64.58621],[21.18795,64.59606],[21.18797,64.59696],[21.18796,64.59787],[21.18788,64.59876],[21.18776,64.59966],[21.18769,64.59995]],[[21.18267,64.56452],[21.18287,64.56483]],[[21.18287,64.56483],[21.18338,64.56569],[21.18391,64.56654],[21.18442,64.56739],[21.18492,64.56824],[21.18539,64.56912],[21.18579,64.56999],[21.18611,64.57087],[21.18639,64.57175],[21.18661,64.57264],[21.18674,64.57353],[21.18683,64.57442],[21.1869,64.57531],[21.18693,64.5762],[21.18698,64.5771],[21.18703,64.57801],[21.18709,64.57891],[21.18715,64.57983],[21.1872,64.58074],[21.18726,64.58165],[21.18732,64.58257],[21.18736,64.58348],[21.18744,64.58439],[21.18747,64.58514]],[[21.17657,64.50286],[21.17664,64.50322]],[[21.17664,64.50322],[21.17679,64.50393],[21.17705,64.50482],[21.17736,64.50571],[21.17774,64.5066],[21.17817,64.50748],[21.17868,64.50834],[21.17925,64.5092],[21.17988,64.51006],[21.18055,64.51091],[21.18122,64.51175],[21.1819,64.51261],[21.18255,64.51345],[21.18316,64.51432],[21.1837,64.51518],[21.18419,64.51604],[21.1846,64.51692],[21.18497,64.51781],[21.18525,64.51869],[21.18548,64.51958],[21.18565,64.52047],[21.18577,64.52137],[21.1858,64.52226],[21.18578,64.52316],[21.1857,64.52405],[21.18553,64.52496],[21.18532,64.52585],[21.18504,64.52674],[21.18473,64.52763],[21.18439,64.52852],[21.18405,64.52941],[21.18372,64.5303],[21.18339,64.53119],[21.18305,64.53208],[21.18273,64.53296],[21.18241,64.53385],[21.18206,64.53473],[21.18174,64.53561],[21.18142,64.53649],[21.1811,64.53737],[21.18077,64.53826],[21.18043,64.53914],[21.18011,64.54003],[21.17979,64.54092],[21.17945,64.5418],[21.17912,64.54269],[21.17883,64.54358],[21.17857,64.54447],[21.17836,64.54536],[21.17822,64.54626],[21.17813,64.54716],[21.17808,64.54806],[21.17807,64.54895],[21.17809,64.54986],[21.17811,64.55075],[21.17813,64.55166],[21.17815,64.55256],[21.17818,64.55345],[21.17823,64.55436],[21.17835,64.55526],[21.17852,64.55616],[21.17875,64.55705],[21.17906,64.55794],[21.17941,64.55882],[21.17984,64.5597],[21.1803,64.56057],[21.1808,64.56142],[21.18132,64.56227],[21.18183,64.56312],[21.18235,64.56397],[21.18267,64.56452]],[[21.16959,64.48451],[21.17003,64.48506]],[[21.17003,64.48506],[21.17028,64.48536],[21.17094,64.4862],[21.17159,64.48705],[21.17217,64.48791],[21.17324,64.48961],[21.17369,64.49049],[21.17412,64.49138],[21.17446,64.49226],[21.17477,64.49316],[21.17502,64.49406],[21.17522,64.49495],[21.17541,64.49585],[21.17558,64.49675],[21.17597,64.49945],[21.17613,64.50035],[21.17629,64.50124],[21.17657,64.50286]],[[21.14163,64.45235],[21.14222,64.45302]],[[21.14222,64.45302],[21.14261,64.45349],[21.14335,64.45432],[21.14408,64.45517],[21.14481,64.45601],[21.14555,64.45686],[21.14627,64.4577],[21.14701,64.45855],[21.14772,64.45939],[21.14843,64.46023],[21.14919,64.46107],[21.14991,64.46191],[21.15063,64.46275],[21.15206,64.46445],[21.1528,64.46529],[21.15353,64.46613],[21.15427,64.46696],[21.15485,64.46761],[21.15501,64.46779],[21.15575,64.46863],[21.15648,64.46946],[21.15721,64.47029],[21.15794,64.47113],[21.15868,64.47196],[21.15941,64.4728],[21.16015,64.47364],[21.16088,64.47447],[21.1616,64.47531],[21.16234,64.47615],[21.16307,64.47698],[21.16381,64.47782],[21.16453,64.47866],[21.16526,64.47949],[21.16599,64.48033],[21.16672,64.48117],[21.16743,64.48201],[21.16815,64.48284],[21.16886,64.48368],[21.16959,64.48451]],[[21.123,64.41971],[21.12304,64.42004]],[[21.12304,64.42004],[21.12315,64.42066],[21.12345,64.42245],[21.12358,64.42335],[21.12371,64.42425],[21.12386,64.42514],[21.12399,64.42604],[21.12413,64.42694],[21.1243,64.42784],[21.12453,64.42873],[21.12475,64.42962],[21.12508,64.43054],[21.1254,64.43143],[21.12579,64.43231],[21.1262,64.43318],[21.12664,64.43406],[21.12715,64.43493],[21.12767,64.43579],[21.12826,64.43666],[21.12887,64.43751],[21.12953,64.43836],[21.13021,64.4392],[21.13093,64.44003],[21.13166,64.44087],[21.1324,64.44169],[21.13311,64.44254],[21.13383,64.44338],[21.13456,64.44421],[21.13528,64.44505],[21.13602,64.44588],[21.13675,64.44672],[21.13749,64.44757],[21.13821,64.44841],[21.13895,64.44926],[21.13969,64.4501],[21.14043,64.45095],[21.14115,64.4518],[21.14163,64.45235]],[[21.10921,64.37522],[21.1092,64.37547]],[[21.1092,64.37547],[21.10919,64.3756],[21.10914,64.37649],[21.1091,64.37738],[21.10911,64.37828],[21.10916,64.37916],[21.10929,64.38005],[21.10947,64.38094],[21.1097,64.38183],[21.10998,64.38271],[21.11034,64.38359],[21.11076,64.38446],[21.1117,64.38626],[21.11223,64.38711],[21.11278,64.38798],[21.11334,64.38883],[21.1139,64.38969],[21.11445,64.39056],[21.11502,64.39142],[21.11557,64.39228],[21.11614,64.39314],[21.1167,64.39401],[21.11723,64.39486],[21.11776,64.39572],[21.11824,64.39657],[21.11866,64.39744],[21.11903,64.3983],[21.11933,64.39918],[21.11956,64.40006],[21.11975,64.40093],[21.1199,64.40182],[21.12003,64.4027],[21.12019,64.40359],[21.12035,64.4045],[21.12043,64.40494],[21.12068,64.40631],[21.12083,64.40722],[21.121,64.40812],[21.12117,64.40903],[21.12133,64.40994],[21.12148,64.41084],[21.12165,64.41175],[21.12195,64.41353],[21.1221,64.41442],[21.12225,64.41532],[21.12239,64.41621],[21.12255,64.4171],[21.12271,64.41799],[21.12284,64.41889],[21.123,64.41971]],[[21.10641,64.35307],[21.10659,64.3534]],[[21.10659,64.3534],[21.10699,64.35411],[21.10746,64.35498],[21.10786,64.35586],[21.10826,64.35674],[21.10859,64.35762],[21.10889,64.35851],[21.10915,64.3594],[21.10935,64.3603],[21.10951,64.3612],[21.10963,64.3621],[21.1097,64.363],[21.10976,64.3639],[21.10976,64.3648],[21.10973,64.3657],[21.10968,64.3666],[21.10964,64.3675],[21.1096,64.36841],[21.10954,64.3693],[21.10949,64.3702],[21.10945,64.3711],[21.1094,64.372],[21.10935,64.3729],[21.1093,64.3738],[21.10924,64.3747],[21.10921,64.37522]],[[21.10291,64.34697],[21.10304,64.34723]],[[21.10304,64.34723],[21.10349,64.34803],[21.104,64.3489],[21.10447,64.34977],[21.10498,64.35063],[21.10549,64.3515],[21.106,64.35237],[21.10641,64.35307]],[[21.09697,64.33617],[21.09717,64.33655]],[[21.09717,64.33655],[21.09746,64.33714],[21.09791,64.33801],[21.0984,64.33889],[21.09888,64.33976],[21.09939,64.34063],[21.0999,64.3415],[21.10044,64.34237],[21.1014,64.34411],[21.10186,64.34499],[21.10291,64.34697]],[[21.08986,64.32131],[21.0901,64.32184]],[[21.0901,64.32184],[21.09027,64.32218],[21.09068,64.32306],[21.09092,64.32356],[21.09151,64.32482],[21.09192,64.3257],[21.09234,64.32658],[21.09276,64.32747],[21.09319,64.32834],[21.09361,64.32922],[21.09402,64.33011],[21.09445,64.33099],[21.09487,64.33187],[21.09529,64.33275],[21.0955,64.33319],[21.09572,64.33363],[21.09581,64.33385],[21.09587,64.33396],[21.09592,64.33407],[21.09615,64.33451],[21.09659,64.33538],[21.09697,64.33617]],[[21.09054,64.30018],[21.09056,64.30042]],[[21.09056,64.30042],[21.09062,64.30082],[21.0907,64.30173],[21.09071,64.30263],[21.09068,64.30353],[21.0906,64.30443],[21.09047,64.30532],[21.09028,64.30622],[21.09005,64.30712],[21.08979,64.30801],[21.0895,64.30889],[21.08923,64.30977],[21.08896,64.31065],[21.08873,64.31153],[21.08855,64.31242],[21.08841,64.31331],[21.08834,64.3142],[21.08832,64.31509],[21.08837,64.31597],[21.08846,64.31686],[21.08863,64.31776],[21.08886,64.31865],[21.08913,64.31954],[21.08946,64.32042],[21.08986,64.32131]],[[21.08312,64.28446],[21.08332,64.28469]],[[21.08332,64.28469],[21.08361,64.285],[21.08434,64.28584],[21.08501,64.28669],[21.08565,64.28755],[21.08622,64.2884],[21.08675,64.28927],[21.08722,64.29015],[21.08763,64.29103],[21.088,64.29191],[21.08833,64.2928],[21.08864,64.29369],[21.08893,64.29458],[21.08924,64.29547],[21.08954,64.29636],[21.08984,64.29725],[21.0901,64.29814],[21.09031,64.29903],[21.0905,64.29993],[21.09054,64.30018]],[[21.08048,64.28193],[21.08081,64.28222]],[[21.08081,64.28222],[21.08117,64.28253],[21.08203,64.28335],[21.08284,64.28417],[21.08312,64.28446]],[[21.06009,64.26876],[21.06123,64.26946],[21.06186,64.26984],[21.06251,64.27023],[21.06308,64.27058]],[[21.06308,64.27058],[21.06428,64.27131],[21.06548,64.27204],[21.06668,64.27277],[21.06788,64.27351],[21.06908,64.27423],[21.0703,64.27496],[21.0715,64.27569],[21.0727,64.27641],[21.07389,64.27714],[21.07505,64.27788],[21.07619,64.27863],[21.07725,64.27939],[21.07831,64.28016],[21.0793,64.28094],[21.08026,64.28174],[21.08048,64.28193]],[[21.01646,64.24461],[21.01685,64.24477]],[[21.01685,64.24477],[21.01796,64.24523],[21.01944,64.24584],[21.02092,64.24645],[21.02242,64.24707],[21.02389,64.24769],[21.02539,64.24831],[21.02645,64.24875],[21.02686,64.24893],[21.02837,64.24955],[21.02986,64.25016],[21.03132,64.25078],[21.03283,64.25141],[21.03433,64.25203],[21.0358,64.25264],[21.03725,64.25328],[21.03866,64.25394],[21.04004,64.25461],[21.04136,64.2553],[21.04261,64.25599],[21.04384,64.25671],[21.04505,64.25745],[21.04619,64.2582],[21.04726,64.25895],[21.04831,64.25974],[21.04933,64.26053],[21.05029,64.26132],[21.05124,64.26212],[21.05219,64.26292],[21.05314,64.26372],[21.0541,64.26452],[21.05509,64.26531],[21.05613,64.26609],[21.0572,64.26687],[21.05831,64.26763],[21.05946,64.26837],[21.06009,64.26876]],[[20.97475,64.22762],[20.97537,64.22786]],[[20.97537,64.22786],[20.97589,64.22806],[20.97743,64.22866],[20.97898,64.22925],[20.98052,64.22986],[20.98205,64.23046],[20.98356,64.23107],[20.98509,64.23168],[20.9866,64.23229],[20.9881,64.23291],[20.98961,64.23353],[20.99111,64.23414],[20.99259,64.23475],[20.9941,64.23538],[20.9956,64.236],[20.9971,64.23661],[20.99859,64.23723],[21.00009,64.23784],[21.00158,64.23846],[21.00307,64.23907],[21.00459,64.23969],[21.00607,64.24031],[21.00755,64.24092],[21.00904,64.24154],[21.01052,64.24215],[21.01202,64.24276],[21.01349,64.24338],[21.01497,64.24399],[21.01646,64.24461]],[[20.96342,64.22325],[20.9651,64.22389],[20.96665,64.22449],[20.96818,64.22508],[20.96972,64.22568],[20.97127,64.22628],[20.97281,64.22687],[20.97435,64.22746],[20.97475,64.22762]],[[20.9625,64.22289],[20.96342,64.22325]],[[20.92815,64.20961],[20.92892,64.20991]],[[20.92892,64.20991],[20.92972,64.21021],[20.93126,64.2108],[20.93279,64.2114],[20.93434,64.21199],[20.93589,64.21259],[20.93743,64.21318],[20.93898,64.21378],[20.94051,64.21437],[20.94206,64.21497],[20.9436,64.21556],[20.94514,64.21616],[20.94667,64.21675],[20.9482,64.21735],[20.94974,64.21794],[20.95127,64.21854],[20.9528,64.21913],[20.95433,64.21973],[20.95586,64.22032],[20.9574,64.22092],[20.95894,64.22152],[20.96048,64.2221],[20.9625,64.22289]],[[20.85245,64.18023],[20.85433,64.18099],[20.85585,64.18159],[20.85741,64.1822],[20.85894,64.1828],[20.86047,64.1834],[20.86201,64.184],[20.86355,64.1846],[20.86458,64.18501],[20.86508,64.1852],[20.86601,64.18557]],[[20.86601,64.18557],[20.86637,64.18571],[20.86969,64.18699],[20.87124,64.18759],[20.87275,64.18818],[20.87429,64.18878],[20.87583,64.18937],[20.87737,64.18997],[20.87887,64.19056],[20.88042,64.19116],[20.88195,64.19175],[20.88348,64.19235],[20.885,64.19295],[20.88654,64.19354],[20.88808,64.19414],[20.88961,64.19474],[20.89114,64.19533],[20.89268,64.19593],[20.89421,64.19653],[20.89574,64.19713],[20.89728,64.19773],[20.89758,64.19784],[20.89882,64.19832],[20.90038,64.19891],[20.90193,64.1995],[20.90348,64.2001],[20.90503,64.20069],[20.90659,64.20128],[20.90813,64.20187],[20.90969,64.20247],[20.9128,64.20365],[20.91434,64.20425],[20.9155,64.2047],[20.91586,64.20484],[20.91739,64.20544],[20.91894,64.20604],[20.92047,64.20663],[20.92201,64.20723],[20.92355,64.20782],[20.92508,64.20842],[20.92663,64.20902],[20.92815,64.20961]],[[20.82435,64.16109],[20.82481,64.16147]],[[20.82481,64.16147],[20.82507,64.16166],[20.82606,64.16245],[20.82706,64.16323],[20.82804,64.16401],[20.82903,64.16479],[20.83002,64.16558],[20.83099,64.16637],[20.83197,64.16715],[20.83294,64.16793],[20.83392,64.16872],[20.83491,64.1695],[20.83588,64.17029],[20.83686,64.17107],[20.83782,64.17185],[20.83881,64.17263],[20.83986,64.17341],[20.84095,64.17417],[20.84208,64.17492],[20.84328,64.17566],[20.84451,64.17638],[20.84578,64.17709],[20.84709,64.17778],[20.84847,64.17845],[20.84987,64.17911],[20.85129,64.17974],[20.85245,64.18023]],[[20.8136,64.14603],[20.81374,64.14659]],[[20.81374,64.14659],[20.81396,64.14728]],[[20.81396,64.14728],[20.81411,64.14778]],[[20.81411,64.14778],[20.81426,64.14818],[20.81459,64.14906],[20.81498,64.14995],[20.81541,64.15083],[20.81588,64.1517],[20.8164,64.15257],[20.81697,64.15344],[20.81758,64.1543],[20.81823,64.15515],[20.81894,64.156],[20.81969,64.15684],[20.82049,64.15766],[20.82132,64.15848],[20.8222,64.15928],[20.82312,64.16008],[20.82407,64.16088],[20.82435,64.16109]],[[20.82107,64.11949],[20.82093,64.11985]],[[20.82093,64.11985],[20.82069,64.12041],[20.82019,64.12157],[20.81979,64.12246],[20.8194,64.12335],[20.81902,64.12425],[20.81864,64.12514],[20.81825,64.12603],[20.81785,64.12692],[20.81747,64.12781],[20.81707,64.1287],[20.8167,64.12959],[20.81632,64.13047],[20.81593,64.13135],[20.81555,64.13222],[20.81517,64.13309],[20.81478,64.13396],[20.81441,64.13484],[20.81407,64.13572],[20.81376,64.1366],[20.81351,64.13748],[20.81331,64.13836],[20.81316,64.13925],[20.81307,64.14014],[20.81303,64.14104],[20.81302,64.14194],[20.81307,64.14283],[20.81315,64.14372],[20.81329,64.14461],[20.81346,64.1455],[20.8136,64.14603]],[[20.836,64.09],[20.83571,64.09039]],[[20.83571,64.09039],[20.8353,64.09094],[20.83463,64.09178],[20.83397,64.09263],[20.83331,64.09348],[20.83266,64.09432],[20.83203,64.09518],[20.83145,64.09605],[20.83095,64.09691],[20.83047,64.09779],[20.83005,64.09867],[20.82966,64.09956],[20.82927,64.10044],[20.82888,64.10132],[20.82851,64.10221],[20.82813,64.10309],[20.82773,64.10397],[20.82736,64.10484],[20.82698,64.10573],[20.82662,64.10659],[20.82622,64.10748],[20.82584,64.10836],[20.82546,64.10922],[20.82508,64.11011],[20.82471,64.11099],[20.82432,64.11186],[20.82395,64.11275],[20.82358,64.11363],[20.8232,64.11452],[20.82282,64.1154],[20.82245,64.11628],[20.82207,64.11717],[20.82169,64.11804],[20.82132,64.11893],[20.82107,64.11949]],[[20.83952,64.0776],[20.83958,64.07804]],[[20.83958,64.07804],[20.83963,64.07853],[20.83969,64.07944],[20.8397,64.08035],[20.83963,64.08124],[20.83951,64.08215],[20.83934,64.08305],[20.8391,64.08396],[20.83881,64.08485],[20.83844,64.08576],[20.83803,64.08663],[20.83758,64.08751],[20.83709,64.08838],[20.83654,64.08923],[20.836,64.09]],[[20.82942,64.06349],[20.83009,64.06404],[20.83105,64.06483],[20.83197,64.06562],[20.83286,64.06642],[20.8337,64.06724],[20.83449,64.06806],[20.83523,64.0689],[20.8359,64.06974],[20.83653,64.07059],[20.83711,64.07146],[20.83762,64.07232],[20.83808,64.0732],[20.83848,64.07408],[20.83884,64.07496],[20.83913,64.07584],[20.83936,64.07673],[20.83952,64.0776]],[[20.82881,64.06297],[20.82913,64.06325],[20.82942,64.06349]],[[20.7942,64.03227],[20.79506,64.03317]],[[20.79506,64.03317],[20.79623,64.03438],[20.79703,64.0352],[20.79783,64.03603],[20.79864,64.03687],[20.79944,64.03769],[20.80023,64.03851],[20.80102,64.03934],[20.80183,64.04016],[20.80265,64.04098],[20.80349,64.04179],[20.80437,64.04261],[20.80527,64.04341],[20.8062,64.0442],[20.80716,64.04501],[20.80809,64.0458],[20.80904,64.04659],[20.81,64.04738],[20.81096,64.04818],[20.81191,64.04897],[20.81287,64.04976],[20.81381,64.05056],[20.81476,64.05135],[20.81572,64.05214],[20.81668,64.05294],[20.8176,64.05369],[20.81861,64.05453],[20.81956,64.05533],[20.82052,64.05612],[20.82147,64.05691],[20.82243,64.05771],[20.8234,64.0585],[20.82435,64.05929],[20.82531,64.06008],[20.82626,64.06088],[20.82722,64.06167],[20.82829,64.06255],[20.82881,64.06297]],[[20.76784,64.00983],[20.76889,64.0104],[20.77016,64.01109],[20.77142,64.01179],[20.77269,64.01251],[20.77391,64.01324],[20.77509,64.01398],[20.7762,64.01474],[20.77728,64.01551],[20.77831,64.01629],[20.77928,64.01709],[20.78021,64.0179],[20.78108,64.01872],[20.78192,64.01955],[20.78274,64.02038],[20.78352,64.0212],[20.78431,64.02202],[20.7851,64.02285],[20.7859,64.02366],[20.78669,64.02449],[20.78747,64.0253],[20.78826,64.02613],[20.78905,64.02694],[20.78984,64.02777],[20.79064,64.02859],[20.79143,64.02941],[20.79223,64.03025],[20.79303,64.03107],[20.79383,64.0319],[20.7942,64.03227]],[[20.76661,64.00917],[20.76784,64.00983]],[[20.5551,63.89737],[20.55632,63.89752],[20.55706,63.89761],[20.55897,63.89791],[20.56085,63.89825],[20.56267,63.89864],[20.56446,63.89908],[20.56618,63.89957],[20.56781,63.90009],[20.5694,63.90066],[20.57093,63.90125],[20.57244,63.90186],[20.57387,63.90249],[20.57527,63.90314],[20.57665,63.90381],[20.57795,63.9045],[20.57922,63.90521],[20.58043,63.90594],[20.58163,63.90668],[20.58278,63.90742],[20.58395,63.90817],[20.58628,63.90966],[20.58744,63.9104],[20.5886,63.91115],[20.58977,63.91188],[20.59092,63.91261],[20.59207,63.91335],[20.59324,63.91408],[20.59439,63.91482],[20.59555,63.91556],[20.59671,63.91629],[20.59787,63.91703],[20.5993,63.91793],[20.59949,63.91805],[20.60019,63.9185],[20.60133,63.91923],[20.6025,63.91997],[20.60367,63.92071],[20.60483,63.92144],[20.60599,63.92218],[20.60719,63.92291],[20.60839,63.92363],[20.60966,63.92433],[20.61098,63.92502],[20.61236,63.92569],[20.61376,63.92634],[20.61674,63.92758],[20.6183,63.92817],[20.6199,63.92874],[20.6232,63.92982],[20.6249,63.93032],[20.62662,63.93081],[20.62835,63.9313],[20.63009,63.9318],[20.63177,63.93231],[20.6334,63.93282],[20.63496,63.93335],[20.6365,63.93391],[20.63799,63.93448],[20.63946,63.93508],[20.64088,63.9357],[20.64224,63.93632],[20.64358,63.93698],[20.64486,63.93765],[20.64609,63.93833],[20.64733,63.93906],[20.64852,63.93981],[20.64966,63.94058],[20.65075,63.94136],[20.6518,63.94214],[20.65282,63.94294],[20.65384,63.94374],[20.65488,63.94453],[20.65589,63.94533],[20.65691,63.94612],[20.65793,63.94692],[20.65892,63.94769],[20.65991,63.94847],[20.6609,63.94925],[20.6619,63.95003],[20.6629,63.9508],[20.66389,63.95158],[20.66488,63.95235],[20.66587,63.95312],[20.66688,63.95391],[20.66785,63.95467],[20.66885,63.95546],[20.66984,63.95625],[20.67087,63.95703],[20.67192,63.95781],[20.67305,63.95856],[20.67423,63.95931],[20.67542,63.96004],[20.67668,63.96075],[20.67797,63.96146],[20.67927,63.96216],[20.68056,63.96286],[20.68184,63.96355],[20.68314,63.96424],[20.68443,63.96492],[20.68571,63.96561],[20.687,63.9663],[20.68829,63.96699],[20.68957,63.96767],[20.69087,63.96836],[20.69214,63.96905],[20.69343,63.96974],[20.69408,63.97009],[20.69535,63.97079],[20.69664,63.9715],[20.69793,63.97219],[20.69923,63.9729],[20.70052,63.9736],[20.7018,63.97429],[20.70309,63.97499],[20.70438,63.97569],[20.70567,63.97639],[20.70696,63.97709],[20.70824,63.9778],[20.70953,63.97849],[20.71082,63.97918],[20.71211,63.97986],[20.71341,63.98055],[20.7147,63.98124],[20.71555,63.98169],[20.716,63.98193],[20.71729,63.98262],[20.71858,63.98331],[20.71988,63.984],[20.72118,63.98469],[20.72247,63.98538],[20.72377,63.98607],[20.72504,63.98676],[20.72636,63.98745],[20.72764,63.98814],[20.72893,63.98883],[20.73022,63.98952],[20.73152,63.99021],[20.73281,63.9909],[20.73409,63.99159],[20.7354,63.99229],[20.73669,63.99298],[20.73798,63.99368],[20.73929,63.99438],[20.74057,63.99507],[20.74187,63.99577],[20.74317,63.99646],[20.74447,63.99716],[20.74575,63.99785],[20.74706,63.99854],[20.74836,63.99925],[20.74962,63.99995],[20.75089,64.00065],[20.75219,64.00135],[20.75346,64.00205],[20.75473,64.00275],[20.75602,64.00345],[20.75732,64.00415],[20.75859,64.00485],[20.75987,64.00554],[20.76115,64.00624],[20.76245,64.00693],[20.76374,64.00763],[20.76502,64.00832],[20.76661,64.00917]],[[20.55272,63.89713],[20.55378,63.89723],[20.5551,63.89737]],[[20.44108,63.86896],[20.44282,63.86929]],[[20.44282,63.86929],[20.44429,63.86959],[20.44611,63.86999],[20.44793,63.87042],[20.44968,63.87087],[20.45141,63.87134],[20.4531,63.87184],[20.45478,63.87236],[20.45641,63.8729],[20.458,63.87347],[20.45955,63.87406],[20.46106,63.87466],[20.46254,63.87529],[20.46396,63.87593],[20.46532,63.8766],[20.46667,63.87729],[20.46795,63.87798],[20.46917,63.8787],[20.47036,63.87942],[20.47151,63.88016],[20.47266,63.8809],[20.47381,63.88164],[20.47499,63.88236],[20.47622,63.88307],[20.4775,63.88377],[20.47884,63.88444],[20.48022,63.8851],[20.48165,63.88574],[20.48313,63.88635],[20.48463,63.88694],[20.4862,63.88752],[20.48781,63.88808],[20.48944,63.88861],[20.49112,63.88913],[20.49282,63.88961],[20.49456,63.89007],[20.49634,63.89052],[20.49815,63.89094],[20.49996,63.89133],[20.50181,63.89169],[20.50368,63.89203],[20.50556,63.89235],[20.50748,63.89264],[20.50941,63.89291],[20.51136,63.89315],[20.51333,63.89336],[20.5153,63.89355],[20.51541,63.89356],[20.51727,63.89374],[20.52127,63.89412],[20.52324,63.89431],[20.52525,63.89451],[20.52924,63.8949],[20.53123,63.89508],[20.53323,63.89528],[20.53522,63.89547],[20.53721,63.89566],[20.5412,63.89604],[20.54318,63.89623],[20.54518,63.89642],[20.54917,63.89679],[20.55152,63.89702],[20.55272,63.89713]],[[20.22383,63.85497],[20.22361,63.85517],[20.22334,63.85537],[20.22273,63.85584],[20.22216,63.85632],[20.22175,63.85673],[20.22137,63.85716],[20.22114,63.85745],[20.2209,63.8578],[20.22073,63.85811],[20.22058,63.8584],[20.22044,63.85871],[20.22032,63.85907],[20.22025,63.85933],[20.22019,63.8596],[20.22015,63.86009],[20.22016,63.8605],[20.22019,63.86074],[20.22023,63.86098],[20.22031,63.86133],[20.22047,63.86178],[20.22068,63.86223],[20.22096,63.86273],[20.22133,63.86323],[20.22156,63.8635],[20.2218,63.86376],[20.22235,63.86431],[20.22299,63.86491]],[[20.87649,64.76006],[20.86651,64.76219],[20.86147,64.76441],[20.85902,64.76644],[20.85829,64.76828],[20.85904,64.7708],[20.86063,64.77303],[20.86415,64.77554],[20.86799,64.77742],[20.88984,64.78971],[20.90035,64.79812],[20.91122,64.80954],[20.93327,64.83133],[20.9351,64.83475],[20.93681,64.84102],[20.93714,64.84226],[20.94173,64.84667],[20.94479,64.8506],[20.94894,64.85408],[20.96119,64.86199],[20.98609,64.87611],[21.00687,64.88263],[21.02064,64.88651],[21.06487,64.89838],[21.10344,64.91029],[21.14884,64.92588],[21.1897,64.93709],[21.20552,64.94383],[21.21239,64.94711],[21.21842,64.95025],[21.22172,64.9523],[21.22553,64.95667],[21.23306,64.96395],[21.24031,64.96948],[21.25386,64.98001],[21.27812,65.0022],[21.28453,65.01553],[21.29159,65.02445],[21.31152,65.04196],[21.34441,65.07122],[21.36886,65.0924],[21.3953,65.10977],[21.40902,65.12324],[21.41765,65.13126],[21.42581,65.13794],[21.43951,65.15163],[21.4494,65.15775],[21.46207,65.16887],[21.46943,65.17777],[21.47467,65.19687],[21.48224,65.21324],[21.49378,65.22087],[21.50537,65.22727],[21.5101,65.22893],[21.52014,65.23283],[21.52117,65.23361],[21.52373,65.23554],[21.52695,65.23895],[21.53201,65.24542],[21.53958,65.25462],[21.53978,65.26254],[21.53683,65.26867],[21.53134,65.27658],[21.5285,65.28067],[21.52185,65.29026],[21.5175,65.29663],[21.51582,65.29892],[21.51389,65.30099],[21.51118,65.30299],[21.5084,65.30473],[21.5048,65.3067],[21.50159,65.30826],[21.49897,65.30926],[21.49496,65.31034],[21.49204,65.31091],[21.48848,65.31153],[21.48428,65.31237],[21.47998,65.31371],[21.4774,65.31456],[21.45657,65.31713],[21.45012,65.31722],[21.44636,65.31774],[21.43285,65.32004],[21.4266,65.32217],[21.42519,65.32317],[21.42423,65.32423],[21.42377,65.32515]],[[21.42377,65.32515],[21.42369,65.32649],[21.42405,65.32758],[21.42471,65.32849],[21.42594,65.32955],[21.42753,65.3305],[21.4306,65.33177],[21.43361,65.33325],[21.43543,65.33448]]]}},{"type":"Feature","properties":{"id":"norrbotniabanan-skelleftea-lulea","name":"Norrbotniabanan, Skellefteå–Luleå, ny järnväg","label_short":"Nbb Skellefteå–Luleå","type":"rail","status":"study","open_year":null,"open_window":null,"budget_msek":37488.0,"price_base":"2025-02","agency":"Trafikverket","kommuner":["2482","2581","2580"],"kommun_names":["Skellefteå","Piteå","Luleå"],"stations":["Byske","Piteå","Norrfjärden","Luleå"],"stations_located":[{"name":"Byske","lat":64.95389,"lon":21.2031,"osm_tag":"public_transport=station"},{"name":"Piteå","lat":65.31997,"lon":21.47476,"osm_tag":"public_transport=station"},{"name":"Luleå","lat":65.5841,"lon":22.16549,"osm_tag":"public_transport=station"}],"geometry_source":"osm:railway alignment, 108 way(s) matched by name","source_url":"https://www.trafikverket.se/vara-projekt/projekt-som-stracker-sig-over-flera-lan/norrbotniabanan/","source_doc":"https://bransch.trafikverket.se/contentassets/2fca968f05c545d59749ce9d442e117a/bilaga1_nationell_plan_for_transportinfrastrukturen_2026-2037-webb.xlsx","notes":"Still in planering in the adopted plan, with 14 353 of the 37 488 MSEK falling inside 2026–2037. The whole Norrbotniabanan is stated at 62 bn SEK in 2025 price level, which the three plan objects sum to."},"geometry":{"type":"MultiLineString","coordinates":[[[20.3969,63.86551],[20.39897,63.86546],[20.40101,63.86543],[20.40303,63.86543],[20.40509,63.86546],[20.40711,63.86551],[20.40915,63.86558],[20.41117,63.86566],[20.41523,63.86583],[20.41725,63.86592],[20.41928,63.86605],[20.42129,63.8662],[20.42328,63.86638],[20.42528,63.86659],[20.42725,63.86682],[20.42919,63.86707],[20.43114,63.86735],[20.43305,63.86765],[20.43497,63.86794],[20.43687,63.86825],[20.43875,63.86855],[20.44064,63.86888],[20.44108,63.86896]],[[20.22299,63.86491],[20.22345,63.86535],[20.22402,63.86588],[20.22461,63.86641],[20.22495,63.8667],[20.22532,63.867],[20.22571,63.86728],[20.22612,63.86755],[20.22668,63.8679],[20.22728,63.86824],[20.22793,63.86858],[20.2286,63.8689],[20.22933,63.86921],[20.23009,63.86951],[20.23069,63.86973],[20.23129,63.86993],[20.23188,63.87012],[20.23249,63.8703],[20.23352,63.87058],[20.23446,63.8708],[20.23509,63.87094],[20.23574,63.87107],[20.23707,63.8713],[20.23862,63.87152],[20.23942,63.87161],[20.24021,63.87169],[20.24088,63.87175],[20.24157,63.87179],[20.24221,63.87183],[20.24293,63.87186],[20.24359,63.87188],[20.24425,63.87189],[20.24498,63.87189],[20.24571,63.87189],[20.24966,63.87184],[20.25439,63.87177],[20.25934,63.87168],[20.26458,63.87159]],[[20.26458,63.87159],[20.27276,63.87145],[20.28192,63.87132],[20.29108,63.87119],[20.29717,63.87113],[20.29785,63.87113]],[[20.29785,63.87113],[20.30286,63.87118],[20.30435,63.87121],[20.30934,63.87129],[20.31328,63.87135],[20.31733,63.87142]],[[20.31733,63.87142],[20.31835,63.87144]],[[20.31835,63.87144],[20.32106,63.87149],[20.32758,63.8716],[20.32963,63.87164],[20.33028,63.87165]],[[20.33028,63.87165],[20.33167,63.87167]],[[20.33167,63.87167],[20.33489,63.87172],[20.33649,63.87173],[20.33808,63.87173],[20.33953,63.87171],[20.34099,63.87168],[20.34245,63.87163],[20.34388,63.87157],[20.34589,63.87146],[20.34791,63.87133],[20.34991,63.87116],[20.35193,63.87097],[20.35391,63.87076],[20.35587,63.87052],[20.35977,63.86997],[20.36228,63.86961]],[[20.36228,63.86961],[20.36334,63.86945]],[[20.36334,63.86945],[20.36498,63.86922],[20.36946,63.86858],[20.37235,63.86816]],[[20.37235,63.86816],[20.37339,63.868],[20.37402,63.86792]],[[20.37402,63.86792],[20.37911,63.86719],[20.38104,63.86691],[20.38298,63.86665],[20.38492,63.86641],[20.38691,63.86619],[20.38888,63.866],[20.39088,63.86583],[20.39288,63.8657],[20.39534,63.86558]],[[20.39534,63.86558],[20.3969,63.86551]],[[21.03701,64.73166],[21.03717,64.73202],[21.03729,64.73236],[21.03741,64.73293]],[[21.03571,64.73645],[21.03549,64.73664],[21.0354,64.7367],[21.03496,64.73704],[21.03429,64.73747],[21.03403,64.73761],[21.03338,64.73796],[21.03296,64.73816],[21.03201,64.73857],[21.03145,64.73879],[21.03025,64.73925],[21.02569,64.74095],[21.02354,64.74175],[21.01919,64.74335],[21.0172,64.74408],[21.01595,64.74454],[21.01497,64.7449],[21.01386,64.74528],[21.01228,64.74577],[21.01051,64.74627],[21.00933,64.7466],[21.00876,64.74676],[21.00772,64.74706],[21.007,64.74726],[21.00526,64.74775],[21.00472,64.7479],[21.00382,64.74814],[21.00348,64.74823],[21.00285,64.74837],[21.00203,64.74854],[21.00157,64.74862],[21.00062,64.74877],[20.99975,64.74888],[20.99887,64.74896],[20.99751,64.74908],[20.99646,64.74916],[20.99544,64.74924],[20.99337,64.74941],[20.99211,64.74952],[20.99132,64.74962],[20.99049,64.74974],[20.98934,64.74994],[20.98748,64.75034],[20.98563,64.75075],[20.98472,64.75095],[20.98374,64.75115],[20.98276,64.75132],[20.98196,64.75144],[20.98159,64.75148],[20.98052,64.7516],[20.97974,64.75166],[20.97869,64.75172],[20.97767,64.75178],[20.9762,64.75187],[20.97385,64.752],[20.97182,64.75213],[20.97099,64.75218]],[[21.03661,64.7309],[21.03701,64.73166]],[[21.03741,64.73293],[21.03743,64.73335],[21.0374,64.7337],[21.03731,64.73414],[21.03719,64.7345],[21.037,64.7349],[21.03677,64.73529],[21.03647,64.73568],[21.03571,64.73645]],[[21.03101,64.72027],[21.03113,64.72051]],[[21.03113,64.72051],[21.03136,64.72095],[21.03183,64.72182],[21.03228,64.7227],[21.03275,64.72358],[21.03321,64.72445],[21.03365,64.72531],[21.03417,64.72625],[21.03508,64.728],[21.03553,64.72886],[21.036,64.72973],[21.03646,64.73061],[21.03661,64.7309]],[[21.02753,64.71359],[21.0277,64.71393],[21.02816,64.71481],[21.02844,64.71535]],[[21.0299,64.71815],[21.03043,64.71919],[21.03101,64.72027]],[[21.02725,64.71304],[21.02753,64.71359]],[[21.02844,64.71535],[21.02863,64.71569],[21.02908,64.71656],[21.02954,64.71744],[21.0299,64.71815]],[[21.02276,64.70387],[21.02281,64.70412]],[[21.02281,64.70412],[21.02286,64.7043],[21.02314,64.70518],[21.02355,64.70606],[21.02401,64.70693],[21.02447,64.70781],[21.02493,64.70868],[21.0254,64.70956],[21.02586,64.71043],[21.02631,64.7113],[21.02679,64.71217],[21.02725,64.71304]],[[21.03455,64.69142],[21.03299,64.69203],[21.03156,64.69267],[21.0302,64.69336],[21.02896,64.69407],[21.02783,64.69483],[21.02679,64.69561]],[[21.02679,64.69561],[21.02584,64.69641],[21.02502,64.69724],[21.02432,64.69809],[21.02374,64.69895],[21.02327,64.69983],[21.02294,64.70072],[21.02274,64.70161],[21.02266,64.70251],[21.02269,64.7034],[21.02276,64.70387]],[[21.06414,64.68305],[21.06316,64.68341]],[[21.06316,64.68341],[21.06252,64.68363],[21.06089,64.6842],[21.05921,64.68475],[21.05752,64.68526],[21.05579,64.68576],[21.05403,64.68623],[21.05044,64.68714],[21.04863,64.68758],[21.04683,64.68803],[21.04501,64.68847],[21.04323,64.68893],[21.04141,64.68938],[21.03961,64.68983],[21.03785,64.69031],[21.03616,64.69084],[21.03455,64.69142]],[[21.10328,64.66277],[21.1028,64.663]],[[21.1028,64.663],[21.10142,64.66366],[21.10005,64.66436],[21.09872,64.66505],[21.09742,64.66577],[21.09727,64.66585],[21.0948,64.66718],[21.09219,64.66858],[21.0909,64.66929],[21.08959,64.66999],[21.08826,64.67071],[21.08569,64.6721],[21.0844,64.6728],[21.08312,64.6735],[21.08228,64.67396],[21.08182,64.67421],[21.08054,64.67491],[21.07926,64.67561],[21.07797,64.67631],[21.0767,64.67701],[21.0754,64.67771],[21.07411,64.67841],[21.07279,64.67911],[21.07145,64.67981],[21.07008,64.68049],[21.06866,64.68116],[21.06721,64.68181],[21.0657,64.68244],[21.06414,64.68305]],[[21.11593,64.65727],[21.1153,64.65755]],[[21.1153,64.65755],[21.1145,64.6579],[21.11305,64.65854],[21.11106,64.6594]],[[21.11106,64.6594],[21.11054,64.65963]],[[21.11054,64.65963],[21.11011,64.65981],[21.10862,64.66044],[21.10716,64.66107],[21.10424,64.66234],[21.10328,64.66277]],[[21.139,64.64654],[21.13845,64.6468]],[[21.13845,64.6468],[21.13716,64.6474],[21.13574,64.64807],[21.13435,64.64874],[21.13294,64.64941],[21.13154,64.65008],[21.13013,64.65075],[21.12873,64.65142],[21.12734,64.65208],[21.12595,64.65274],[21.12455,64.6534],[21.12171,64.6547],[21.12027,64.65534],[21.11882,64.65598],[21.11738,64.65662],[21.11593,64.65727]],[[21.17789,64.61709],[21.17732,64.61795],[21.17675,64.61882],[21.17648,64.61925]],[[21.18132,64.61174],[21.18067,64.61276],[21.18012,64.61362],[21.17976,64.61416],[21.17955,64.61449],[21.179,64.61535],[21.17844,64.61622],[21.17789,64.61709]],[[21.18151,64.61145],[21.18132,64.61174]],[[21.17648,64.61925],[21.17621,64.61967],[21.17565,64.62055],[21.17508,64.62141],[21.17455,64.62228],[21.17397,64.62315],[21.17342,64.62401],[21.17286,64.62487],[21.17231,64.62573],[21.17189,64.6264],[21.17176,64.62661],[21.17121,64.62747],[21.17063,64.62832],[21.17001,64.62918],[21.16932,64.63002],[21.16858,64.63087],[21.16777,64.63169],[21.16691,64.63251],[21.166,64.63332],[21.16502,64.63411],[21.16398,64.6349],[21.1629,64.63566],[21.16175,64.63641],[21.16056,64.63715],[21.15932,64.63787],[21.15801,64.63857],[21.15667,64.63926],[21.15527,64.63993],[21.15382,64.64058],[21.15235,64.64121],[21.15082,64.64182],[21.14926,64.64243],[21.14771,64.64303],[21.14615,64.64363],[21.14461,64.64423],[21.14304,64.64483],[21.14153,64.64545],[21.14004,64.64609],[21.139,64.64654]],[[21.18769,64.59995],[21.18763,64.60023]],[[21.18763,64.60023],[21.18755,64.60055],[21.18729,64.60145],[21.18698,64.60233],[21.18659,64.60322],[21.18614,64.60409],[21.18565,64.60497],[21.1851,64.60585],[21.18456,64.60671],[21.184,64.60757],[21.18345,64.60844],[21.18289,64.6093],[21.18234,64.61017],[21.18179,64.61103],[21.18151,64.61145]],[[21.18747,64.58514],[21.18749,64.58544]],[[21.18749,64.58544],[21.18753,64.58621],[21.18795,64.59606],[21.18797,64.59696],[21.18796,64.59787],[21.18788,64.59876],[21.18776,64.59966],[21.18769,64.59995]],[[21.18267,64.56452],[21.18287,64.56483]],[[21.18287,64.56483],[21.18338,64.56569],[21.18391,64.56654],[21.18442,64.56739],[21.18492,64.56824],[21.18539,64.56912],[21.18579,64.56999],[21.18611,64.57087],[21.18639,64.57175],[21.18661,64.57264],[21.18674,64.57353],[21.18683,64.57442],[21.1869,64.57531],[21.18693,64.5762],[21.18698,64.5771],[21.18703,64.57801],[21.18709,64.57891],[21.18715,64.57983],[21.1872,64.58074],[21.18726,64.58165],[21.18732,64.58257],[21.18736,64.58348],[21.18744,64.58439],[21.18747,64.58514]],[[21.17657,64.50286],[21.17664,64.50322]],[[21.17664,64.50322],[21.17679,64.50393],[21.17705,64.50482],[21.17736,64.50571],[21.17774,64.5066],[21.17817,64.50748],[21.17868,64.50834],[21.17925,64.5092],[21.17988,64.51006],[21.18055,64.51091],[21.18122,64.51175],[21.1819,64.51261],[21.18255,64.51345],[21.18316,64.51432],[21.1837,64.51518],[21.18419,64.51604],[21.1846,64.51692],[21.18497,64.51781],[21.18525,64.51869],[21.18548,64.51958],[21.18565,64.52047],[21.18577,64.52137],[21.1858,64.52226],[21.18578,64.52316],[21.1857,64.52405],[21.18553,64.52496],[21.18532,64.52585],[21.18504,64.52674],[21.18473,64.52763],[21.18439,64.52852],[21.18405,64.52941],[21.18372,64.5303],[21.18339,64.53119],[21.18305,64.53208],[21.18273,64.53296],[21.18241,64.53385],[21.18206,64.53473],[21.18174,64.53561],[21.18142,64.53649],[21.1811,64.53737],[21.18077,64.53826],[21.18043,64.53914],[21.18011,64.54003],[21.17979,64.54092],[21.17945,64.5418],[21.17912,64.54269],[21.17883,64.54358],[21.17857,64.54447],[21.17836,64.54536],[21.17822,64.54626],[21.17813,64.54716],[21.17808,64.54806],[21.17807,64.54895],[21.17809,64.54986],[21.17811,64.55075],[21.17813,64.55166],[21.17815,64.55256],[21.17818,64.55345],[21.17823,64.55436],[21.17835,64.55526],[21.17852,64.55616],[21.17875,64.55705],[21.17906,64.55794],[21.17941,64.55882],[21.17984,64.5597],[21.1803,64.56057],[21.1808,64.56142],[21.18132,64.56227],[21.18183,64.56312],[21.18235,64.56397],[21.18267,64.56452]],[[21.16959,64.48451],[21.17003,64.48506]],[[21.17003,64.48506],[21.17028,64.48536],[21.17094,64.4862],[21.17159,64.48705],[21.17217,64.48791],[21.17324,64.48961],[21.17369,64.49049],[21.17412,64.49138],[21.17446,64.49226],[21.17477,64.49316],[21.17502,64.49406],[21.17522,64.49495],[21.17541,64.49585],[21.17558,64.49675],[21.17597,64.49945],[21.17613,64.50035],[21.17629,64.50124],[21.17657,64.50286]],[[21.14163,64.45235],[21.14222,64.45302]],[[21.14222,64.45302],[21.14261,64.45349],[21.14335,64.45432],[21.14408,64.45517],[21.14481,64.45601],[21.14555,64.45686],[21.14627,64.4577],[21.14701,64.45855],[21.14772,64.45939],[21.14843,64.46023],[21.14919,64.46107],[21.14991,64.46191],[21.15063,64.46275],[21.15206,64.46445],[21.1528,64.46529],[21.15353,64.46613],[21.15427,64.46696],[21.15485,64.46761],[21.15501,64.46779],[21.15575,64.46863],[21.15648,64.46946],[21.15721,64.47029],[21.15794,64.47113],[21.15868,64.47196],[21.15941,64.4728],[21.16015,64.47364],[21.16088,64.47447],[21.1616,64.47531],[21.16234,64.47615],[21.16307,64.47698],[21.16381,64.47782],[21.16453,64.47866],[21.16526,64.47949],[21.16599,64.48033],[21.16672,64.48117],[21.16743,64.48201],[21.16815,64.48284],[21.16886,64.48368],[21.16959,64.48451]],[[21.123,64.41971],[21.12304,64.42004]],[[21.12304,64.42004],[21.12315,64.42066],[21.12345,64.42245],[21.12358,64.42335],[21.12371,64.42425],[21.12386,64.42514],[21.12399,64.42604],[21.12413,64.42694],[21.1243,64.42784],[21.12453,64.42873],[21.12475,64.42962],[21.12508,64.43054],[21.1254,64.43143],[21.12579,64.43231],[21.1262,64.43318],[21.12664,64.43406],[21.12715,64.43493],[21.12767,64.43579],[21.12826,64.43666],[21.12887,64.43751],[21.12953,64.43836],[21.13021,64.4392],[21.13093,64.44003],[21.13166,64.44087],[21.1324,64.44169],[21.13311,64.44254],[21.13383,64.44338],[21.13456,64.44421],[21.13528,64.44505],[21.13602,64.44588],[21.13675,64.44672],[21.13749,64.44757],[21.13821,64.44841],[21.13895,64.44926],[21.13969,64.4501],[21.14043,64.45095],[21.14115,64.4518],[21.14163,64.45235]],[[21.10921,64.37522],[21.1092,64.37547]],[[21.1092,64.37547],[21.10919,64.3756],[21.10914,64.37649],[21.1091,64.37738],[21.10911,64.37828],[21.10916,64.37916],[21.10929,64.38005],[21.10947,64.38094],[21.1097,64.38183],[21.10998,64.38271],[21.11034,64.38359],[21.11076,64.38446],[21.1117,64.38626],[21.11223,64.38711],[21.11278,64.38798],[21.11334,64.38883],[21.1139,64.38969],[21.11445,64.39056],[21.11502,64.39142],[21.11557,64.39228],[21.11614,64.39314],[21.1167,64.39401],[21.11723,64.39486],[21.11776,64.39572],[21.11824,64.39657],[21.11866,64.39744],[21.11903,64.3983],[21.11933,64.39918],[21.11956,64.40006],[21.11975,64.40093],[21.1199,64.40182],[21.12003,64.4027],[21.12019,64.40359],[21.12035,64.4045],[21.12043,64.40494],[21.12068,64.40631],[21.12083,64.40722],[21.121,64.40812],[21.12117,64.40903],[21.12133,64.40994],[21.12148,64.41084],[21.12165,64.41175],[21.12195,64.41353],[21.1221,64.41442],[21.12225,64.41532],[21.12239,64.41621],[21.12255,64.4171],[21.12271,64.41799],[21.12284,64.41889],[21.123,64.41971]],[[21.10641,64.35307],[21.10659,64.3534]],[[21.10659,64.3534],[21.10699,64.35411],[21.10746,64.35498],[21.10786,64.35586],[21.10826,64.35674],[21.10859,64.35762],[21.10889,64.35851],[21.10915,64.3594],[21.10935,64.3603],[21.10951,64.3612],[21.10963,64.3621],[21.1097,64.363],[21.10976,64.3639],[21.10976,64.3648],[21.10973,64.3657],[21.10968,64.3666],[21.10964,64.3675],[21.1096,64.36841],[21.10954,64.3693],[21.10949,64.3702],[21.10945,64.3711],[21.1094,64.372],[21.10935,64.3729],[21.1093,64.3738],[21.10924,64.3747],[21.10921,64.37522]],[[21.10291,64.34697],[21.10304,64.34723]],[[21.10304,64.34723],[21.10349,64.34803],[21.104,64.3489],[21.10447,64.34977],[21.10498,64.35063],[21.10549,64.3515],[21.106,64.35237],[21.10641,64.35307]],[[21.09697,64.33617],[21.09717,64.33655]],[[21.09717,64.33655],[21.09746,64.33714],[21.09791,64.33801],[21.0984,64.33889],[21.09888,64.33976],[21.09939,64.34063],[21.0999,64.3415],[21.10044,64.34237],[21.1014,64.34411],[21.10186,64.34499],[21.10291,64.34697]],[[21.08986,64.32131],[21.0901,64.32184]],[[21.0901,64.32184],[21.09027,64.32218],[21.09068,64.32306],[21.09092,64.32356],[21.09151,64.32482],[21.09192,64.3257],[21.09234,64.32658],[21.09276,64.32747],[21.09319,64.32834],[21.09361,64.32922],[21.09402,64.33011],[21.09445,64.33099],[21.09487,64.33187],[21.09529,64.33275],[21.0955,64.33319],[21.09572,64.33363],[21.09581,64.33385],[21.09587,64.33396],[21.09592,64.33407],[21.09615,64.33451],[21.09659,64.33538],[21.09697,64.33617]],[[21.09054,64.30018],[21.09056,64.30042]],[[21.09056,64.30042],[21.09062,64.30082],[21.0907,64.30173],[21.09071,64.30263],[21.09068,64.30353],[21.0906,64.30443],[21.09047,64.30532],[21.09028,64.30622],[21.09005,64.30712],[21.08979,64.30801],[21.0895,64.30889],[21.08923,64.30977],[21.08896,64.31065],[21.08873,64.31153],[21.08855,64.31242],[21.08841,64.31331],[21.08834,64.3142],[21.08832,64.31509],[21.08837,64.31597],[21.08846,64.31686],[21.08863,64.31776],[21.08886,64.31865],[21.08913,64.31954],[21.08946,64.32042],[21.08986,64.32131]],[[21.08312,64.28446],[21.08332,64.28469]],[[21.08332,64.28469],[21.08361,64.285],[21.08434,64.28584],[21.08501,64.28669],[21.08565,64.28755],[21.08622,64.2884],[21.08675,64.28927],[21.08722,64.29015],[21.08763,64.29103],[21.088,64.29191],[21.08833,64.2928],[21.08864,64.29369],[21.08893,64.29458],[21.08924,64.29547],[21.08954,64.29636],[21.08984,64.29725],[21.0901,64.29814],[21.09031,64.29903],[21.0905,64.29993],[21.09054,64.30018]],[[21.08048,64.28193],[21.08081,64.28222]],[[21.08081,64.28222],[21.08117,64.28253],[21.08203,64.28335],[21.08284,64.28417],[21.08312,64.28446]],[[21.06009,64.26876],[21.06123,64.26946],[21.06186,64.26984],[21.06251,64.27023],[21.06308,64.27058]],[[21.06308,64.27058],[21.06428,64.27131],[21.06548,64.27204],[21.06668,64.27277],[21.06788,64.27351],[21.06908,64.27423],[21.0703,64.27496],[21.0715,64.27569],[21.0727,64.27641],[21.07389,64.27714],[21.07505,64.27788],[21.07619,64.27863],[21.07725,64.27939],[21.07831,64.28016],[21.0793,64.28094],[21.08026,64.28174],[21.08048,64.28193]],[[21.01646,64.24461],[21.01685,64.24477]],[[21.01685,64.24477],[21.01796,64.24523],[21.01944,64.24584],[21.02092,64.24645],[21.02242,64.24707],[21.02389,64.24769],[21.02539,64.24831],[21.02645,64.24875],[21.02686,64.24893],[21.02837,64.24955],[21.02986,64.25016],[21.03132,64.25078],[21.03283,64.25141],[21.03433,64.25203],[21.0358,64.25264],[21.03725,64.25328],[21.03866,64.25394],[21.04004,64.25461],[21.04136,64.2553],[21.04261,64.25599],[21.04384,64.25671],[21.04505,64.25745],[21.04619,64.2582],[21.04726,64.25895],[21.04831,64.25974],[21.04933,64.26053],[21.05029,64.26132],[21.05124,64.26212],[21.05219,64.26292],[21.05314,64.26372],[21.0541,64.26452],[21.05509,64.26531],[21.05613,64.26609],[21.0572,64.26687],[21.05831,64.26763],[21.05946,64.26837],[21.06009,64.26876]],[[20.97475,64.22762],[20.97537,64.22786]],[[20.97537,64.22786],[20.97589,64.22806],[20.97743,64.22866],[20.97898,64.22925],[20.98052,64.22986],[20.98205,64.23046],[20.98356,64.23107],[20.98509,64.23168],[20.9866,64.23229],[20.9881,64.23291],[20.98961,64.23353],[20.99111,64.23414],[20.99259,64.23475],[20.9941,64.23538],[20.9956,64.236],[20.9971,64.23661],[20.99859,64.23723],[21.00009,64.23784],[21.00158,64.23846],[21.00307,64.23907],[21.00459,64.23969],[21.00607,64.24031],[21.00755,64.24092],[21.00904,64.24154],[21.01052,64.24215],[21.01202,64.24276],[21.01349,64.24338],[21.01497,64.24399],[21.01646,64.24461]],[[20.96342,64.22325],[20.9651,64.22389],[20.96665,64.22449],[20.96818,64.22508],[20.96972,64.22568],[20.97127,64.22628],[20.97281,64.22687],[20.97435,64.22746],[20.97475,64.22762]],[[20.9625,64.22289],[20.96342,64.22325]],[[20.92815,64.20961],[20.92892,64.20991]],[[20.92892,64.20991],[20.92972,64.21021],[20.93126,64.2108],[20.93279,64.2114],[20.93434,64.21199],[20.93589,64.21259],[20.93743,64.21318],[20.93898,64.21378],[20.94051,64.21437],[20.94206,64.21497],[20.9436,64.21556],[20.94514,64.21616],[20.94667,64.21675],[20.9482,64.21735],[20.94974,64.21794],[20.95127,64.21854],[20.9528,64.21913],[20.95433,64.21973],[20.95586,64.22032],[20.9574,64.22092],[20.95894,64.22152],[20.96048,64.2221],[20.9625,64.22289]],[[20.85245,64.18023],[20.85433,64.18099],[20.85585,64.18159],[20.85741,64.1822],[20.85894,64.1828],[20.86047,64.1834],[20.86201,64.184],[20.86355,64.1846],[20.86458,64.18501],[20.86508,64.1852],[20.86601,64.18557]],[[20.86601,64.18557],[20.86637,64.18571],[20.86969,64.18699],[20.87124,64.18759],[20.87275,64.18818],[20.87429,64.18878],[20.87583,64.18937],[20.87737,64.18997],[20.87887,64.19056],[20.88042,64.19116],[20.88195,64.19175],[20.88348,64.19235],[20.885,64.19295],[20.88654,64.19354],[20.88808,64.19414],[20.88961,64.19474],[20.89114,64.19533],[20.89268,64.19593],[20.89421,64.19653],[20.89574,64.19713],[20.89728,64.19773],[20.89758,64.19784],[20.89882,64.19832],[20.90038,64.19891],[20.90193,64.1995],[20.90348,64.2001],[20.90503,64.20069],[20.90659,64.20128],[20.90813,64.20187],[20.90969,64.20247],[20.9128,64.20365],[20.91434,64.20425],[20.9155,64.2047],[20.91586,64.20484],[20.91739,64.20544],[20.91894,64.20604],[20.92047,64.20663],[20.92201,64.20723],[20.92355,64.20782],[20.92508,64.20842],[20.92663,64.20902],[20.92815,64.20961]],[[20.82435,64.16109],[20.82481,64.16147]],[[20.82481,64.16147],[20.82507,64.16166],[20.82606,64.16245],[20.82706,64.16323],[20.82804,64.16401],[20.82903,64.16479],[20.83002,64.16558],[20.83099,64.16637],[20.83197,64.16715],[20.83294,64.16793],[20.83392,64.16872],[20.83491,64.1695],[20.83588,64.17029],[20.83686,64.17107],[20.83782,64.17185],[20.83881,64.17263],[20.83986,64.17341],[20.84095,64.17417],[20.84208,64.17492],[20.84328,64.17566],[20.84451,64.17638],[20.84578,64.17709],[20.84709,64.17778],[20.84847,64.17845],[20.84987,64.17911],[20.85129,64.17974],[20.85245,64.18023]],[[20.8136,64.14603],[20.81374,64.14659]],[[20.81374,64.14659],[20.81396,64.14728]],[[20.81396,64.14728],[20.81411,64.14778]],[[20.81411,64.14778],[20.81426,64.14818],[20.81459,64.14906],[20.81498,64.14995],[20.81541,64.15083],[20.81588,64.1517],[20.8164,64.15257],[20.81697,64.15344],[20.81758,64.1543],[20.81823,64.15515],[20.81894,64.156],[20.81969,64.15684],[20.82049,64.15766],[20.82132,64.15848],[20.8222,64.15928],[20.82312,64.16008],[20.82407,64.16088],[20.82435,64.16109]],[[20.82107,64.11949],[20.82093,64.11985]],[[20.82093,64.11985],[20.82069,64.12041],[20.82019,64.12157],[20.81979,64.12246],[20.8194,64.12335],[20.81902,64.12425],[20.81864,64.12514],[20.81825,64.12603],[20.81785,64.12692],[20.81747,64.12781],[20.81707,64.1287],[20.8167,64.12959],[20.81632,64.13047],[20.81593,64.13135],[20.81555,64.13222],[20.81517,64.13309],[20.81478,64.13396],[20.81441,64.13484],[20.81407,64.13572],[20.81376,64.1366],[20.81351,64.13748],[20.81331,64.13836],[20.81316,64.13925],[20.81307,64.14014],[20.81303,64.14104],[20.81302,64.14194],[20.81307,64.14283],[20.81315,64.14372],[20.81329,64.14461],[20.81346,64.1455],[20.8136,64.14603]],[[20.836,64.09],[20.83571,64.09039]],[[20.83571,64.09039],[20.8353,64.09094],[20.83463,64.09178],[20.83397,64.09263],[20.83331,64.09348],[20.83266,64.09432],[20.83203,64.09518],[20.83145,64.09605],[20.83095,64.09691],[20.83047,64.09779],[20.83005,64.09867],[20.82966,64.09956],[20.82927,64.10044],[20.82888,64.10132],[20.82851,64.10221],[20.82813,64.10309],[20.82773,64.10397],[20.82736,64.10484],[20.82698,64.10573],[20.82662,64.10659],[20.82622,64.10748],[20.82584,64.10836],[20.82546,64.10922],[20.82508,64.11011],[20.82471,64.11099],[20.82432,64.11186],[20.82395,64.11275],[20.82358,64.11363],[20.8232,64.11452],[20.82282,64.1154],[20.82245,64.11628],[20.82207,64.11717],[20.82169,64.11804],[20.82132,64.11893],[20.82107,64.11949]],[[20.83952,64.0776],[20.83958,64.07804]],[[20.83958,64.07804],[20.83963,64.07853],[20.83969,64.07944],[20.8397,64.08035],[20.83963,64.08124],[20.83951,64.08215],[20.83934,64.08305],[20.8391,64.08396],[20.83881,64.08485],[20.83844,64.08576],[20.83803,64.08663],[20.83758,64.08751],[20.83709,64.08838],[20.83654,64.08923],[20.836,64.09]],[[20.82942,64.06349],[20.83009,64.06404],[20.83105,64.06483],[20.83197,64.06562],[20.83286,64.06642],[20.8337,64.06724],[20.83449,64.06806],[20.83523,64.0689],[20.8359,64.06974],[20.83653,64.07059],[20.83711,64.07146],[20.83762,64.07232],[20.83808,64.0732],[20.83848,64.07408],[20.83884,64.07496],[20.83913,64.07584],[20.83936,64.07673],[20.83952,64.0776]],[[20.82881,64.06297],[20.82913,64.06325],[20.82942,64.06349]],[[20.7942,64.03227],[20.79506,64.03317]],[[20.79506,64.03317],[20.79623,64.03438],[20.79703,64.0352],[20.79783,64.03603],[20.79864,64.03687],[20.79944,64.03769],[20.80023,64.03851],[20.80102,64.03934],[20.80183,64.04016],[20.80265,64.04098],[20.80349,64.04179],[20.80437,64.04261],[20.80527,64.04341],[20.8062,64.0442],[20.80716,64.04501],[20.80809,64.0458],[20.80904,64.04659],[20.81,64.04738],[20.81096,64.04818],[20.81191,64.04897],[20.81287,64.04976],[20.81381,64.05056],[20.81476,64.05135],[20.81572,64.05214],[20.81668,64.05294],[20.8176,64.05369],[20.81861,64.05453],[20.81956,64.05533],[20.82052,64.05612],[20.82147,64.05691],[20.82243,64.05771],[20.8234,64.0585],[20.82435,64.05929],[20.82531,64.06008],[20.82626,64.06088],[20.82722,64.06167],[20.82829,64.06255],[20.82881,64.06297]],[[20.76784,64.00983],[20.76889,64.0104],[20.77016,64.01109],[20.77142,64.01179],[20.77269,64.01251],[20.77391,64.01324],[20.77509,64.01398],[20.7762,64.01474],[20.77728,64.01551],[20.77831,64.01629],[20.77928,64.01709],[20.78021,64.0179],[20.78108,64.01872],[20.78192,64.01955],[20.78274,64.02038],[20.78352,64.0212],[20.78431,64.02202],[20.7851,64.02285],[20.7859,64.02366],[20.78669,64.02449],[20.78747,64.0253],[20.78826,64.02613],[20.78905,64.02694],[20.78984,64.02777],[20.79064,64.02859],[20.79143,64.02941],[20.79223,64.03025],[20.79303,64.03107],[20.79383,64.0319],[20.7942,64.03227]],[[20.76661,64.00917],[20.76784,64.00983]],[[20.5551,63.89737],[20.55632,63.89752],[20.55706,63.89761],[20.55897,63.89791],[20.56085,63.89825],[20.56267,63.89864],[20.56446,63.89908],[20.56618,63.89957],[20.56781,63.90009],[20.5694,63.90066],[20.57093,63.90125],[20.57244,63.90186],[20.57387,63.90249],[20.57527,63.90314],[20.57665,63.90381],[20.57795,63.9045],[20.57922,63.90521],[20.58043,63.90594],[20.58163,63.90668],[20.58278,63.90742],[20.58395,63.90817],[20.58628,63.90966],[20.58744,63.9104],[20.5886,63.91115],[20.58977,63.91188],[20.59092,63.91261],[20.59207,63.91335],[20.59324,63.91408],[20.59439,63.91482],[20.59555,63.91556],[20.59671,63.91629],[20.59787,63.91703],[20.5993,63.91793],[20.59949,63.91805],[20.60019,63.9185],[20.60133,63.91923],[20.6025,63.91997],[20.60367,63.92071],[20.60483,63.92144],[20.60599,63.92218],[20.60719,63.92291],[20.60839,63.92363],[20.60966,63.92433],[20.61098,63.92502],[20.61236,63.92569],[20.61376,63.92634],[20.61674,63.92758],[20.6183,63.92817],[20.6199,63.92874],[20.6232,63.92982],[20.6249,63.93032],[20.62662,63.93081],[20.62835,63.9313],[20.63009,63.9318],[20.63177,63.93231],[20.6334,63.93282],[20.63496,63.93335],[20.6365,63.93391],[20.63799,63.93448],[20.63946,63.93508],[20.64088,63.9357],[20.64224,63.93632],[20.64358,63.93698],[20.64486,63.93765],[20.64609,63.93833],[20.64733,63.93906],[20.64852,63.93981],[20.64966,63.94058],[20.65075,63.94136],[20.6518,63.94214],[20.65282,63.94294],[20.65384,63.94374],[20.65488,63.94453],[20.65589,63.94533],[20.65691,63.94612],[20.65793,63.94692],[20.65892,63.94769],[20.65991,63.94847],[20.6609,63.94925],[20.6619,63.95003],[20.6629,63.9508],[20.66389,63.95158],[20.66488,63.95235],[20.66587,63.95312],[20.66688,63.95391],[20.66785,63.95467],[20.66885,63.95546],[20.66984,63.95625],[20.67087,63.95703],[20.67192,63.95781],[20.67305,63.95856],[20.67423,63.95931],[20.67542,63.96004],[20.67668,63.96075],[20.67797,63.96146],[20.67927,63.96216],[20.68056,63.96286],[20.68184,63.96355],[20.68314,63.96424],[20.68443,63.96492],[20.68571,63.96561],[20.687,63.9663],[20.68829,63.96699],[20.68957,63.96767],[20.69087,63.96836],[20.69214,63.96905],[20.69343,63.96974],[20.69408,63.97009],[20.69535,63.97079],[20.69664,63.9715],[20.69793,63.97219],[20.69923,63.9729],[20.70052,63.9736],[20.7018,63.97429],[20.70309,63.97499],[20.70438,63.97569],[20.70567,63.97639],[20.70696,63.97709],[20.70824,63.9778],[20.70953,63.97849],[20.71082,63.97918],[20.71211,63.97986],[20.71341,63.98055],[20.7147,63.98124],[20.71555,63.98169],[20.716,63.98193],[20.71729,63.98262],[20.71858,63.98331],[20.71988,63.984],[20.72118,63.98469],[20.72247,63.98538],[20.72377,63.98607],[20.72504,63.98676],[20.72636,63.98745],[20.72764,63.98814],[20.72893,63.98883],[20.73022,63.98952],[20.73152,63.99021],[20.73281,63.9909],[20.73409,63.99159],[20.7354,63.99229],[20.73669,63.99298],[20.73798,63.99368],[20.73929,63.99438],[20.74057,63.99507],[20.74187,63.99577],[20.74317,63.99646],[20.74447,63.99716],[20.74575,63.99785],[20.74706,63.99854],[20.74836,63.99925],[20.74962,63.99995],[20.75089,64.00065],[20.75219,64.00135],[20.75346,64.00205],[20.75473,64.00275],[20.75602,64.00345],[20.75732,64.00415],[20.75859,64.00485],[20.75987,64.00554],[20.76115,64.00624],[20.76245,64.00693],[20.76374,64.00763],[20.76502,64.00832],[20.76661,64.00917]],[[20.55272,63.89713],[20.55378,63.89723],[20.5551,63.89737]],[[20.44108,63.86896],[20.44282,63.86929]],[[20.44282,63.86929],[20.44429,63.86959],[20.44611,63.86999],[20.44793,63.87042],[20.44968,63.87087],[20.45141,63.87134],[20.4531,63.87184],[20.45478,63.87236],[20.45641,63.8729],[20.458,63.87347],[20.45955,63.87406],[20.46106,63.87466],[20.46254,63.87529],[20.46396,63.87593],[20.46532,63.8766],[20.46667,63.87729],[20.46795,63.87798],[20.46917,63.8787],[20.47036,63.87942],[20.47151,63.88016],[20.47266,63.8809],[20.47381,63.88164],[20.47499,63.88236],[20.47622,63.88307],[20.4775,63.88377],[20.47884,63.88444],[20.48022,63.8851],[20.48165,63.88574],[20.48313,63.88635],[20.48463,63.88694],[20.4862,63.88752],[20.48781,63.88808],[20.48944,63.88861],[20.49112,63.88913],[20.49282,63.88961],[20.49456,63.89007],[20.49634,63.89052],[20.49815,63.89094],[20.49996,63.89133],[20.50181,63.89169],[20.50368,63.89203],[20.50556,63.89235],[20.50748,63.89264],[20.50941,63.89291],[20.51136,63.89315],[20.51333,63.89336],[20.5153,63.89355],[20.51541,63.89356],[20.51727,63.89374],[20.52127,63.89412],[20.52324,63.89431],[20.52525,63.89451],[20.52924,63.8949],[20.53123,63.89508],[20.53323,63.89528],[20.53522,63.89547],[20.53721,63.89566],[20.5412,63.89604],[20.54318,63.89623],[20.54518,63.89642],[20.54917,63.89679],[20.55152,63.89702],[20.55272,63.89713]],[[20.22383,63.85497],[20.22361,63.85517],[20.22334,63.85537],[20.22273,63.85584],[20.22216,63.85632],[20.22175,63.85673],[20.22137,63.85716],[20.22114,63.85745],[20.2209,63.8578],[20.22073,63.85811],[20.22058,63.8584],[20.22044,63.85871],[20.22032,63.85907],[20.22025,63.85933],[20.22019,63.8596],[20.22015,63.86009],[20.22016,63.8605],[20.22019,63.86074],[20.22023,63.86098],[20.22031,63.86133],[20.22047,63.86178],[20.22068,63.86223],[20.22096,63.86273],[20.22133,63.86323],[20.22156,63.8635],[20.2218,63.86376],[20.22235,63.86431],[20.22299,63.86491]],[[20.87649,64.76006],[20.86651,64.76219],[20.86147,64.76441],[20.85902,64.76644],[20.85829,64.76828],[20.85904,64.7708],[20.86063,64.77303],[20.86415,64.77554],[20.86799,64.77742],[20.88984,64.78971],[20.90035,64.79812],[20.91122,64.80954],[20.93327,64.83133],[20.9351,64.83475],[20.93681,64.84102],[20.93714,64.84226],[20.94173,64.84667],[20.94479,64.8506],[20.94894,64.85408],[20.96119,64.86199],[20.98609,64.87611],[21.00687,64.88263],[21.02064,64.88651],[21.06487,64.89838],[21.10344,64.91029],[21.14884,64.92588],[21.1897,64.93709],[21.20552,64.94383],[21.21239,64.94711],[21.21842,64.95025],[21.22172,64.9523],[21.22553,64.95667],[21.23306,64.96395],[21.24031,64.96948],[21.25386,64.98001],[21.27812,65.0022],[21.28453,65.01553],[21.29159,65.02445],[21.31152,65.04196],[21.34441,65.07122],[21.36886,65.0924],[21.3953,65.10977],[21.40902,65.12324],[21.41765,65.13126],[21.42581,65.13794],[21.43951,65.15163],[21.4494,65.15775],[21.46207,65.16887],[21.46943,65.17777],[21.47467,65.19687],[21.48224,65.21324],[21.49378,65.22087],[21.50537,65.22727],[21.5101,65.22893],[21.52014,65.23283],[21.52117,65.23361],[21.52373,65.23554],[21.52695,65.23895],[21.53201,65.24542],[21.53958,65.25462],[21.53978,65.26254],[21.53683,65.26867],[21.53134,65.27658],[21.5285,65.28067],[21.52185,65.29026],[21.5175,65.29663],[21.51582,65.29892],[21.51389,65.30099],[21.51118,65.30299],[21.5084,65.30473],[21.5048,65.3067],[21.50159,65.30826],[21.49897,65.30926],[21.49496,65.31034],[21.49204,65.31091],[21.48848,65.31153],[21.48428,65.31237],[21.47998,65.31371],[21.4774,65.31456],[21.45657,65.31713],[21.45012,65.31722],[21.44636,65.31774],[21.43285,65.32004],[21.4266,65.32217],[21.42519,65.32317],[21.42423,65.32423],[21.42377,65.32515]],[[21.42377,65.32515],[21.42369,65.32649],[21.42405,65.32758],[21.42471,65.32849],[21.42594,65.32955],[21.42753,65.3305],[21.4306,65.33177],[21.43361,65.33325],[21.43543,65.33448]]]}},{"type":"Feature","properties":{"id":"norrbotniabanan-umea-dava","name":"Norrbotniabanan, Umeå–Dåva","label_short":"Nbb Umeå–Dåva","type":"rail","status":"construction","open_year":2026,"open_window":null,"budget_msek":2679.0,"price_base":"2025-02","agency":"Trafikverket","kommuner":["2480"],"kommun_names":["Umeå"],"stations":[],"stations_located":[],"geometry_source":"osm:railway alignment, 108 way(s) matched by name","source_url":"https://www.trafikverket.se/vara-projekt/projekt-som-stracker-sig-over-flera-lan/norrbotniabanan/","source_doc":"https://bransch.trafikverket.se/contentassets/2fca968f05c545d59749ce9d442e117a/bilaga1_nationell_plan_for_transportinfrastrukturen_2026-2037-webb.xlsx","notes":"First stretch; page states 'År 2026 kan tågen köra mellan Umeå och Dåva'. Earlier plans had this section opening in 2024."},"geometry":{"type":"MultiLineString","coordinates":[[[20.3969,63.86551],[20.39897,63.86546],[20.40101,63.86543],[20.40303,63.86543],[20.40509,63.86546],[20.40711,63.86551],[20.40915,63.86558],[20.41117,63.86566],[20.41523,63.86583],[20.41725,63.86592],[20.41928,63.86605],[20.42129,63.8662],[20.42328,63.86638],[20.42528,63.86659],[20.42725,63.86682],[20.42919,63.86707],[20.43114,63.86735],[20.43305,63.86765],[20.43497,63.86794],[20.43687,63.86825],[20.43875,63.86855],[20.44064,63.86888],[20.44108,63.86896]],[[20.22299,63.86491],[20.22345,63.86535],[20.22402,63.86588],[20.22461,63.86641],[20.22495,63.8667],[20.22532,63.867],[20.22571,63.86728],[20.22612,63.86755],[20.22668,63.8679],[20.22728,63.86824],[20.22793,63.86858],[20.2286,63.8689],[20.22933,63.86921],[20.23009,63.86951],[20.23069,63.86973],[20.23129,63.86993],[20.23188,63.87012],[20.23249,63.8703],[20.23352,63.87058],[20.23446,63.8708],[20.23509,63.87094],[20.23574,63.87107],[20.23707,63.8713],[20.23862,63.87152],[20.23942,63.87161],[20.24021,63.87169],[20.24088,63.87175],[20.24157,63.87179],[20.24221,63.87183],[20.24293,63.87186],[20.24359,63.87188],[20.24425,63.87189],[20.24498,63.87189],[20.24571,63.87189],[20.24966,63.87184],[20.25439,63.87177],[20.25934,63.87168],[20.26458,63.87159]],[[20.26458,63.87159],[20.27276,63.87145],[20.28192,63.87132],[20.29108,63.87119],[20.29717,63.87113],[20.29785,63.87113]],[[20.29785,63.87113],[20.30286,63.87118],[20.30435,63.87121],[20.30934,63.87129],[20.31328,63.87135],[20.31733,63.87142]],[[20.31733,63.87142],[20.31835,63.87144]],[[20.31835,63.87144],[20.32106,63.87149],[20.32758,63.8716],[20.32963,63.87164],[20.33028,63.87165]],[[20.33028,63.87165],[20.33167,63.87167]],[[20.33167,63.87167],[20.33489,63.87172],[20.33649,63.87173],[20.33808,63.87173],[20.33953,63.87171],[20.34099,63.87168],[20.34245,63.87163],[20.34388,63.87157],[20.34589,63.87146],[20.34791,63.87133],[20.34991,63.87116],[20.35193,63.87097],[20.35391,63.87076],[20.35587,63.87052],[20.35977,63.86997],[20.36228,63.86961]],[[20.36228,63.86961],[20.36334,63.86945]],[[20.36334,63.86945],[20.36498,63.86922],[20.36946,63.86858],[20.37235,63.86816]],[[20.37235,63.86816],[20.37339,63.868],[20.37402,63.86792]],[[20.37402,63.86792],[20.37911,63.86719],[20.38104,63.86691],[20.38298,63.86665],[20.38492,63.86641],[20.38691,63.86619],[20.38888,63.866],[20.39088,63.86583],[20.39288,63.8657],[20.39534,63.86558]],[[20.39534,63.86558],[20.3969,63.86551]],[[21.03701,64.73166],[21.03717,64.73202],[21.03729,64.73236],[21.03741,64.73293]],[[21.03571,64.73645],[21.03549,64.73664],[21.0354,64.7367],[21.03496,64.73704],[21.03429,64.73747],[21.03403,64.73761],[21.03338,64.73796],[21.03296,64.73816],[21.03201,64.73857],[21.03145,64.73879],[21.03025,64.73925],[21.02569,64.74095],[21.02354,64.74175],[21.01919,64.74335],[21.0172,64.74408],[21.01595,64.74454],[21.01497,64.7449],[21.01386,64.74528],[21.01228,64.74577],[21.01051,64.74627],[21.00933,64.7466],[21.00876,64.74676],[21.00772,64.74706],[21.007,64.74726],[21.00526,64.74775],[21.00472,64.7479],[21.00382,64.74814],[21.00348,64.74823],[21.00285,64.74837],[21.00203,64.74854],[21.00157,64.74862],[21.00062,64.74877],[20.99975,64.74888],[20.99887,64.74896],[20.99751,64.74908],[20.99646,64.74916],[20.99544,64.74924],[20.99337,64.74941],[20.99211,64.74952],[20.99132,64.74962],[20.99049,64.74974],[20.98934,64.74994],[20.98748,64.75034],[20.98563,64.75075],[20.98472,64.75095],[20.98374,64.75115],[20.98276,64.75132],[20.98196,64.75144],[20.98159,64.75148],[20.98052,64.7516],[20.97974,64.75166],[20.97869,64.75172],[20.97767,64.75178],[20.9762,64.75187],[20.97385,64.752],[20.97182,64.75213],[20.97099,64.75218]],[[21.03661,64.7309],[21.03701,64.73166]],[[21.03741,64.73293],[21.03743,64.73335],[21.0374,64.7337],[21.03731,64.73414],[21.03719,64.7345],[21.037,64.7349],[21.03677,64.73529],[21.03647,64.73568],[21.03571,64.73645]],[[21.03101,64.72027],[21.03113,64.72051]],[[21.03113,64.72051],[21.03136,64.72095],[21.03183,64.72182],[21.03228,64.7227],[21.03275,64.72358],[21.03321,64.72445],[21.03365,64.72531],[21.03417,64.72625],[21.03508,64.728],[21.03553,64.72886],[21.036,64.72973],[21.03646,64.73061],[21.03661,64.7309]],[[21.02753,64.71359],[21.0277,64.71393],[21.02816,64.71481],[21.02844,64.71535]],[[21.0299,64.71815],[21.03043,64.71919],[21.03101,64.72027]],[[21.02725,64.71304],[21.02753,64.71359]],[[21.02844,64.71535],[21.02863,64.71569],[21.02908,64.71656],[21.02954,64.71744],[21.0299,64.71815]],[[21.02276,64.70387],[21.02281,64.70412]],[[21.02281,64.70412],[21.02286,64.7043],[21.02314,64.70518],[21.02355,64.70606],[21.02401,64.70693],[21.02447,64.70781],[21.02493,64.70868],[21.0254,64.70956],[21.02586,64.71043],[21.02631,64.7113],[21.02679,64.71217],[21.02725,64.71304]],[[21.03455,64.69142],[21.03299,64.69203],[21.03156,64.69267],[21.0302,64.69336],[21.02896,64.69407],[21.02783,64.69483],[21.02679,64.69561]],[[21.02679,64.69561],[21.02584,64.69641],[21.02502,64.69724],[21.02432,64.69809],[21.02374,64.69895],[21.02327,64.69983],[21.02294,64.70072],[21.02274,64.70161],[21.02266,64.70251],[21.02269,64.7034],[21.02276,64.70387]],[[21.06414,64.68305],[21.06316,64.68341]],[[21.06316,64.68341],[21.06252,64.68363],[21.06089,64.6842],[21.05921,64.68475],[21.05752,64.68526],[21.05579,64.68576],[21.05403,64.68623],[21.05044,64.68714],[21.04863,64.68758],[21.04683,64.68803],[21.04501,64.68847],[21.04323,64.68893],[21.04141,64.68938],[21.03961,64.68983],[21.03785,64.69031],[21.03616,64.69084],[21.03455,64.69142]],[[21.10328,64.66277],[21.1028,64.663]],[[21.1028,64.663],[21.10142,64.66366],[21.10005,64.66436],[21.09872,64.66505],[21.09742,64.66577],[21.09727,64.66585],[21.0948,64.66718],[21.09219,64.66858],[21.0909,64.66929],[21.08959,64.66999],[21.08826,64.67071],[21.08569,64.6721],[21.0844,64.6728],[21.08312,64.6735],[21.08228,64.67396],[21.08182,64.67421],[21.08054,64.67491],[21.07926,64.67561],[21.07797,64.67631],[21.0767,64.67701],[21.0754,64.67771],[21.07411,64.67841],[21.07279,64.67911],[21.07145,64.67981],[21.07008,64.68049],[21.06866,64.68116],[21.06721,64.68181],[21.0657,64.68244],[21.06414,64.68305]],[[21.11593,64.65727],[21.1153,64.65755]],[[21.1153,64.65755],[21.1145,64.6579],[21.11305,64.65854],[21.11106,64.6594]],[[21.11106,64.6594],[21.11054,64.65963]],[[21.11054,64.65963],[21.11011,64.65981],[21.10862,64.66044],[21.10716,64.66107],[21.10424,64.66234],[21.10328,64.66277]],[[21.139,64.64654],[21.13845,64.6468]],[[21.13845,64.6468],[21.13716,64.6474],[21.13574,64.64807],[21.13435,64.64874],[21.13294,64.64941],[21.13154,64.65008],[21.13013,64.65075],[21.12873,64.65142],[21.12734,64.65208],[21.12595,64.65274],[21.12455,64.6534],[21.12171,64.6547],[21.12027,64.65534],[21.11882,64.65598],[21.11738,64.65662],[21.11593,64.65727]],[[21.17789,64.61709],[21.17732,64.61795],[21.17675,64.61882],[21.17648,64.61925]],[[21.18132,64.61174],[21.18067,64.61276],[21.18012,64.61362],[21.17976,64.61416],[21.17955,64.61449],[21.179,64.61535],[21.17844,64.61622],[21.17789,64.61709]],[[21.18151,64.61145],[21.18132,64.61174]],[[21.17648,64.61925],[21.17621,64.61967],[21.17565,64.62055],[21.17508,64.62141],[21.17455,64.62228],[21.17397,64.62315],[21.17342,64.62401],[21.17286,64.62487],[21.17231,64.62573],[21.17189,64.6264],[21.17176,64.62661],[21.17121,64.62747],[21.17063,64.62832],[21.17001,64.62918],[21.16932,64.63002],[21.16858,64.63087],[21.16777,64.63169],[21.16691,64.63251],[21.166,64.63332],[21.16502,64.63411],[21.16398,64.6349],[21.1629,64.63566],[21.16175,64.63641],[21.16056,64.63715],[21.15932,64.63787],[21.15801,64.63857],[21.15667,64.63926],[21.15527,64.63993],[21.15382,64.64058],[21.15235,64.64121],[21.15082,64.64182],[21.14926,64.64243],[21.14771,64.64303],[21.14615,64.64363],[21.14461,64.64423],[21.14304,64.64483],[21.14153,64.64545],[21.14004,64.64609],[21.139,64.64654]],[[21.18769,64.59995],[21.18763,64.60023]],[[21.18763,64.60023],[21.18755,64.60055],[21.18729,64.60145],[21.18698,64.60233],[21.18659,64.60322],[21.18614,64.60409],[21.18565,64.60497],[21.1851,64.60585],[21.18456,64.60671],[21.184,64.60757],[21.18345,64.60844],[21.18289,64.6093],[21.18234,64.61017],[21.18179,64.61103],[21.18151,64.61145]],[[21.18747,64.58514],[21.18749,64.58544]],[[21.18749,64.58544],[21.18753,64.58621],[21.18795,64.59606],[21.18797,64.59696],[21.18796,64.59787],[21.18788,64.59876],[21.18776,64.59966],[21.18769,64.59995]],[[21.18267,64.56452],[21.18287,64.56483]],[[21.18287,64.56483],[21.18338,64.56569],[21.18391,64.56654],[21.18442,64.56739],[21.18492,64.56824],[21.18539,64.56912],[21.18579,64.56999],[21.18611,64.57087],[21.18639,64.57175],[21.18661,64.57264],[21.18674,64.57353],[21.18683,64.57442],[21.1869,64.57531],[21.18693,64.5762],[21.18698,64.5771],[21.18703,64.57801],[21.18709,64.57891],[21.18715,64.57983],[21.1872,64.58074],[21.18726,64.58165],[21.18732,64.58257],[21.18736,64.58348],[21.18744,64.58439],[21.18747,64.58514]],[[21.17657,64.50286],[21.17664,64.50322]],[[21.17664,64.50322],[21.17679,64.50393],[21.17705,64.50482],[21.17736,64.50571],[21.17774,64.5066],[21.17817,64.50748],[21.17868,64.50834],[21.17925,64.5092],[21.17988,64.51006],[21.18055,64.51091],[21.18122,64.51175],[21.1819,64.51261],[21.18255,64.51345],[21.18316,64.51432],[21.1837,64.51518],[21.18419,64.51604],[21.1846,64.51692],[21.18497,64.51781],[21.18525,64.51869],[21.18548,64.51958],[21.18565,64.52047],[21.18577,64.52137],[21.1858,64.52226],[21.18578,64.52316],[21.1857,64.52405],[21.18553,64.52496],[21.18532,64.52585],[21.18504,64.52674],[21.18473,64.52763],[21.18439,64.52852],[21.18405,64.52941],[21.18372,64.5303],[21.18339,64.53119],[21.18305,64.53208],[21.18273,64.53296],[21.18241,64.53385],[21.18206,64.53473],[21.18174,64.53561],[21.18142,64.53649],[21.1811,64.53737],[21.18077,64.53826],[21.18043,64.53914],[21.18011,64.54003],[21.17979,64.54092],[21.17945,64.5418],[21.17912,64.54269],[21.17883,64.54358],[21.17857,64.54447],[21.17836,64.54536],[21.17822,64.54626],[21.17813,64.54716],[21.17808,64.54806],[21.17807,64.54895],[21.17809,64.54986],[21.17811,64.55075],[21.17813,64.55166],[21.17815,64.55256],[21.17818,64.55345],[21.17823,64.55436],[21.17835,64.55526],[21.17852,64.55616],[21.17875,64.55705],[21.17906,64.55794],[21.17941,64.55882],[21.17984,64.5597],[21.1803,64.56057],[21.1808,64.56142],[21.18132,64.56227],[21.18183,64.56312],[21.18235,64.56397],[21.18267,64.56452]],[[21.16959,64.48451],[21.17003,64.48506]],[[21.17003,64.48506],[21.17028,64.48536],[21.17094,64.4862],[21.17159,64.48705],[21.17217,64.48791],[21.17324,64.48961],[21.17369,64.49049],[21.17412,64.49138],[21.17446,64.49226],[21.17477,64.49316],[21.17502,64.49406],[21.17522,64.49495],[21.17541,64.49585],[21.17558,64.49675],[21.17597,64.49945],[21.17613,64.50035],[21.17629,64.50124],[21.17657,64.50286]],[[21.14163,64.45235],[21.14222,64.45302]],[[21.14222,64.45302],[21.14261,64.45349],[21.14335,64.45432],[21.14408,64.45517],[21.14481,64.45601],[21.14555,64.45686],[21.14627,64.4577],[21.14701,64.45855],[21.14772,64.45939],[21.14843,64.46023],[21.14919,64.46107],[21.14991,64.46191],[21.15063,64.46275],[21.15206,64.46445],[21.1528,64.46529],[21.15353,64.46613],[21.15427,64.46696],[21.15485,64.46761],[21.15501,64.46779],[21.15575,64.46863],[21.15648,64.46946],[21.15721,64.47029],[21.15794,64.47113],[21.15868,64.47196],[21.15941,64.4728],[21.16015,64.47364],[21.16088,64.47447],[21.1616,64.47531],[21.16234,64.47615],[21.16307,64.47698],[21.16381,64.47782],[21.16453,64.47866],[21.16526,64.47949],[21.16599,64.48033],[21.16672,64.48117],[21.16743,64.48201],[21.16815,64.48284],[21.16886,64.48368],[21.16959,64.48451]],[[21.123,64.41971],[21.12304,64.42004]],[[21.12304,64.42004],[21.12315,64.42066],[21.12345,64.42245],[21.12358,64.42335],[21.12371,64.42425],[21.12386,64.42514],[21.12399,64.42604],[21.12413,64.42694],[21.1243,64.42784],[21.12453,64.42873],[21.12475,64.42962],[21.12508,64.43054],[21.1254,64.43143],[21.12579,64.43231],[21.1262,64.43318],[21.12664,64.43406],[21.12715,64.43493],[21.12767,64.43579],[21.12826,64.43666],[21.12887,64.43751],[21.12953,64.43836],[21.13021,64.4392],[21.13093,64.44003],[21.13166,64.44087],[21.1324,64.44169],[21.13311,64.44254],[21.13383,64.44338],[21.13456,64.44421],[21.13528,64.44505],[21.13602,64.44588],[21.13675,64.44672],[21.13749,64.44757],[21.13821,64.44841],[21.13895,64.44926],[21.13969,64.4501],[21.14043,64.45095],[21.14115,64.4518],[21.14163,64.45235]],[[21.10921,64.37522],[21.1092,64.37547]],[[21.1092,64.37547],[21.10919,64.3756],[21.10914,64.37649],[21.1091,64.37738],[21.10911,64.37828],[21.10916,64.37916],[21.10929,64.38005],[21.10947,64.38094],[21.1097,64.38183],[21.10998,64.38271],[21.11034,64.38359],[21.11076,64.38446],[21.1117,64.38626],[21.11223,64.38711],[21.11278,64.38798],[21.11334,64.38883],[21.1139,64.38969],[21.11445,64.39056],[21.11502,64.39142],[21.11557,64.39228],[21.11614,64.39314],[21.1167,64.39401],[21.11723,64.39486],[21.11776,64.39572],[21.11824,64.39657],[21.11866,64.39744],[21.11903,64.3983],[21.11933,64.39918],[21.11956,64.40006],[21.11975,64.40093],[21.1199,64.40182],[21.12003,64.4027],[21.12019,64.40359],[21.12035,64.4045],[21.12043,64.40494],[21.12068,64.40631],[21.12083,64.40722],[21.121,64.40812],[21.12117,64.40903],[21.12133,64.40994],[21.12148,64.41084],[21.12165,64.41175],[21.12195,64.41353],[21.1221,64.41442],[21.12225,64.41532],[21.12239,64.41621],[21.12255,64.4171],[21.12271,64.41799],[21.12284,64.41889],[21.123,64.41971]],[[21.10641,64.35307],[21.10659,64.3534]],[[21.10659,64.3534],[21.10699,64.35411],[21.10746,64.35498],[21.10786,64.35586],[21.10826,64.35674],[21.10859,64.35762],[21.10889,64.35851],[21.10915,64.3594],[21.10935,64.3603],[21.10951,64.3612],[21.10963,64.3621],[21.1097,64.363],[21.10976,64.3639],[21.10976,64.3648],[21.10973,64.3657],[21.10968,64.3666],[21.10964,64.3675],[21.1096,64.36841],[21.10954,64.3693],[21.10949,64.3702],[21.10945,64.3711],[21.1094,64.372],[21.10935,64.3729],[21.1093,64.3738],[21.10924,64.3747],[21.10921,64.37522]],[[21.10291,64.34697],[21.10304,64.34723]],[[21.10304,64.34723],[21.10349,64.34803],[21.104,64.3489],[21.10447,64.34977],[21.10498,64.35063],[21.10549,64.3515],[21.106,64.35237],[21.10641,64.35307]],[[21.09697,64.33617],[21.09717,64.33655]],[[21.09717,64.33655],[21.09746,64.33714],[21.09791,64.33801],[21.0984,64.33889],[21.09888,64.33976],[21.09939,64.34063],[21.0999,64.3415],[21.10044,64.34237],[21.1014,64.34411],[21.10186,64.34499],[21.10291,64.34697]],[[21.08986,64.32131],[21.0901,64.32184]],[[21.0901,64.32184],[21.09027,64.32218],[21.09068,64.32306],[21.09092,64.32356],[21.09151,64.32482],[21.09192,64.3257],[21.09234,64.32658],[21.09276,64.32747],[21.09319,64.32834],[21.09361,64.32922],[21.09402,64.33011],[21.09445,64.33099],[21.09487,64.33187],[21.09529,64.33275],[21.0955,64.33319],[21.09572,64.33363],[21.09581,64.33385],[21.09587,64.33396],[21.09592,64.33407],[21.09615,64.33451],[21.09659,64.33538],[21.09697,64.33617]],[[21.09054,64.30018],[21.09056,64.30042]],[[21.09056,64.30042],[21.09062,64.30082],[21.0907,64.30173],[21.09071,64.30263],[21.09068,64.30353],[21.0906,64.30443],[21.09047,64.30532],[21.09028,64.30622],[21.09005,64.30712],[21.08979,64.30801],[21.0895,64.30889],[21.08923,64.30977],[21.08896,64.31065],[21.08873,64.31153],[21.08855,64.31242],[21.08841,64.31331],[21.08834,64.3142],[21.08832,64.31509],[21.08837,64.31597],[21.08846,64.31686],[21.08863,64.31776],[21.08886,64.31865],[21.08913,64.31954],[21.08946,64.32042],[21.08986,64.32131]],[[21.08312,64.28446],[21.08332,64.28469]],[[21.08332,64.28469],[21.08361,64.285],[21.08434,64.28584],[21.08501,64.28669],[21.08565,64.28755],[21.08622,64.2884],[21.08675,64.28927],[21.08722,64.29015],[21.08763,64.29103],[21.088,64.29191],[21.08833,64.2928],[21.08864,64.29369],[21.08893,64.29458],[21.08924,64.29547],[21.08954,64.29636],[21.08984,64.29725],[21.0901,64.29814],[21.09031,64.29903],[21.0905,64.29993],[21.09054,64.30018]],[[21.08048,64.28193],[21.08081,64.28222]],[[21.08081,64.28222],[21.08117,64.28253],[21.08203,64.28335],[21.08284,64.28417],[21.08312,64.28446]],[[21.06009,64.26876],[21.06123,64.26946],[21.06186,64.26984],[21.06251,64.27023],[21.06308,64.27058]],[[21.06308,64.27058],[21.06428,64.27131],[21.06548,64.27204],[21.06668,64.27277],[21.06788,64.27351],[21.06908,64.27423],[21.0703,64.27496],[21.0715,64.27569],[21.0727,64.27641],[21.07389,64.27714],[21.07505,64.27788],[21.07619,64.27863],[21.07725,64.27939],[21.07831,64.28016],[21.0793,64.28094],[21.08026,64.28174],[21.08048,64.28193]],[[21.01646,64.24461],[21.01685,64.24477]],[[21.01685,64.24477],[21.01796,64.24523],[21.01944,64.24584],[21.02092,64.24645],[21.02242,64.24707],[21.02389,64.24769],[21.02539,64.24831],[21.02645,64.24875],[21.02686,64.24893],[21.02837,64.24955],[21.02986,64.25016],[21.03132,64.25078],[21.03283,64.25141],[21.03433,64.25203],[21.0358,64.25264],[21.03725,64.25328],[21.03866,64.25394],[21.04004,64.25461],[21.04136,64.2553],[21.04261,64.25599],[21.04384,64.25671],[21.04505,64.25745],[21.04619,64.2582],[21.04726,64.25895],[21.04831,64.25974],[21.04933,64.26053],[21.05029,64.26132],[21.05124,64.26212],[21.05219,64.26292],[21.05314,64.26372],[21.0541,64.26452],[21.05509,64.26531],[21.05613,64.26609],[21.0572,64.26687],[21.05831,64.26763],[21.05946,64.26837],[21.06009,64.26876]],[[20.97475,64.22762],[20.97537,64.22786]],[[20.97537,64.22786],[20.97589,64.22806],[20.97743,64.22866],[20.97898,64.22925],[20.98052,64.22986],[20.98205,64.23046],[20.98356,64.23107],[20.98509,64.23168],[20.9866,64.23229],[20.9881,64.23291],[20.98961,64.23353],[20.99111,64.23414],[20.99259,64.23475],[20.9941,64.23538],[20.9956,64.236],[20.9971,64.23661],[20.99859,64.23723],[21.00009,64.23784],[21.00158,64.23846],[21.00307,64.23907],[21.00459,64.23969],[21.00607,64.24031],[21.00755,64.24092],[21.00904,64.24154],[21.01052,64.24215],[21.01202,64.24276],[21.01349,64.24338],[21.01497,64.24399],[21.01646,64.24461]],[[20.96342,64.22325],[20.9651,64.22389],[20.96665,64.22449],[20.96818,64.22508],[20.96972,64.22568],[20.97127,64.22628],[20.97281,64.22687],[20.97435,64.22746],[20.97475,64.22762]],[[20.9625,64.22289],[20.96342,64.22325]],[[20.92815,64.20961],[20.92892,64.20991]],[[20.92892,64.20991],[20.92972,64.21021],[20.93126,64.2108],[20.93279,64.2114],[20.93434,64.21199],[20.93589,64.21259],[20.93743,64.21318],[20.93898,64.21378],[20.94051,64.21437],[20.94206,64.21497],[20.9436,64.21556],[20.94514,64.21616],[20.94667,64.21675],[20.9482,64.21735],[20.94974,64.21794],[20.95127,64.21854],[20.9528,64.21913],[20.95433,64.21973],[20.95586,64.22032],[20.9574,64.22092],[20.95894,64.22152],[20.96048,64.2221],[20.9625,64.22289]],[[20.85245,64.18023],[20.85433,64.18099],[20.85585,64.18159],[20.85741,64.1822],[20.85894,64.1828],[20.86047,64.1834],[20.86201,64.184],[20.86355,64.1846],[20.86458,64.18501],[20.86508,64.1852],[20.86601,64.18557]],[[20.86601,64.18557],[20.86637,64.18571],[20.86969,64.18699],[20.87124,64.18759],[20.87275,64.18818],[20.87429,64.18878],[20.87583,64.18937],[20.87737,64.18997],[20.87887,64.19056],[20.88042,64.19116],[20.88195,64.19175],[20.88348,64.19235],[20.885,64.19295],[20.88654,64.19354],[20.88808,64.19414],[20.88961,64.19474],[20.89114,64.19533],[20.89268,64.19593],[20.89421,64.19653],[20.89574,64.19713],[20.89728,64.19773],[20.89758,64.19784],[20.89882,64.19832],[20.90038,64.19891],[20.90193,64.1995],[20.90348,64.2001],[20.90503,64.20069],[20.90659,64.20128],[20.90813,64.20187],[20.90969,64.20247],[20.9128,64.20365],[20.91434,64.20425],[20.9155,64.2047],[20.91586,64.20484],[20.91739,64.20544],[20.91894,64.20604],[20.92047,64.20663],[20.92201,64.20723],[20.92355,64.20782],[20.92508,64.20842],[20.92663,64.20902],[20.92815,64.20961]],[[20.82435,64.16109],[20.82481,64.16147]],[[20.82481,64.16147],[20.82507,64.16166],[20.82606,64.16245],[20.82706,64.16323],[20.82804,64.16401],[20.82903,64.16479],[20.83002,64.16558],[20.83099,64.16637],[20.83197,64.16715],[20.83294,64.16793],[20.83392,64.16872],[20.83491,64.1695],[20.83588,64.17029],[20.83686,64.17107],[20.83782,64.17185],[20.83881,64.17263],[20.83986,64.17341],[20.84095,64.17417],[20.84208,64.17492],[20.84328,64.17566],[20.84451,64.17638],[20.84578,64.17709],[20.84709,64.17778],[20.84847,64.17845],[20.84987,64.17911],[20.85129,64.17974],[20.85245,64.18023]],[[20.8136,64.14603],[20.81374,64.14659]],[[20.81374,64.14659],[20.81396,64.14728]],[[20.81396,64.14728],[20.81411,64.14778]],[[20.81411,64.14778],[20.81426,64.14818],[20.81459,64.14906],[20.81498,64.14995],[20.81541,64.15083],[20.81588,64.1517],[20.8164,64.15257],[20.81697,64.15344],[20.81758,64.1543],[20.81823,64.15515],[20.81894,64.156],[20.81969,64.15684],[20.82049,64.15766],[20.82132,64.15848],[20.8222,64.15928],[20.82312,64.16008],[20.82407,64.16088],[20.82435,64.16109]],[[20.82107,64.11949],[20.82093,64.11985]],[[20.82093,64.11985],[20.82069,64.12041],[20.82019,64.12157],[20.81979,64.12246],[20.8194,64.12335],[20.81902,64.12425],[20.81864,64.12514],[20.81825,64.12603],[20.81785,64.12692],[20.81747,64.12781],[20.81707,64.1287],[20.8167,64.12959],[20.81632,64.13047],[20.81593,64.13135],[20.81555,64.13222],[20.81517,64.13309],[20.81478,64.13396],[20.81441,64.13484],[20.81407,64.13572],[20.81376,64.1366],[20.81351,64.13748],[20.81331,64.13836],[20.81316,64.13925],[20.81307,64.14014],[20.81303,64.14104],[20.81302,64.14194],[20.81307,64.14283],[20.81315,64.14372],[20.81329,64.14461],[20.81346,64.1455],[20.8136,64.14603]],[[20.836,64.09],[20.83571,64.09039]],[[20.83571,64.09039],[20.8353,64.09094],[20.83463,64.09178],[20.83397,64.09263],[20.83331,64.09348],[20.83266,64.09432],[20.83203,64.09518],[20.83145,64.09605],[20.83095,64.09691],[20.83047,64.09779],[20.83005,64.09867],[20.82966,64.09956],[20.82927,64.10044],[20.82888,64.10132],[20.82851,64.10221],[20.82813,64.10309],[20.82773,64.10397],[20.82736,64.10484],[20.82698,64.10573],[20.82662,64.10659],[20.82622,64.10748],[20.82584,64.10836],[20.82546,64.10922],[20.82508,64.11011],[20.82471,64.11099],[20.82432,64.11186],[20.82395,64.11275],[20.82358,64.11363],[20.8232,64.11452],[20.82282,64.1154],[20.82245,64.11628],[20.82207,64.11717],[20.82169,64.11804],[20.82132,64.11893],[20.82107,64.11949]],[[20.83952,64.0776],[20.83958,64.07804]],[[20.83958,64.07804],[20.83963,64.07853],[20.83969,64.07944],[20.8397,64.08035],[20.83963,64.08124],[20.83951,64.08215],[20.83934,64.08305],[20.8391,64.08396],[20.83881,64.08485],[20.83844,64.08576],[20.83803,64.08663],[20.83758,64.08751],[20.83709,64.08838],[20.83654,64.08923],[20.836,64.09]],[[20.82942,64.06349],[20.83009,64.06404],[20.83105,64.06483],[20.83197,64.06562],[20.83286,64.06642],[20.8337,64.06724],[20.83449,64.06806],[20.83523,64.0689],[20.8359,64.06974],[20.83653,64.07059],[20.83711,64.07146],[20.83762,64.07232],[20.83808,64.0732],[20.83848,64.07408],[20.83884,64.07496],[20.83913,64.07584],[20.83936,64.07673],[20.83952,64.0776]],[[20.82881,64.06297],[20.82913,64.06325],[20.82942,64.06349]],[[20.7942,64.03227],[20.79506,64.03317]],[[20.79506,64.03317],[20.79623,64.03438],[20.79703,64.0352],[20.79783,64.03603],[20.79864,64.03687],[20.79944,64.03769],[20.80023,64.03851],[20.80102,64.03934],[20.80183,64.04016],[20.80265,64.04098],[20.80349,64.04179],[20.80437,64.04261],[20.80527,64.04341],[20.8062,64.0442],[20.80716,64.04501],[20.80809,64.0458],[20.80904,64.04659],[20.81,64.04738],[20.81096,64.04818],[20.81191,64.04897],[20.81287,64.04976],[20.81381,64.05056],[20.81476,64.05135],[20.81572,64.05214],[20.81668,64.05294],[20.8176,64.05369],[20.81861,64.05453],[20.81956,64.05533],[20.82052,64.05612],[20.82147,64.05691],[20.82243,64.05771],[20.8234,64.0585],[20.82435,64.05929],[20.82531,64.06008],[20.82626,64.06088],[20.82722,64.06167],[20.82829,64.06255],[20.82881,64.06297]],[[20.76784,64.00983],[20.76889,64.0104],[20.77016,64.01109],[20.77142,64.01179],[20.77269,64.01251],[20.77391,64.01324],[20.77509,64.01398],[20.7762,64.01474],[20.77728,64.01551],[20.77831,64.01629],[20.77928,64.01709],[20.78021,64.0179],[20.78108,64.01872],[20.78192,64.01955],[20.78274,64.02038],[20.78352,64.0212],[20.78431,64.02202],[20.7851,64.02285],[20.7859,64.02366],[20.78669,64.02449],[20.78747,64.0253],[20.78826,64.02613],[20.78905,64.02694],[20.78984,64.02777],[20.79064,64.02859],[20.79143,64.02941],[20.79223,64.03025],[20.79303,64.03107],[20.79383,64.0319],[20.7942,64.03227]],[[20.76661,64.00917],[20.76784,64.00983]],[[20.5551,63.89737],[20.55632,63.89752],[20.55706,63.89761],[20.55897,63.89791],[20.56085,63.89825],[20.56267,63.89864],[20.56446,63.89908],[20.56618,63.89957],[20.56781,63.90009],[20.5694,63.90066],[20.57093,63.90125],[20.57244,63.90186],[20.57387,63.90249],[20.57527,63.90314],[20.57665,63.90381],[20.57795,63.9045],[20.57922,63.90521],[20.58043,63.90594],[20.58163,63.90668],[20.58278,63.90742],[20.58395,63.90817],[20.58628,63.90966],[20.58744,63.9104],[20.5886,63.91115],[20.58977,63.91188],[20.59092,63.91261],[20.59207,63.91335],[20.59324,63.91408],[20.59439,63.91482],[20.59555,63.91556],[20.59671,63.91629],[20.59787,63.91703],[20.5993,63.91793],[20.59949,63.91805],[20.60019,63.9185],[20.60133,63.91923],[20.6025,63.91997],[20.60367,63.92071],[20.60483,63.92144],[20.60599,63.92218],[20.60719,63.92291],[20.60839,63.92363],[20.60966,63.92433],[20.61098,63.92502],[20.61236,63.92569],[20.61376,63.92634],[20.61674,63.92758],[20.6183,63.92817],[20.6199,63.92874],[20.6232,63.92982],[20.6249,63.93032],[20.62662,63.93081],[20.62835,63.9313],[20.63009,63.9318],[20.63177,63.93231],[20.6334,63.93282],[20.63496,63.93335],[20.6365,63.93391],[20.63799,63.93448],[20.63946,63.93508],[20.64088,63.9357],[20.64224,63.93632],[20.64358,63.93698],[20.64486,63.93765],[20.64609,63.93833],[20.64733,63.93906],[20.64852,63.93981],[20.64966,63.94058],[20.65075,63.94136],[20.6518,63.94214],[20.65282,63.94294],[20.65384,63.94374],[20.65488,63.94453],[20.65589,63.94533],[20.65691,63.94612],[20.65793,63.94692],[20.65892,63.94769],[20.65991,63.94847],[20.6609,63.94925],[20.6619,63.95003],[20.6629,63.9508],[20.66389,63.95158],[20.66488,63.95235],[20.66587,63.95312],[20.66688,63.95391],[20.66785,63.95467],[20.66885,63.95546],[20.66984,63.95625],[20.67087,63.95703],[20.67192,63.95781],[20.67305,63.95856],[20.67423,63.95931],[20.67542,63.96004],[20.67668,63.96075],[20.67797,63.96146],[20.67927,63.96216],[20.68056,63.96286],[20.68184,63.96355],[20.68314,63.96424],[20.68443,63.96492],[20.68571,63.96561],[20.687,63.9663],[20.68829,63.96699],[20.68957,63.96767],[20.69087,63.96836],[20.69214,63.96905],[20.69343,63.96974],[20.69408,63.97009],[20.69535,63.97079],[20.69664,63.9715],[20.69793,63.97219],[20.69923,63.9729],[20.70052,63.9736],[20.7018,63.97429],[20.70309,63.97499],[20.70438,63.97569],[20.70567,63.97639],[20.70696,63.97709],[20.70824,63.9778],[20.70953,63.97849],[20.71082,63.97918],[20.71211,63.97986],[20.71341,63.98055],[20.7147,63.98124],[20.71555,63.98169],[20.716,63.98193],[20.71729,63.98262],[20.71858,63.98331],[20.71988,63.984],[20.72118,63.98469],[20.72247,63.98538],[20.72377,63.98607],[20.72504,63.98676],[20.72636,63.98745],[20.72764,63.98814],[20.72893,63.98883],[20.73022,63.98952],[20.73152,63.99021],[20.73281,63.9909],[20.73409,63.99159],[20.7354,63.99229],[20.73669,63.99298],[20.73798,63.99368],[20.73929,63.99438],[20.74057,63.99507],[20.74187,63.99577],[20.74317,63.99646],[20.74447,63.99716],[20.74575,63.99785],[20.74706,63.99854],[20.74836,63.99925],[20.74962,63.99995],[20.75089,64.00065],[20.75219,64.00135],[20.75346,64.00205],[20.75473,64.00275],[20.75602,64.00345],[20.75732,64.00415],[20.75859,64.00485],[20.75987,64.00554],[20.76115,64.00624],[20.76245,64.00693],[20.76374,64.00763],[20.76502,64.00832],[20.76661,64.00917]],[[20.55272,63.89713],[20.55378,63.89723],[20.5551,63.89737]],[[20.44108,63.86896],[20.44282,63.86929]],[[20.44282,63.86929],[20.44429,63.86959],[20.44611,63.86999],[20.44793,63.87042],[20.44968,63.87087],[20.45141,63.87134],[20.4531,63.87184],[20.45478,63.87236],[20.45641,63.8729],[20.458,63.87347],[20.45955,63.87406],[20.46106,63.87466],[20.46254,63.87529],[20.46396,63.87593],[20.46532,63.8766],[20.46667,63.87729],[20.46795,63.87798],[20.46917,63.8787],[20.47036,63.87942],[20.47151,63.88016],[20.47266,63.8809],[20.47381,63.88164],[20.47499,63.88236],[20.47622,63.88307],[20.4775,63.88377],[20.47884,63.88444],[20.48022,63.8851],[20.48165,63.88574],[20.48313,63.88635],[20.48463,63.88694],[20.4862,63.88752],[20.48781,63.88808],[20.48944,63.88861],[20.49112,63.88913],[20.49282,63.88961],[20.49456,63.89007],[20.49634,63.89052],[20.49815,63.89094],[20.49996,63.89133],[20.50181,63.89169],[20.50368,63.89203],[20.50556,63.89235],[20.50748,63.89264],[20.50941,63.89291],[20.51136,63.89315],[20.51333,63.89336],[20.5153,63.89355],[20.51541,63.89356],[20.51727,63.89374],[20.52127,63.89412],[20.52324,63.89431],[20.52525,63.89451],[20.52924,63.8949],[20.53123,63.89508],[20.53323,63.89528],[20.53522,63.89547],[20.53721,63.89566],[20.5412,63.89604],[20.54318,63.89623],[20.54518,63.89642],[20.54917,63.89679],[20.55152,63.89702],[20.55272,63.89713]],[[20.22383,63.85497],[20.22361,63.85517],[20.22334,63.85537],[20.22273,63.85584],[20.22216,63.85632],[20.22175,63.85673],[20.22137,63.85716],[20.22114,63.85745],[20.2209,63.8578],[20.22073,63.85811],[20.22058,63.8584],[20.22044,63.85871],[20.22032,63.85907],[20.22025,63.85933],[20.22019,63.8596],[20.22015,63.86009],[20.22016,63.8605],[20.22019,63.86074],[20.22023,63.86098],[20.22031,63.86133],[20.22047,63.86178],[20.22068,63.86223],[20.22096,63.86273],[20.22133,63.86323],[20.22156,63.8635],[20.2218,63.86376],[20.22235,63.86431],[20.22299,63.86491]],[[20.87649,64.76006],[20.86651,64.76219],[20.86147,64.76441],[20.85902,64.76644],[20.85829,64.76828],[20.85904,64.7708],[20.86063,64.77303],[20.86415,64.77554],[20.86799,64.77742],[20.88984,64.78971],[20.90035,64.79812],[20.91122,64.80954],[20.93327,64.83133],[20.9351,64.83475],[20.93681,64.84102],[20.93714,64.84226],[20.94173,64.84667],[20.94479,64.8506],[20.94894,64.85408],[20.96119,64.86199],[20.98609,64.87611],[21.00687,64.88263],[21.02064,64.88651],[21.06487,64.89838],[21.10344,64.91029],[21.14884,64.92588],[21.1897,64.93709],[21.20552,64.94383],[21.21239,64.94711],[21.21842,64.95025],[21.22172,64.9523],[21.22553,64.95667],[21.23306,64.96395],[21.24031,64.96948],[21.25386,64.98001],[21.27812,65.0022],[21.28453,65.01553],[21.29159,65.02445],[21.31152,65.04196],[21.34441,65.07122],[21.36886,65.0924],[21.3953,65.10977],[21.40902,65.12324],[21.41765,65.13126],[21.42581,65.13794],[21.43951,65.15163],[21.4494,65.15775],[21.46207,65.16887],[21.46943,65.17777],[21.47467,65.19687],[21.48224,65.21324],[21.49378,65.22087],[21.50537,65.22727],[21.5101,65.22893],[21.52014,65.23283],[21.52117,65.23361],[21.52373,65.23554],[21.52695,65.23895],[21.53201,65.24542],[21.53958,65.25462],[21.53978,65.26254],[21.53683,65.26867],[21.53134,65.27658],[21.5285,65.28067],[21.52185,65.29026],[21.5175,65.29663],[21.51582,65.29892],[21.51389,65.30099],[21.51118,65.30299],[21.5084,65.30473],[21.5048,65.3067],[21.50159,65.30826],[21.49897,65.30926],[21.49496,65.31034],[21.49204,65.31091],[21.48848,65.31153],[21.48428,65.31237],[21.47998,65.31371],[21.4774,65.31456],[21.45657,65.31713],[21.45012,65.31722],[21.44636,65.31774],[21.43285,65.32004],[21.4266,65.32217],[21.42519,65.32317],[21.42423,65.32423],[21.42377,65.32515]],[[21.42377,65.32515],[21.42369,65.32649],[21.42405,65.32758],[21.42471,65.32849],[21.42594,65.32955],[21.42753,65.3305],[21.4306,65.33177],[21.43361,65.33325],[21.43543,65.33448]]]}},{"type":"Feature","properties":{"id":"olskroken-planskildhet","name":"Olskroken planskildhet","label_short":"Olskroken","type":"rail","status":"opened","open_year":2026,"open_window":null,"budget_msek":4000.0,"price_base":"2020","agency":"Trafikverket","kommuner":["1480"],"kommun_names":["Göteborg"],"stations":[],"stations_located":[],"geometry_source":"none — not drawn","source_url":"https://www.trafikverket.se/vara-projekt/projekt-i-vastra-gotalands-lan/olskroken-planskildhet/","source_doc":null,"notes":"Grade separation handed over to Trafikverket's maintenance organisation; the Västlänken tracks through it go live in 2026. Source page last updated 2022-08-02, so both the year and the ~4 bn SEK are stale — low confidence."},"geometry":null},{"type":"Feature","properties":{"id":"ostkustbanan-dingersjo-sundsvall","name":"Ostkustbanan, Sundsvall C–Dingersjö, dubbelspårsutbyggnad","label_short":"Dingersjö–Sundsvall","type":"rail","status":"construction","open_year":2032,"open_window":null,"budget_msek":4942.0,"price_base":"2025-02","agency":"Trafikverket","kommuner":["2281"],"kommun_names":["Sundsvall"],"stations":[],"stations_located":[],"geometry_source":"osm:railway alignment, 1 way(s) matched by name","source_url":"https://www.trafikverket.se/vara-projekt/projekt-i-vasternorrlands-lan/dingersjo--sundsvall-dubbelspar/","source_doc":"https://bransch.trafikverket.se/contentassets/2fca968f05c545d59749ce9d442e117a/bilaga1_nationell_plan_for_transportinfrastrukturen_2026-2037-webb.xlsx","notes":"12.5 km. Budget is the sum of two plan objects (Sundsvall C–Kubikenborg 877 + Kubikenborg–Dingersjö 4 065). The project page says 'cirka 4,5 miljarder' without a price base. Byggstart 2025 and 2028 respectively, both complete 2032."},"geometry":{"type":"MultiLineString","coordinates":[[[17.11655,60.68265],[17.10931,60.68227],[17.1046,60.68233],[17.10213,60.68242],[17.09853,60.68256],[17.09257,60.68313],[17.09107,60.68338],[17.08976,60.68377],[17.08865,60.68426],[17.08801,60.68474],[17.0871,60.68534],[17.08393,60.68735],[17.08022,60.68965],[17.07694,60.69299],[17.07569,60.69519],[17.07475,60.69707],[17.07419,60.6995],[17.07286,60.70368],[17.07199,60.70994],[17.07127,60.72417],[17.07123,60.72881],[17.07258,60.73223],[17.07467,60.73465],[17.07896,60.7402],[17.0791,60.74058],[17.07998,60.743],[17.0804,60.74608],[17.07998,60.74897],[17.07953,60.75239],[17.07897,60.75592],[17.07871,60.75882],[17.0773,60.76247],[17.07191,60.76921],[17.07056,60.77256],[17.06996,60.77491],[17.0704,60.77961],[17.07308,60.78382],[17.07695,60.78837],[17.07922,60.79199],[17.08055,60.79609],[17.07995,60.80062],[17.07958,60.80471],[17.07824,60.81392],[17.07789,60.81869],[17.07781,60.82055],[17.07881,60.82572],[17.07924,60.82992],[17.07916,60.83179],[17.07656,60.83608],[17.07535,60.83846],[17.07306,60.84221],[17.06904,60.84805],[17.06636,60.85199],[17.05782,60.86028],[17.05306,60.8657],[17.04792,60.87052],[17.0414,60.87574],[17.03729,60.87993],[17.03168,60.88555],[17.02287,60.89389],[17.01337,60.90126],[17.01192,60.90304],[17.01067,60.90694],[17.00956,60.91398],[17.00983,60.91831],[17.00767,60.9257],[17.00951,60.93049],[17.01137,60.93349],[17.01636,60.93942],[17.02531,60.94685],[17.02884,60.94917],[17.03992,60.95541]]]}},{"type":"Feature","properties":{"id":"ostkustbanan-fyra-spar-uppsala","name":"Ostkustbanan, fyra spår Uppsala–länsgränsen Uppsala/Stockholm","label_short":"Fyra spår Uppsala","type":"rail","status":"decided","open_year":2034,"open_window":null,"budget_msek":17161.0,"price_base":"2025-02","agency":"Trafikverket","kommuner":["0380","0330","0191"],"kommun_names":["Uppsala","Knivsta","Sigtuna"],"stations":["Bergsbrunna","Alsike"],"stations_located":[{"name":"Bergsbrunna","lat":59.85608,"lon":17.65624,"osm_tag":"highway=bus_stop"},{"name":"Alsike","lat":59.73398,"lon":17.68871,"osm_tag":"highway=bus_stop"}],"geometry_source":"osm:railway alignment, 3 way(s) matched by name","source_url":"https://www.trafikverket.se/vara-projekt/projekt-i-uppsala-lan/fyra-spar-uppsala/","source_doc":"https://bransch.trafikverket.se/contentassets/2fca968f05c545d59749ce9d442e117a/bilaga1_nationell_plan_for_transportinfrastrukturen_2026-2037-webb.xlsx","notes":"~23 km of two extra tracks, opening 2034 for both sub-stretches. Byggstart earliest late 2026 (Söder Bergsbrunna–Uppsala C) and earliest 2028 (länsgränsen–Söder Bergsbrunna)."},"geometry":{"type":"MultiLineString","coordinates":[[[17.11655,60.68265],[17.10931,60.68227],[17.1046,60.68233],[17.10213,60.68242],[17.09853,60.68256],[17.09257,60.68313],[17.09107,60.68338],[17.08976,60.68377],[17.08865,60.68426],[17.08801,60.68474],[17.0871,60.68534],[17.08393,60.68735],[17.08022,60.68965],[17.07694,60.69299],[17.07569,60.69519],[17.07475,60.69707],[17.07419,60.6995],[17.07286,60.70368],[17.07199,60.70994],[17.07127,60.72417],[17.07123,60.72881],[17.07258,60.73223],[17.07467,60.73465],[17.07896,60.7402],[17.0791,60.74058],[17.07998,60.743],[17.0804,60.74608],[17.07998,60.74897],[17.07953,60.75239],[17.07897,60.75592],[17.07871,60.75882],[17.0773,60.76247],[17.07191,60.76921],[17.07056,60.77256],[17.06996,60.77491],[17.0704,60.77961],[17.07308,60.78382],[17.07695,60.78837],[17.07922,60.79199],[17.08055,60.79609],[17.07995,60.80062],[17.07958,60.80471],[17.07824,60.81392],[17.07789,60.81869],[17.07781,60.82055],[17.07881,60.82572],[17.07924,60.82992],[17.07916,60.83179],[17.07656,60.83608],[17.07535,60.83846],[17.07306,60.84221],[17.06904,60.84805],[17.06636,60.85199],[17.05782,60.86028],[17.05306,60.8657],[17.04792,60.87052],[17.0414,60.87574],[17.03729,60.87993],[17.03168,60.88555],[17.02287,60.89389],[17.01337,60.90126],[17.01192,60.90304],[17.01067,60.90694],[17.00956,60.91398],[17.00983,60.91831],[17.00767,60.9257],[17.00951,60.93049],[17.01137,60.93349],[17.01636,60.93942],[17.02531,60.94685],[17.02884,60.94917],[17.03992,60.95541]],[[17.73963,59.80105],[17.7383,59.80232],[17.73619,59.80407],[17.73456,59.80552],[17.73329,59.80672],[17.73173,59.80815],[17.72971,59.81003],[17.72835,59.81128],[17.72716,59.81246],[17.72643,59.81309],[17.72568,59.81379],[17.72501,59.81435],[17.72345,59.8158],[17.72232,59.81681],[17.72048,59.81823],[17.71867,59.81955],[17.71548,59.82187],[17.71456,59.82259],[17.71451,59.82263],[17.71317,59.82362],[17.71291,59.8238],[17.71114,59.82505],[17.70875,59.82665],[17.70658,59.82781],[17.7029,59.82972],[17.70062,59.83077],[17.69541,59.83312],[17.69218,59.83476],[17.68751,59.83718],[17.68404,59.83897],[17.68078,59.84069],[17.67623,59.84303],[17.67185,59.84531],[17.66823,59.84718],[17.66591,59.84836],[17.66295,59.84997]],[[17.71626,59.82107],[17.71364,59.82305],[17.70843,59.82658],[17.70414,59.82887],[17.70093,59.83042],[17.6951,59.83303]]]}},{"type":"Feature","properties":{"id":"ostkustbanan-gavle-kringlan","name":"Ostkustbanan, Gävle–Kringlan (Axmartavlan), nytt dubbelspår","label_short":"Gävle–Kringlan","type":"rail","status":"decided","open_year":null,"open_window":null,"budget_msek":11275.0,"price_base":"2025-02","agency":"Trafikverket","kommuner":["2180"],"kommun_names":["Gävle"],"stations":[],"stations_located":[],"geometry_source":"osm:railway alignment, 1 way(s) matched by name","source_url":"https://www.trafikverket.se/vara-projekt/projekt-i-gavleborgs-lan/gavlekringlan-axmartavlan-nytt-dubbelspar-ostkustbanan-norra-stambanan-och-bergslagsbanan/","source_doc":"https://bransch.trafikverket.se/contentassets/2fca968f05c545d59749ce9d442e117a/bilaga1_nationell_plan_for_transportinfrastrukturen_2026-2037-webb.xlsx","notes":"Classified 'Förberedelse för byggstart' in the plan, but the project page says an analysis is running through autumn 2026 and gives no byggstart or opening year. Has ~39 MSEK EU co-funding for system documentation."},"geometry":{"type":"MultiLineString","coordinates":[[[17.11655,60.68265],[17.10931,60.68227],[17.1046,60.68233],[17.10213,60.68242],[17.09853,60.68256],[17.09257,60.68313],[17.09107,60.68338],[17.08976,60.68377],[17.08865,60.68426],[17.08801,60.68474],[17.0871,60.68534],[17.08393,60.68735],[17.08022,60.68965],[17.07694,60.69299],[17.07569,60.69519],[17.07475,60.69707],[17.07419,60.6995],[17.07286,60.70368],[17.07199,60.70994],[17.07127,60.72417],[17.07123,60.72881],[17.07258,60.73223],[17.07467,60.73465],[17.07896,60.7402],[17.0791,60.74058],[17.07998,60.743],[17.0804,60.74608],[17.07998,60.74897],[17.07953,60.75239],[17.07897,60.75592],[17.07871,60.75882],[17.0773,60.76247],[17.07191,60.76921],[17.07056,60.77256],[17.06996,60.77491],[17.0704,60.77961],[17.07308,60.78382],[17.07695,60.78837],[17.07922,60.79199],[17.08055,60.79609],[17.07995,60.80062],[17.07958,60.80471],[17.07824,60.81392],[17.07789,60.81869],[17.07781,60.82055],[17.07881,60.82572],[17.07924,60.82992],[17.07916,60.83179],[17.07656,60.83608],[17.07535,60.83846],[17.07306,60.84221],[17.06904,60.84805],[17.06636,60.85199],[17.05782,60.86028],[17.05306,60.8657],[17.04792,60.87052],[17.0414,60.87574],[17.03729,60.87993],[17.03168,60.88555],[17.02287,60.89389],[17.01337,60.90126],[17.01192,60.90304],[17.01067,60.90694],[17.00956,60.91398],[17.00983,60.91831],[17.00767,60.9257],[17.00951,60.93049],[17.01137,60.93349],[17.01636,60.93942],[17.02531,60.94685],[17.02884,60.94917],[17.03992,60.95541]]]}},{"type":"Feature","properties":{"id":"ostlanken","name":"Ostlänken, nytt dubbelspår Järna–Linköping","label_short":"Ostlänken","type":"rail","status":"construction","open_year":2035,"open_window":null,"budget_msek":106226.0,"price_base":"2025-02","agency":"Trafikverket","kommuner":["0181","0488","0480","0581","0580"],"kommun_names":["Södertälje","Trosa","Nyköping","Norrköping","Linköping"],"stations":["Vagnhärad","Nyköping","Skavsta","Norrköping","Linköping"],"stations_located":[{"name":"Vagnhärad","lat":58.94581,"lon":17.49843,"osm_tag":"public_transport=station"},{"name":"Nyköping","lat":58.74874,"lon":17.00189,"osm_tag":"highway=bus_stop"},{"name":"Skavsta","lat":58.78445,"lon":16.92117,"osm_tag":"highway=bus_stop"},{"name":"Norrköping","lat":58.75166,"lon":16.99352,"osm_tag":"highway=bus_stop"},{"name":"Linköping","lat":58.41696,"lon":15.624,"osm_tag":"public_transport=station"}],"geometry_source":"osm:railway alignment, 116 way(s) matched by name","source_url":"https://www.trafikverket.se/vara-projekt/projekt-som-stracker-sig-over-flera-lan/ostlanken-en-ny-dubbelsparig-jarnvag/","source_doc":"https://bransch.trafikverket.se/contentassets/2fca968f05c545d59749ce9d442e117a/bilaga1_nationell_plan_for_transportinfrastrukturen_2026-2037-webb.xlsx","notes":"~150 km for 250 km/h; construction 2024–2034, traffic 2035. Plan cost excluding co-financing is 102 825 MSEK, matching the project page's '102,8 miljarder i 2025 års prisnivå'; 106 226 adds co-financing. Footnote (7) in the plan records that the pre-decision cost ceiling was 91,4 bn in price base 2021-02."},"geometry":{"type":"MultiLineString","coordinates":[[[15.68842,58.41847],[15.69897,58.41965],[15.71139,58.42098],[15.71193,58.42104],[15.71242,58.42111],[15.71288,58.42119],[15.72005,58.42247],[15.72073,58.42261],[15.7213,58.42281],[15.72466,58.424],[15.72818,58.42544],[15.7324,58.42783],[15.73464,58.42931],[15.73506,58.42956],[15.73547,58.42974],[15.73808,58.43071],[15.74887,58.43397],[15.75216,58.43534],[15.75349,58.43605],[15.772,58.44904],[15.77657,58.45259],[15.78014,58.45509],[15.78433,58.45755],[15.78454,58.45767],[15.785,58.4579],[15.78536,58.45805],[15.78582,58.45824],[15.7911,58.46033],[15.79875,58.46376],[15.80838,58.46752],[15.81711,58.47059],[15.83198,58.47444],[15.84336,58.47669],[15.85607,58.47859],[15.86307,58.47944],[15.87739,58.48055],[15.89089,58.48196],[15.91147,58.48535],[15.94754,58.4883],[15.95549,58.48928],[15.9736,58.49454],[15.98336,58.49999],[15.99054,58.50466],[15.9927,58.50578],[15.9942,58.50649],[15.9972,58.50826],[16.00137,58.51319],[16.01048,58.5203],[16.01655,58.52368],[16.02603,58.52792],[16.03934,58.53532],[16.05303,58.54295],[16.05871,58.54988],[16.06154,58.55299]],[[16.06154,58.55299],[16.06324,58.55451],[16.0672,58.55749],[16.08438,58.56787],[16.09509,58.57228],[16.11437,58.58064],[16.12315,58.58488],[16.1405,58.59099],[16.14705,58.59252],[16.15889,58.59453],[16.17408,58.59671]],[[16.17408,58.59671],[16.17963,58.59757],[16.18387,58.59817],[16.18608,58.5984],[16.18883,58.59905],[16.19027,58.59976],[16.1912,58.60142],[16.1908,58.60439],[16.18001,58.61199],[16.17719,58.61513],[16.17616,58.6221],[16.17181,58.63009],[16.171,58.63313],[16.17147,58.63631],[16.17395,58.64002],[16.18043,58.64755],[16.19441,58.65759],[16.20851,58.66715]],[[16.20851,58.66715],[16.21585,58.67175],[16.21974,58.67444],[16.22302,58.67604],[16.23375,58.67904],[16.24323,58.6812],[16.25224,58.68326],[16.27057,58.68771],[16.2869,58.69068],[16.29975,58.69314],[16.30994,58.69524],[16.33713,58.70137]],[[16.33713,58.70137],[16.34143,58.7029],[16.34446,58.70448],[16.34802,58.70563],[16.36201,58.71157],[16.36879,58.71546],[16.37133,58.71691],[16.38034,58.72245],[16.38868,58.7266],[16.42272,58.73741],[16.42982,58.73896],[16.43666,58.73976],[16.45314,58.74165],[16.471,58.74302],[16.48164,58.74314],[16.49267,58.74372],[16.50095,58.74481],[16.50745,58.74607],[16.51852,58.74839],[16.53337,58.75221],[16.53726,58.75296],[16.547,58.75378],[16.55726,58.75575],[16.57058,58.75694],[16.58247,58.75663],[16.59406,58.75622],[16.60687,58.75725],[16.62493,58.75843],[16.63169,58.75865],[16.64515,58.75835],[16.65367,58.75868],[16.66351,58.7592],[16.67585,58.75937],[16.69418,58.76146],[16.69845,58.76195],[16.75238,58.77033],[16.80918,58.77892],[16.81979,58.78025],[16.83346,58.78103],[16.84607,58.78162],[16.85224,58.78163],[16.85944,58.78164],[16.87451,58.78166],[16.91669,58.78203],[16.92856,58.78204],[16.94352,58.78217],[16.96135,58.7825],[16.98368,58.78408],[16.99493,58.78577],[17.00087,58.78648],[17.01754,58.78871],[17.02721,58.79003],[17.0392,58.79138],[17.05162,58.79325],[17.06595,58.79655],[17.06896,58.79723],[17.08084,58.79991],[17.10254,58.80489],[17.11051,58.80732],[17.1183,58.81033]],[[16.85224,58.78163],[16.85509,58.78201],[16.85926,58.78239],[16.86012,58.78243],[16.861,58.78245],[16.86237,58.78246],[16.86293,58.78245],[16.86343,58.78243],[16.86577,58.78227],[16.86648,58.7822],[16.86716,58.78211],[16.87097,58.78143],[16.87235,58.78121],[16.87406,58.78101],[16.87484,58.78093],[16.87557,58.78089],[16.87924,58.78075],[16.87979,58.78075],[16.88031,58.78077],[16.88976,58.78136],[16.89404,58.78155],[16.89686,58.78162],[16.90129,58.78166],[16.91332,58.78173],[16.92217,58.78177],[16.9226,58.78177],[16.923,58.78174],[16.92429,58.78165],[16.92543,58.78153],[16.9258,58.78146],[16.92694,58.78099],[16.92766,58.78056],[16.92783,58.78043],[16.92799,58.78023],[16.92822,58.77987],[16.92836,58.77961],[16.92839,58.7793],[16.92795,58.77424],[16.9274,58.77136],[16.92737,58.77105],[16.92744,58.77073],[16.92759,58.77013],[16.92849,58.76718],[16.92921,58.76605],[16.92936,58.76585],[16.92949,58.76569],[16.92962,58.76559],[16.92998,58.76532],[16.9318,58.76411],[16.93629,58.76179],[16.93676,58.76159],[16.93729,58.76145],[16.95173,58.7584]],[[16.33721,58.70132],[16.34159,58.70284],[16.34454,58.70442],[16.34836,58.70565],[16.3623,58.71156],[16.37084,58.71648],[16.38046,58.72236],[16.3888,58.7265],[16.42286,58.73731],[16.42995,58.73885],[16.45332,58.74153],[16.47111,58.74293],[16.48166,58.7431],[16.49278,58.74362],[16.50102,58.74465],[16.50856,58.74621],[16.51939,58.74849],[16.53341,58.75211],[16.53733,58.75285],[16.54705,58.75368],[16.55727,58.75567],[16.57062,58.75687],[16.58159,58.75656],[16.59413,58.75612],[16.6068,58.75715],[16.61642,58.75778],[16.62495,58.75832],[16.63177,58.75857],[16.64524,58.75826],[16.6535,58.75857],[16.66344,58.75912],[16.67121,58.75922],[16.67592,58.75928],[16.69847,58.76184],[16.7292,58.76664],[16.74127,58.7685],[16.76077,58.7715],[16.80877,58.77878],[16.81988,58.78018],[16.83379,58.78097],[16.84605,58.78157],[16.85268,58.78159],[16.85557,58.7816],[16.85955,58.78162],[16.86394,58.78163],[16.86679,58.78164],[16.86823,58.78164],[16.87039,58.78164],[16.87246,58.78165],[16.87469,58.78165],[16.87639,58.78166],[16.87875,58.78168],[16.88097,58.7817],[16.88252,58.78172],[16.88412,58.78173],[16.88626,58.78175],[16.90103,58.78186],[16.91677,58.78199],[16.92861,58.78203],[16.9326,58.78205],[16.94371,58.78213],[16.9614,58.78244],[16.98378,58.78403],[16.99476,58.78571],[17.00085,58.78643],[17.02721,58.78996],[17.03922,58.79126],[17.05173,58.79317],[17.06604,58.79645],[17.06907,58.79713],[17.10274,58.8048],[17.11064,58.80729],[17.11838,58.81029]],[[16.85268,58.78159],[16.85811,58.78142],[16.86912,58.78105],[16.87339,58.78082],[16.87601,58.78075],[16.87921,58.78067],[16.87981,58.78066],[16.88031,58.78068],[16.88383,58.78092],[16.88897,58.78116],[16.89383,58.78134],[16.89465,58.78136],[16.89545,58.78137],[16.89882,58.78138],[16.90239,58.78145],[16.91165,58.78148],[16.9137,58.78149],[16.91862,58.78149],[16.92225,58.78152],[16.92254,58.78152],[16.92272,58.78151],[16.92409,58.78143],[16.92519,58.78133],[16.92548,58.78129],[16.92592,58.78118],[16.92606,58.78112],[16.9267,58.78085],[16.92744,58.78044],[16.92765,58.78031],[16.92771,58.78024],[16.92799,58.77982],[16.92811,58.77959],[16.92814,58.77932],[16.92777,58.77427],[16.92726,58.77137],[16.92725,58.77104],[16.92731,58.77071],[16.92836,58.76716],[16.92908,58.76602],[16.92924,58.76583],[16.92938,58.76567],[16.92951,58.76556],[16.92988,58.76527],[16.9317,58.76405],[16.93623,58.76174],[16.93668,58.76155],[16.93727,58.76138],[16.9462,58.75946]],[[17.53938,58.99573],[17.54033,58.99765]],[[17.54033,58.99765],[17.54134,59.0]],[[17.54134,59.0],[17.54198,59.00169]],[[17.54198,59.00169],[17.54205,59.00188]],[[17.54205,59.00188],[17.54261,59.00405],[17.54333,59.00649],[17.544,59.0082]],[[17.544,59.0082],[17.54472,59.00966],[17.54529,59.0106],[17.54594,59.01144],[17.54718,59.01286],[17.54936,59.01537],[17.55119,59.01739],[17.55336,59.01972],[17.55547,59.02195],[17.55602,59.02259],[17.5565,59.02326],[17.55758,59.02486]],[[17.58973,59.07157],[17.59114,59.07399]],[[17.59114,59.07399],[17.59262,59.07679],[17.5937,59.0794],[17.59433,59.08146]],[[17.59477,59.0873],[17.59491,59.09229],[17.59489,59.09259],[17.59485,59.0929],[17.59373,59.10089]],[[17.59373,59.10089],[17.59324,59.103],[17.59312,59.10394],[17.59322,59.1049],[17.59347,59.10585],[17.59386,59.10676],[17.59535,59.10904]],[[17.59535,59.10904],[17.59696,59.11105],[17.59762,59.11174],[17.59848,59.11258],[17.59951,59.11338],[17.60038,59.11392],[17.60169,59.11472],[17.6036,59.11585]],[[17.6036,59.11585],[17.60616,59.11745],[17.60829,59.11876]],[[17.60757,59.11772],[17.6054,59.11631],[17.60365,59.1153],[17.6016,59.11413],[17.59999,59.11301],[17.59849,59.11181],[17.59673,59.11009],[17.59588,59.10901],[17.59413,59.10673],[17.59369,59.10583],[17.59343,59.10489],[17.5933,59.10398],[17.59338,59.10301],[17.59385,59.1009]],[[14.52106,56.26873],[14.52128,56.26737],[14.52156,56.26586],[14.52265,56.26465],[14.525,56.26269],[14.52696,56.26086],[14.53131,56.25916],[14.53162,56.25901],[14.5318,56.25881],[14.53468,56.25407],[14.5353,56.25273],[14.53794,56.24911],[14.54154,56.24254],[14.54475,56.23752],[14.54502,56.2372],[14.5453,56.23699],[14.55068,56.23324],[14.56753,56.22169],[14.57478,56.21852],[14.59214,56.21063],[14.6039,56.20365],[14.61126,56.19797],[14.62315,56.19053],[14.63147,56.18498],[14.63969,56.18054],[14.64454,56.17935],[14.64892,56.17855],[14.65443,56.17828]],[[17.59489,59.0873],[17.59501,59.09229],[17.595,59.09261],[17.59499,59.09275],[17.59498,59.0929],[17.59385,59.1009]],[[17.59127,59.07397],[17.59277,59.0768],[17.59387,59.07942],[17.59449,59.08145]],[[17.58985,59.07155],[17.59127,59.07397]],[[17.5946,59.0818],[17.59486,59.08264],[17.59495,59.08324],[17.59499,59.08383],[17.59499,59.08502],[17.59489,59.0873]],[[17.59449,59.08145],[17.5946,59.0818]],[[17.59444,59.08181],[17.59469,59.08264],[17.59477,59.08324],[17.59481,59.08383],[17.59482,59.08502],[17.59477,59.0873]],[[17.59433,59.08146],[17.59444,59.08181]],[[17.57448,59.0525],[17.57649,59.05444],[17.57837,59.05643],[17.58185,59.05996],[17.58638,59.06597],[17.58811,59.06877],[17.58973,59.07157]],[[17.57458,59.05248],[17.57661,59.05443],[17.57849,59.05642],[17.58199,59.05995],[17.58651,59.06594],[17.58823,59.06874],[17.58985,59.07155]],[[17.57196,59.04977],[17.57448,59.0525]],[[17.57207,59.04975],[17.57458,59.05248]],[[17.56548,59.0412],[17.56635,59.04247],[17.56838,59.04523],[17.57026,59.04768],[17.57196,59.04977]],[[17.56559,59.04118],[17.56646,59.04244],[17.56848,59.0452],[17.57037,59.04765],[17.57207,59.04975]],[[17.56349,59.03788],[17.56479,59.04011],[17.56548,59.0412]],[[17.56361,59.03786],[17.56491,59.04008],[17.56559,59.04118]],[[17.56174,59.03391],[17.56218,59.03516],[17.56349,59.03788]],[[17.56185,59.03391],[17.5623,59.03514],[17.56361,59.03786]],[[17.56109,59.03227],[17.56174,59.03391]],[[17.5612,59.03225],[17.56185,59.03391]],[[17.55793,59.02547],[17.55846,59.02649],[17.55984,59.02937],[17.56109,59.03227]],[[17.55758,59.02486],[17.55793,59.02547]],[[17.55804,59.02546],[17.55858,59.0265],[17.55996,59.02938],[17.5612,59.03225]],[[17.55768,59.02484],[17.55804,59.02546]],[[17.5441,59.00818],[17.54482,59.00965],[17.54539,59.01058],[17.54604,59.01142],[17.54727,59.01285],[17.54946,59.01535],[17.55129,59.01737],[17.55346,59.0197],[17.55557,59.02193],[17.55612,59.02258],[17.5566,59.02325],[17.55768,59.02484]],[[17.54215,59.00187],[17.54271,59.00404],[17.54343,59.00648],[17.5441,59.00818]],[[17.54208,59.00168],[17.54215,59.00187]],[[17.54143,58.99998],[17.54208,59.00168]],[[17.54044,58.99762],[17.54143,58.99998]],[[17.53951,58.99571],[17.54044,58.99762]],[[17.04185,58.76115],[17.04848,58.76315],[17.05665,58.7666],[17.06011,58.76841],[17.06178,58.77],[17.06559,58.77441],[17.06655,58.7759],[17.06735,58.77785],[17.06698,58.78032],[17.06458,58.78536],[17.06351,58.78764],[17.06336,58.79134],[17.0635,58.79252],[17.06451,58.7941],[17.06603,58.79555],[17.06723,58.79627],[17.06907,58.79713]],[[17.06896,58.79723],[17.06762,58.79721],[17.06672,58.79707],[17.06618,58.79682],[17.06498,58.79602],[17.06382,58.7944],[17.06303,58.79262],[17.06298,58.79132],[17.06307,58.78981],[17.06327,58.78762],[17.06677,58.7803],[17.06714,58.77784],[17.06628,58.77587],[17.06533,58.77435],[17.06156,58.77001],[17.05998,58.76846],[17.05658,58.76669],[17.04831,58.7632],[17.04341,58.76171]],[[17.41005,58.92794],[17.4177,58.93206]],[[17.43124,58.93953],[17.43587,58.94204],[17.43927,58.94394],[17.44291,58.94588],[17.44457,58.94671],[17.44653,58.9476],[17.44817,58.94828],[17.44978,58.94889],[17.45289,58.9501]],[[17.45289,58.9501],[17.45707,58.95172],[17.4713,58.95746],[17.47553,58.95919]],[[17.4177,58.93206],[17.4233,58.93514],[17.42977,58.93873],[17.43124,58.93953]],[[17.49057,58.96538],[17.49336,58.96652],[17.50797,58.97244],[17.51128,58.97378],[17.51475,58.97536],[17.51741,58.97669],[17.52005,58.97809]],[[17.47553,58.95919],[17.488,58.96434]],[[17.53685,58.992],[17.53747,58.99269],[17.53812,58.99353],[17.53863,58.99421],[17.53899,58.99477],[17.53951,58.99571]],[[17.488,58.96434],[17.49057,58.96538]],[[16.17409,58.5967],[16.17887,58.59742],[16.18385,58.59815],[16.18607,58.59838],[16.18888,58.59904],[16.1903,58.59976],[16.19124,58.60141],[16.19084,58.6044],[16.18009,58.61201],[16.17726,58.61514],[16.17623,58.6221],[16.17189,58.63009],[16.17106,58.63313],[16.17153,58.6363],[16.17401,58.64001],[16.18049,58.64752],[16.19337,58.65664],[16.20864,58.6671]],[[16.20864,58.6671],[16.21004,58.66804],[16.21636,58.672],[16.21986,58.67441],[16.22312,58.67601],[16.23383,58.67901],[16.25067,58.68284],[16.27063,58.68767],[16.28487,58.69024],[16.29977,58.69309],[16.30938,58.69506],[16.33721,58.70132]],[[17.53673,58.99202],[17.53734,58.99271],[17.538,58.99355],[17.53851,58.99423],[17.53886,58.99479],[17.53938,58.99573]],[[17.52005,58.97809],[17.52294,58.9798],[17.52545,58.98143],[17.52712,58.98253],[17.52831,58.98339],[17.52961,58.9844],[17.53084,58.98544],[17.5324,58.98688],[17.5338,58.98841],[17.53685,58.992]],[[17.51994,58.9781],[17.52282,58.97981],[17.52534,58.98144],[17.527,58.98254],[17.5282,58.9834],[17.5295,58.98441],[17.53073,58.98545],[17.53228,58.98689],[17.53369,58.98842],[17.53673,58.99202]],[[17.49052,58.96542],[17.49326,58.96653],[17.50787,58.97245],[17.51117,58.97379],[17.51465,58.97537],[17.51731,58.9767],[17.51994,58.9781]],[[17.48795,58.96437],[17.49052,58.96542]],[[17.47548,58.95922],[17.48795,58.96437]],[[17.45282,58.95015],[17.45701,58.95177],[17.47124,58.9575],[17.47548,58.95922]],[[17.43117,58.93957],[17.4358,58.94208],[17.4392,58.94397],[17.44284,58.94592],[17.4445,58.94675],[17.44646,58.94764],[17.4481,58.94832],[17.44971,58.94893],[17.45282,58.95015]],[[17.41763,58.9321],[17.42322,58.93519],[17.4297,58.93878],[17.43117,58.93957]],[[17.40229,58.92411],[17.41005,58.92794]],[[17.40114,58.92358],[17.40229,58.92411]],[[17.40996,58.92799],[17.41763,58.9321]],[[17.40221,58.92415],[17.40996,58.92799]],[[17.40107,58.92362],[17.40221,58.92415]],[[17.38784,58.91752],[17.40114,58.92358]],[[17.38433,58.91602],[17.38784,58.91752]],[[17.38776,58.91757],[17.40107,58.92362]],[[17.38425,58.91606],[17.38776,58.91757]],[[17.35389,58.90278],[17.35709,58.90412],[17.36331,58.90681],[17.38433,58.91602]],[[17.3538,58.90283],[17.357,58.90417],[17.36322,58.90686],[17.38425,58.91606]],[[17.32036,58.89129],[17.34007,58.89786],[17.35061,58.90152],[17.35389,58.90278]],[[17.32028,58.89134],[17.33997,58.89791],[17.35052,58.90157],[17.3538,58.90283]],[[17.29068,58.88105],[17.29705,58.88337],[17.306,58.88662],[17.3125,58.88883],[17.32036,58.89129]],[[17.2906,58.8811],[17.29697,58.88342],[17.30592,58.88667],[17.31242,58.88888],[17.32028,58.89134]],[[17.253,58.86984],[17.26399,58.87285],[17.28392,58.87881],[17.29068,58.88105]],[[17.25293,58.8699],[17.26392,58.8729],[17.28386,58.87887],[17.2906,58.8811]],[[17.21587,58.85663],[17.22077,58.85885],[17.22586,58.86098],[17.23144,58.86308],[17.23512,58.86435],[17.24214,58.8667],[17.24738,58.8683],[17.253,58.86984]],[[17.21579,58.85669],[17.22064,58.85891],[17.22578,58.86104],[17.23136,58.86314],[17.23504,58.86441],[17.24206,58.86676],[17.24731,58.86836],[17.25293,58.8699]],[[17.21033,58.85389],[17.21587,58.85663]],[[17.20767,58.8525],[17.21033,58.85389]],[[17.21025,58.85394],[17.21579,58.85669]],[[17.20759,58.85256],[17.21025,58.85394]],[[17.20135,58.84925],[17.20767,58.8525]],[[17.20064,58.84887],[17.20135,58.84925]],[[17.20126,58.8493],[17.20759,58.85256]],[[17.20056,58.84892],[17.20126,58.8493]],[[17.18276,58.8394],[17.18871,58.8426],[17.20064,58.84887]],[[17.18268,58.83946],[17.18863,58.84266],[17.20056,58.84892]],[[17.16489,58.82909],[17.16788,58.83074],[17.17102,58.83258],[17.17657,58.83594],[17.18276,58.8394]],[[17.16481,58.82915],[17.1678,58.83079],[17.17094,58.83263],[17.17649,58.836],[17.18268,58.83946]],[[17.14834,58.82026],[17.15341,58.82269],[17.1575,58.82487],[17.16113,58.82695],[17.16489,58.82909]],[[17.14323,58.81821],[17.14606,58.81929],[17.14834,58.82026]],[[17.14825,58.82031],[17.15333,58.82274],[17.15741,58.82492],[17.16104,58.827],[17.16481,58.82915]],[[17.14315,58.81827],[17.14598,58.81934],[17.14825,58.82031]],[[17.13026,58.8136],[17.13324,58.81458],[17.13623,58.81561],[17.14323,58.81821]],[[17.12432,58.81192],[17.12741,58.81275],[17.13026,58.8136]],[[17.11838,58.81029],[17.12432,58.81192]],[[17.13017,58.81365],[17.13316,58.81462],[17.13614,58.81566],[17.14315,58.81827]],[[17.12424,58.81197],[17.12733,58.81279],[17.13017,58.81365]],[[17.1183,58.81033],[17.12424,58.81197]],[[15.68834,58.41843],[15.69868,58.41959],[15.71139,58.42095],[15.71191,58.42101],[15.71253,58.4211],[15.7129,58.42116],[15.72015,58.42247],[15.72077,58.4226],[15.72131,58.42278],[15.72469,58.42399],[15.72603,58.42454],[15.7282,58.42543],[15.73022,58.42655],[15.73223,58.4277],[15.73514,58.42953],[15.73564,58.42973],[15.73823,58.43069],[15.74895,58.43393],[15.75222,58.43531],[15.75355,58.43599],[15.76955,58.44723],[15.77262,58.44941],[15.77671,58.45261],[15.78027,58.4551],[15.78441,58.45755],[15.78458,58.45765],[15.78503,58.45787],[15.7854,58.45802],[15.78587,58.45821],[15.79116,58.46033],[15.79678,58.46282],[15.79882,58.46373],[15.80547,58.46634],[15.80843,58.4675],[15.81717,58.47056],[15.82014,58.47132],[15.83199,58.47441],[15.84339,58.47666],[15.85607,58.47855],[15.86308,58.47942],[15.86784,58.47979],[15.87738,58.48052],[15.89094,58.48193],[15.89905,58.48326],[15.91151,58.48532],[15.92108,58.48609],[15.94743,58.48824],[15.95553,58.48924],[15.95896,58.49024],[15.97368,58.49452],[15.98344,58.49997],[15.99064,58.50464],[15.99401,58.50633],[15.99729,58.50821],[16.0015,58.51317],[16.00413,58.51524],[16.01055,58.52026],[16.01659,58.52364],[16.02613,58.5279],[16.03661,58.53377],[16.03748,58.53425],[16.0392,58.53521],[16.04071,58.53605],[16.04184,58.53669],[16.04285,58.53725],[16.04415,58.53797],[16.04532,58.53863],[16.04707,58.5396],[16.05056,58.54154],[16.05307,58.54294],[16.05402,58.54411],[16.05502,58.54533],[16.05659,58.54726],[16.05749,58.54835],[16.05873,58.54987],[16.06166,58.55297]],[[16.06166,58.55297],[16.06338,58.55454],[16.06723,58.55749],[16.0684,58.55819],[16.0719,58.56026],[16.08445,58.56783],[16.09443,58.57192],[16.10533,58.57669],[16.11144,58.57935],[16.11189,58.57954],[16.11247,58.57979],[16.11436,58.5806],[16.12316,58.58486],[16.12689,58.58613],[16.14058,58.59094],[16.14708,58.59248],[16.1502,58.59303],[16.15358,58.59362],[16.15617,58.59406],[16.15889,58.59452],[16.16445,58.59532],[16.16599,58.59554],[16.16795,58.59582],[16.1727,58.59649],[16.17409,58.5967]],[[16.95291,58.75833],[16.97045,58.75771],[16.97724,58.75757]]]}},{"type":"Feature","properties":{"id":"ostlig-forbindelse-utredning","name":"Östlig förbindelse, utredning","label_short":"Östlig förbindelse","type":"road","status":"study","open_year":null,"open_window":null,"budget_msek":1000.0,"price_base":"2025-02","agency":"Trafikverket","kommuner":[],"kommun_names":[],"stations":[],"stations_located":[],"geometry_source":"none — not drawn","source_url":"https://bransch.trafikverket.se/for-dig-i-branschen/Planera-och-utreda/langsiktig-planering-av-infrastruktur/nationell-plan/nationell-plan-2026-2037/","source_doc":"https://bransch.trafikverket.se/contentassets/2fca968f05c545d59749ce9d442e117a/bilaga1_nationell_plan_for_transportinfrastrukturen_2026-2037-webb.xlsx","notes":"Plan object VOR2606. The 1 000 MSEK funds the study only, not construction — do not present it as a project budget. No kommuner are named in the plan row."},"geometry":null},{"type":"Feature","properties":{"id":"roslagsbanan-till-city","name":"Roslagsbanan till City, förlängning och nya stationer","label_short":"Roslagsbanan City","type":"rail","status":"decided","open_year":null,"open_window":null,"budget_msek":9426.0,"price_base":"2025-02","agency":"Region Stockholm","kommuner":["0180","0160","0115","0117"],"kommun_names":["Stockholm","Täby","Vallentuna","Österåker"],"stations":["Odenplan","T-Centralen"],"stations_located":[{"name":"Odenplan","lat":59.34302,"lon":18.05055,"osm_tag":"highway=bus_stop"},{"name":"T-Centralen","lat":59.33189,"lon":18.06094,"osm_tag":"public_transport=station"}],"geometry_source":"osm:railway alignment, 2 way(s) matched by name","source_url":"https://www.regionstockholm.se/kollektivtrafik/projekt-inom-kollektivtrafiken/sparvagnlokalbana/roslagsbanan-till-city/","source_doc":"https://bransch.trafikverket.se/contentassets/2fca968f05c545d59749ce9d442e117a/bilaga1_nationell_plan_for_transportinfrastrukturen_2026-2037-webb.xlsx","notes":"~4 km tunnel from Universitetet via Odenplan to T-Centralen. Page gives preparatory works from 2028 and main works from 2030 but states no traffic start, so open_year is blank."},"geometry":{"type":"MultiLineString","coordinates":[[[18.06005,59.3326],[18.0602,59.33662],[18.0602,59.33704],[18.06016,59.33747],[18.06006,59.3379],[18.05987,59.3383],[18.05961,59.33871],[18.05929,59.33911],[18.05896,59.33945],[18.05858,59.33976],[18.05808,59.3401],[18.05749,59.34045],[18.05695,59.34073],[18.05629,59.34102],[18.04888,59.34382],[18.04834,59.34404],[18.04782,59.3443],[18.04735,59.34459],[18.0469,59.34492],[18.0466,59.34524],[18.04641,59.34557],[18.04627,59.34592],[18.04625,59.34622],[18.0463,59.34654],[18.04641,59.34686],[18.04658,59.34718],[18.04677,59.34746],[18.05024,59.35196],[18.05042,59.35217],[18.05061,59.35236],[18.05082,59.35254],[18.05107,59.35273],[18.05134,59.35288],[18.05168,59.35304],[18.05207,59.35318],[18.05246,59.35328],[18.05718,59.35438],[18.05788,59.35459],[18.05849,59.35481],[18.05906,59.35506],[18.05949,59.35531],[18.05976,59.35556],[18.05998,59.35582],[18.06015,59.35611],[18.06024,59.35643],[18.06022,59.3567],[18.06015,59.35697],[18.06,59.35727],[18.05983,59.35751],[18.05964,59.35771],[18.05937,59.35795]],[[18.05943,59.35797],[18.05969,59.35774],[18.05989,59.35752],[18.06006,59.35728],[18.0602,59.35698],[18.06027,59.3567],[18.06028,59.35642],[18.06019,59.3561],[18.06001,59.35581],[18.05979,59.35555],[18.05953,59.3553],[18.05911,59.35505],[18.05852,59.35479],[18.0579,59.35456],[18.0572,59.35436],[18.05249,59.35326],[18.0521,59.35316],[18.05172,59.35303],[18.05137,59.35286],[18.05111,59.35271],[18.05087,59.35253],[18.05065,59.35234],[18.05046,59.35216],[18.05027,59.35194],[18.04683,59.34745],[18.04664,59.34716],[18.04647,59.34685],[18.04636,59.34654],[18.04631,59.34622],[18.04634,59.34592],[18.04647,59.34557],[18.04667,59.34524],[18.04697,59.34492],[18.0474,59.34461],[18.04784,59.34433],[18.04836,59.34406],[18.04893,59.34383],[18.05636,59.34106],[18.05702,59.34077],[18.05756,59.34049],[18.05815,59.34014],[18.05867,59.33979],[18.05906,59.33947],[18.05938,59.33912],[18.05969,59.33874],[18.05996,59.33831],[18.06015,59.3379],[18.06025,59.33746],[18.06029,59.33705],[18.06029,59.33661],[18.06013,59.33259]]]}},{"type":"Feature","properties":{"id":"sparvag-lund-c-ess","name":"Spårväg Lund C–ESS","label_short":"Spårväg Lund","type":"tram","status":"opened","open_year":2020,"open_window":null,"budget_msek":1066.0,"price_base":"2025-02","agency":"Lunds kommun","kommuner":["1281"],"kommun_names":["Lund"],"stations":["Lund C","Universitetssjukhuset","LTH","Ideontorget","Telefonplan","Solbjer","Brunnshögstorget","MAX IV","ESS"],"stations_located":[{"name":"Lund C","lat":55.70711,"lon":13.1871,"osm_tag":"highway=bus_stop"},{"name":"Universitetssjukhuset","lat":55.71318,"lon":13.19686,"osm_tag":"highway=bus_stop"},{"name":"LTH","lat":55.71201,"lon":13.20897,"osm_tag":"highway=bus_stop"},{"name":"Ideontorget","lat":55.71556,"lon":13.21458,"osm_tag":"railway=tram_stop"},{"name":"Telefonplan","lat":55.71567,"lon":13.22554,"osm_tag":"railway=tram_stop"},{"name":"Solbjer","lat":55.7191,"lon":13.2351,"osm_tag":"highway=bus_stop"},{"name":"Brunnshögstorget","lat":55.72079,"lon":13.23338,"osm_tag":"railway=tram_stop"},{"name":"MAX IV","lat":55.72564,"lon":13.23487,"osm_tag":"highway=bus_stop"},{"name":"ESS","lat":55.70918,"lon":13.20667,"osm_tag":"highway=bus_stop"}],"geometry_source":"osm:station points matched by name in the project's kommuner","source_url":"https://lund.se/stadsutveckling-och-trafik/kollektivtrafik/sparvag-lund-c-till-ess","source_doc":"https://bransch.trafikverket.se/contentassets/2fca968f05c545d59749ce9d442e117a/bilaga1_nationell_plan_for_transportinfrastrukturen_2026-2037-webb.xlsx","notes":"Opened December 2020, 5.5 km double track. lund.se states the municipality's own investment as ~890 MSEK with 373 MSEK state funding, price base not given; the plan's total object cost is 1 066 MSEK in 2025-02."},"geometry":{"type":"MultiPoint","coordinates":[[13.1871,55.70711],[13.19686,55.71318],[13.20897,55.71201],[13.21458,55.71556],[13.22554,55.71567],[13.2351,55.7191],[13.23338,55.72079],[13.23487,55.72564],[13.20667,55.70918]]}},{"type":"Feature","properties":{"id":"sparvag-syd","name":"Spårväg syd, Flemingsberg–Skärholmen (etapp 1)","label_short":"Spårväg syd","type":"tram","status":"decided","open_year":null,"open_window":null,"budget_msek":7245.0,"price_base":"2025-02","agency":"Region Stockholm","kommuner":["0126","0180"],"kommun_names":["Huddinge","Stockholm"],"stations":[],"stations_located":[],"geometry_source":"none — not drawn","source_url":"https://www.regionstockholm.se/sparvagsyd/","source_doc":"https://bransch.trafikverket.se/contentassets/2fca968f05c545d59749ce9d442e117a/bilaga1_nationell_plan_for_transportinfrastrukturen_2026-2037-webb.xlsx","notes":"Etapp 1 is ~10 km with eight stations, whose names the page does not publish. Full line Flemingsberg–Älvsjö is ~17 km. No byggstart or trafikstart on the page."},"geometry":null},{"type":"Feature","properties":{"id":"sundsvall-resecentrum","name":"Sundsvall resecentrum, tillgänglighet och plattformar","label_short":"Sundsvall C","type":"rail","status":"construction","open_year":2031,"open_window":null,"budget_msek":1174.0,"price_base":"2025-02","agency":"Trafikverket","kommuner":["2281"],"kommun_names":["Sundsvall"],"stations":["Sundsvall C"],"stations_located":[{"name":"Sundsvall C","lat":62.38684,"lon":17.31536,"osm_tag":"public_transport=station"}],"geometry_source":"osm:station points matched by name in the project's kommuner","source_url":"https://www.trafikverket.se/vara-projekt/projekt-i-vasternorrlands-lan/sundsvall-tillganglighet-och-resecentrum/","source_doc":"https://bransch.trafikverket.se/contentassets/2fca968f05c545d59749ce9d442e117a/bilaga1_nationell_plan_for_transportinfrastrukturen_2026-2037-webb.xlsx","notes":"New platforms and a glazed overbridge; construction 2023–2031, footbridge 2028–2030."},"geometry":{"type":"Point","coordinates":[17.31536,62.38684]}},{"type":"Feature","properties":{"id":"sydostlanken","name":"Sydostlänken (Älmhult–Olofström–Karlshamn), elektrifiering och ny bana","label_short":"Sydostlänken","type":"rail","status":"decided","open_year":null,"open_window":null,"budget_msek":7890.0,"price_base":"2025-02","agency":"Trafikverket","kommuner":["0765","1060","1082"],"kommun_names":["Älmhult","Olofström","Karlshamn"],"stations":[],"stations_located":[],"geometry_source":"osm:railway alignment, 111 way(s) matched by name","source_url":"https://www.trafikverket.se/vara-projekt/projekt-som-stracker-sig-over-flera-lan/sydostlanken/","source_doc":"https://bransch.trafikverket.se/contentassets/2fca968f05c545d59749ce9d442e117a/bilaga1_nationell_plan_for_transportinfrastrukturen_2026-2037-webb.xlsx","notes":"Government cleared preparation for byggstart 4 July 2024; byggstart planned 2029. 41 km electrification Älmhult–Olofström plus 17 km of new track to Blekinge kustbana. No opening year published."},"geometry":{"type":"MultiLineString","coordinates":[[[15.68842,58.41847],[15.69897,58.41965],[15.71139,58.42098],[15.71193,58.42104],[15.71242,58.42111],[15.71288,58.42119],[15.72005,58.42247],[15.72073,58.42261],[15.7213,58.42281],[15.72466,58.424],[15.72818,58.42544],[15.7324,58.42783],[15.73464,58.42931],[15.73506,58.42956],[15.73547,58.42974],[15.73808,58.43071],[15.74887,58.43397],[15.75216,58.43534],[15.75349,58.43605],[15.772,58.44904],[15.77657,58.45259],[15.78014,58.45509],[15.78433,58.45755],[15.78454,58.45767],[15.785,58.4579],[15.78536,58.45805],[15.78582,58.45824],[15.7911,58.46033],[15.79875,58.46376],[15.80838,58.46752],[15.81711,58.47059],[15.83198,58.47444],[15.84336,58.47669],[15.85607,58.47859],[15.86307,58.47944],[15.87739,58.48055],[15.89089,58.48196],[15.91147,58.48535],[15.94754,58.4883],[15.95549,58.48928],[15.9736,58.49454],[15.98336,58.49999],[15.99054,58.50466],[15.9927,58.50578],[15.9942,58.50649],[15.9972,58.50826],[16.00137,58.51319],[16.01048,58.5203],[16.01655,58.52368],[16.02603,58.52792],[16.03934,58.53532],[16.05303,58.54295],[16.05871,58.54988],[16.06154,58.55299]],[[16.06154,58.55299],[16.06324,58.55451],[16.0672,58.55749],[16.08438,58.56787],[16.09509,58.57228],[16.11437,58.58064],[16.12315,58.58488],[16.1405,58.59099],[16.14705,58.59252],[16.15889,58.59453],[16.17408,58.59671]],[[16.17408,58.59671],[16.17963,58.59757],[16.18387,58.59817],[16.18608,58.5984],[16.18883,58.59905],[16.19027,58.59976],[16.1912,58.60142],[16.1908,58.60439],[16.18001,58.61199],[16.17719,58.61513],[16.17616,58.6221],[16.17181,58.63009],[16.171,58.63313],[16.17147,58.63631],[16.17395,58.64002],[16.18043,58.64755],[16.19441,58.65759],[16.20851,58.66715]],[[16.20851,58.66715],[16.21585,58.67175],[16.21974,58.67444],[16.22302,58.67604],[16.23375,58.67904],[16.24323,58.6812],[16.25224,58.68326],[16.27057,58.68771],[16.2869,58.69068],[16.29975,58.69314],[16.30994,58.69524],[16.33713,58.70137]],[[16.33713,58.70137],[16.34143,58.7029],[16.34446,58.70448],[16.34802,58.70563],[16.36201,58.71157],[16.36879,58.71546],[16.37133,58.71691],[16.38034,58.72245],[16.38868,58.7266],[16.42272,58.73741],[16.42982,58.73896],[16.43666,58.73976],[16.45314,58.74165],[16.471,58.74302],[16.48164,58.74314],[16.49267,58.74372],[16.50095,58.74481],[16.50745,58.74607],[16.51852,58.74839],[16.53337,58.75221],[16.53726,58.75296],[16.547,58.75378],[16.55726,58.75575],[16.57058,58.75694],[16.58247,58.75663],[16.59406,58.75622],[16.60687,58.75725],[16.62493,58.75843],[16.63169,58.75865],[16.64515,58.75835],[16.65367,58.75868],[16.66351,58.7592],[16.67585,58.75937],[16.69418,58.76146],[16.69845,58.76195],[16.75238,58.77033],[16.80918,58.77892],[16.81979,58.78025],[16.83346,58.78103],[16.84607,58.78162],[16.85224,58.78163],[16.85944,58.78164],[16.87451,58.78166],[16.91669,58.78203],[16.92856,58.78204],[16.94352,58.78217],[16.96135,58.7825],[16.98368,58.78408],[16.99493,58.78577],[17.00087,58.78648],[17.01754,58.78871],[17.02721,58.79003],[17.0392,58.79138],[17.05162,58.79325],[17.06595,58.79655],[17.06896,58.79723],[17.08084,58.79991],[17.10254,58.80489],[17.11051,58.80732],[17.1183,58.81033]],[[16.33721,58.70132],[16.34159,58.70284],[16.34454,58.70442],[16.34836,58.70565],[16.3623,58.71156],[16.37084,58.71648],[16.38046,58.72236],[16.3888,58.7265],[16.42286,58.73731],[16.42995,58.73885],[16.45332,58.74153],[16.47111,58.74293],[16.48166,58.7431],[16.49278,58.74362],[16.50102,58.74465],[16.50856,58.74621],[16.51939,58.74849],[16.53341,58.75211],[16.53733,58.75285],[16.54705,58.75368],[16.55727,58.75567],[16.57062,58.75687],[16.58159,58.75656],[16.59413,58.75612],[16.6068,58.75715],[16.61642,58.75778],[16.62495,58.75832],[16.63177,58.75857],[16.64524,58.75826],[16.6535,58.75857],[16.66344,58.75912],[16.67121,58.75922],[16.67592,58.75928],[16.69847,58.76184],[16.7292,58.76664],[16.74127,58.7685],[16.76077,58.7715],[16.80877,58.77878],[16.81988,58.78018],[16.83379,58.78097],[16.84605,58.78157],[16.85268,58.78159],[16.85557,58.7816],[16.85955,58.78162],[16.86394,58.78163],[16.86679,58.78164],[16.86823,58.78164],[16.87039,58.78164],[16.87246,58.78165],[16.87469,58.78165],[16.87639,58.78166],[16.87875,58.78168],[16.88097,58.7817],[16.88252,58.78172],[16.88412,58.78173],[16.88626,58.78175],[16.90103,58.78186],[16.91677,58.78199],[16.92861,58.78203],[16.9326,58.78205],[16.94371,58.78213],[16.9614,58.78244],[16.98378,58.78403],[16.99476,58.78571],[17.00085,58.78643],[17.02721,58.78996],[17.03922,58.79126],[17.05173,58.79317],[17.06604,58.79645],[17.06907,58.79713],[17.10274,58.8048],[17.11064,58.80729],[17.11838,58.81029]],[[17.53938,58.99573],[17.54033,58.99765]],[[17.54033,58.99765],[17.54134,59.0]],[[17.54134,59.0],[17.54198,59.00169]],[[17.54198,59.00169],[17.54205,59.00188]],[[17.54205,59.00188],[17.54261,59.00405],[17.54333,59.00649],[17.544,59.0082]],[[17.544,59.0082],[17.54472,59.00966],[17.54529,59.0106],[17.54594,59.01144],[17.54718,59.01286],[17.54936,59.01537],[17.55119,59.01739],[17.55336,59.01972],[17.55547,59.02195],[17.55602,59.02259],[17.5565,59.02326],[17.55758,59.02486]],[[17.58973,59.07157],[17.59114,59.07399]],[[17.59114,59.07399],[17.59262,59.07679],[17.5937,59.0794],[17.59433,59.08146]],[[17.59477,59.0873],[17.59491,59.09229],[17.59489,59.09259],[17.59485,59.0929],[17.59373,59.10089]],[[17.59373,59.10089],[17.59324,59.103],[17.59312,59.10394],[17.59322,59.1049],[17.59347,59.10585],[17.59386,59.10676],[17.59535,59.10904]],[[17.59535,59.10904],[17.59696,59.11105],[17.59762,59.11174],[17.59848,59.11258],[17.59951,59.11338],[17.60038,59.11392],[17.60169,59.11472],[17.6036,59.11585]],[[17.6036,59.11585],[17.60616,59.11745],[17.60829,59.11876]],[[17.60757,59.11772],[17.6054,59.11631],[17.60365,59.1153],[17.6016,59.11413],[17.59999,59.11301],[17.59849,59.11181],[17.59673,59.11009],[17.59588,59.10901],[17.59413,59.10673],[17.59369,59.10583],[17.59343,59.10489],[17.5933,59.10398],[17.59338,59.10301],[17.59385,59.1009]],[[14.52106,56.26873],[14.52128,56.26737],[14.52156,56.26586],[14.52265,56.26465],[14.525,56.26269],[14.52696,56.26086],[14.53131,56.25916],[14.53162,56.25901],[14.5318,56.25881],[14.53468,56.25407],[14.5353,56.25273],[14.53794,56.24911],[14.54154,56.24254],[14.54475,56.23752],[14.54502,56.2372],[14.5453,56.23699],[14.55068,56.23324],[14.56753,56.22169],[14.57478,56.21852],[14.59214,56.21063],[14.6039,56.20365],[14.61126,56.19797],[14.62315,56.19053],[14.63147,56.18498],[14.63969,56.18054],[14.64454,56.17935],[14.64892,56.17855],[14.65443,56.17828]],[[17.59489,59.0873],[17.59501,59.09229],[17.595,59.09261],[17.59499,59.09275],[17.59498,59.0929],[17.59385,59.1009]],[[17.59127,59.07397],[17.59277,59.0768],[17.59387,59.07942],[17.59449,59.08145]],[[17.58985,59.07155],[17.59127,59.07397]],[[17.5946,59.0818],[17.59486,59.08264],[17.59495,59.08324],[17.59499,59.08383],[17.59499,59.08502],[17.59489,59.0873]],[[17.59449,59.08145],[17.5946,59.0818]],[[17.59444,59.08181],[17.59469,59.08264],[17.59477,59.08324],[17.59481,59.08383],[17.59482,59.08502],[17.59477,59.0873]],[[17.59433,59.08146],[17.59444,59.08181]],[[17.57448,59.0525],[17.57649,59.05444],[17.57837,59.05643],[17.58185,59.05996],[17.58638,59.06597],[17.58811,59.06877],[17.58973,59.07157]],[[17.57458,59.05248],[17.57661,59.05443],[17.57849,59.05642],[17.58199,59.05995],[17.58651,59.06594],[17.58823,59.06874],[17.58985,59.07155]],[[17.57196,59.04977],[17.57448,59.0525]],[[17.57207,59.04975],[17.57458,59.05248]],[[17.56548,59.0412],[17.56635,59.04247],[17.56838,59.04523],[17.57026,59.04768],[17.57196,59.04977]],[[17.56559,59.04118],[17.56646,59.04244],[17.56848,59.0452],[17.57037,59.04765],[17.57207,59.04975]],[[17.56349,59.03788],[17.56479,59.04011],[17.56548,59.0412]],[[17.56361,59.03786],[17.56491,59.04008],[17.56559,59.04118]],[[17.56174,59.03391],[17.56218,59.03516],[17.56349,59.03788]],[[17.56185,59.03391],[17.5623,59.03514],[17.56361,59.03786]],[[17.56109,59.03227],[17.56174,59.03391]],[[17.5612,59.03225],[17.56185,59.03391]],[[17.55793,59.02547],[17.55846,59.02649],[17.55984,59.02937],[17.56109,59.03227]],[[17.55758,59.02486],[17.55793,59.02547]],[[17.55804,59.02546],[17.55858,59.0265],[17.55996,59.02938],[17.5612,59.03225]],[[17.55768,59.02484],[17.55804,59.02546]],[[17.5441,59.00818],[17.54482,59.00965],[17.54539,59.01058],[17.54604,59.01142],[17.54727,59.01285],[17.54946,59.01535],[17.55129,59.01737],[17.55346,59.0197],[17.55557,59.02193],[17.55612,59.02258],[17.5566,59.02325],[17.55768,59.02484]],[[17.54215,59.00187],[17.54271,59.00404],[17.54343,59.00648],[17.5441,59.00818]],[[17.54208,59.00168],[17.54215,59.00187]],[[17.54143,58.99998],[17.54208,59.00168]],[[17.54044,58.99762],[17.54143,58.99998]],[[17.53951,58.99571],[17.54044,58.99762]],[[17.41005,58.92794],[17.4177,58.93206]],[[17.43124,58.93953],[17.43587,58.94204],[17.43927,58.94394],[17.44291,58.94588],[17.44457,58.94671],[17.44653,58.9476],[17.44817,58.94828],[17.44978,58.94889],[17.45289,58.9501]],[[17.45289,58.9501],[17.45707,58.95172],[17.4713,58.95746],[17.47553,58.95919]],[[17.4177,58.93206],[17.4233,58.93514],[17.42977,58.93873],[17.43124,58.93953]],[[17.49057,58.96538],[17.49336,58.96652],[17.50797,58.97244],[17.51128,58.97378],[17.51475,58.97536],[17.51741,58.97669],[17.52005,58.97809]],[[17.47553,58.95919],[17.488,58.96434]],[[17.53685,58.992],[17.53747,58.99269],[17.53812,58.99353],[17.53863,58.99421],[17.53899,58.99477],[17.53951,58.99571]],[[17.488,58.96434],[17.49057,58.96538]],[[16.17409,58.5967],[16.17887,58.59742],[16.18385,58.59815],[16.18607,58.59838],[16.18888,58.59904],[16.1903,58.59976],[16.19124,58.60141],[16.19084,58.6044],[16.18009,58.61201],[16.17726,58.61514],[16.17623,58.6221],[16.17189,58.63009],[16.17106,58.63313],[16.17153,58.6363],[16.17401,58.64001],[16.18049,58.64752],[16.19337,58.65664],[16.20864,58.6671]],[[16.20864,58.6671],[16.21004,58.66804],[16.21636,58.672],[16.21986,58.67441],[16.22312,58.67601],[16.23383,58.67901],[16.25067,58.68284],[16.27063,58.68767],[16.28487,58.69024],[16.29977,58.69309],[16.30938,58.69506],[16.33721,58.70132]],[[17.53673,58.99202],[17.53734,58.99271],[17.538,58.99355],[17.53851,58.99423],[17.53886,58.99479],[17.53938,58.99573]],[[17.52005,58.97809],[17.52294,58.9798],[17.52545,58.98143],[17.52712,58.98253],[17.52831,58.98339],[17.52961,58.9844],[17.53084,58.98544],[17.5324,58.98688],[17.5338,58.98841],[17.53685,58.992]],[[17.51994,58.9781],[17.52282,58.97981],[17.52534,58.98144],[17.527,58.98254],[17.5282,58.9834],[17.5295,58.98441],[17.53073,58.98545],[17.53228,58.98689],[17.53369,58.98842],[17.53673,58.99202]],[[17.49052,58.96542],[17.49326,58.96653],[17.50787,58.97245],[17.51117,58.97379],[17.51465,58.97537],[17.51731,58.9767],[17.51994,58.9781]],[[17.48795,58.96437],[17.49052,58.96542]],[[17.47548,58.95922],[17.48795,58.96437]],[[17.45282,58.95015],[17.45701,58.95177],[17.47124,58.9575],[17.47548,58.95922]],[[17.43117,58.93957],[17.4358,58.94208],[17.4392,58.94397],[17.44284,58.94592],[17.4445,58.94675],[17.44646,58.94764],[17.4481,58.94832],[17.44971,58.94893],[17.45282,58.95015]],[[17.41763,58.9321],[17.42322,58.93519],[17.4297,58.93878],[17.43117,58.93957]],[[17.40229,58.92411],[17.41005,58.92794]],[[17.40114,58.92358],[17.40229,58.92411]],[[17.40996,58.92799],[17.41763,58.9321]],[[17.40221,58.92415],[17.40996,58.92799]],[[17.40107,58.92362],[17.40221,58.92415]],[[17.38784,58.91752],[17.40114,58.92358]],[[17.38433,58.91602],[17.38784,58.91752]],[[17.38776,58.91757],[17.40107,58.92362]],[[17.38425,58.91606],[17.38776,58.91757]],[[17.35389,58.90278],[17.35709,58.90412],[17.36331,58.90681],[17.38433,58.91602]],[[17.3538,58.90283],[17.357,58.90417],[17.36322,58.90686],[17.38425,58.91606]],[[17.32036,58.89129],[17.34007,58.89786],[17.35061,58.90152],[17.35389,58.90278]],[[17.32028,58.89134],[17.33997,58.89791],[17.35052,58.90157],[17.3538,58.90283]],[[17.29068,58.88105],[17.29705,58.88337],[17.306,58.88662],[17.3125,58.88883],[17.32036,58.89129]],[[17.2906,58.8811],[17.29697,58.88342],[17.30592,58.88667],[17.31242,58.88888],[17.32028,58.89134]],[[17.253,58.86984],[17.26399,58.87285],[17.28392,58.87881],[17.29068,58.88105]],[[17.25293,58.8699],[17.26392,58.8729],[17.28386,58.87887],[17.2906,58.8811]],[[17.21587,58.85663],[17.22077,58.85885],[17.22586,58.86098],[17.23144,58.86308],[17.23512,58.86435],[17.24214,58.8667],[17.24738,58.8683],[17.253,58.86984]],[[17.21579,58.85669],[17.22064,58.85891],[17.22578,58.86104],[17.23136,58.86314],[17.23504,58.86441],[17.24206,58.86676],[17.24731,58.86836],[17.25293,58.8699]],[[17.21033,58.85389],[17.21587,58.85663]],[[17.20767,58.8525],[17.21033,58.85389]],[[17.21025,58.85394],[17.21579,58.85669]],[[17.20759,58.85256],[17.21025,58.85394]],[[17.20135,58.84925],[17.20767,58.8525]],[[17.20064,58.84887],[17.20135,58.84925]],[[17.20126,58.8493],[17.20759,58.85256]],[[17.20056,58.84892],[17.20126,58.8493]],[[17.18276,58.8394],[17.18871,58.8426],[17.20064,58.84887]],[[17.18268,58.83946],[17.18863,58.84266],[17.20056,58.84892]],[[17.16489,58.82909],[17.16788,58.83074],[17.17102,58.83258],[17.17657,58.83594],[17.18276,58.8394]],[[17.16481,58.82915],[17.1678,58.83079],[17.17094,58.83263],[17.17649,58.836],[17.18268,58.83946]],[[17.14834,58.82026],[17.15341,58.82269],[17.1575,58.82487],[17.16113,58.82695],[17.16489,58.82909]],[[17.14323,58.81821],[17.14606,58.81929],[17.14834,58.82026]],[[17.14825,58.82031],[17.15333,58.82274],[17.15741,58.82492],[17.16104,58.827],[17.16481,58.82915]],[[17.14315,58.81827],[17.14598,58.81934],[17.14825,58.82031]],[[17.13026,58.8136],[17.13324,58.81458],[17.13623,58.81561],[17.14323,58.81821]],[[17.12432,58.81192],[17.12741,58.81275],[17.13026,58.8136]],[[17.11838,58.81029],[17.12432,58.81192]],[[17.13017,58.81365],[17.13316,58.81462],[17.13614,58.81566],[17.14315,58.81827]],[[17.12424,58.81197],[17.12733,58.81279],[17.13017,58.81365]],[[17.1183,58.81033],[17.12424,58.81197]],[[15.68834,58.41843],[15.69868,58.41959],[15.71139,58.42095],[15.71191,58.42101],[15.71253,58.4211],[15.7129,58.42116],[15.72015,58.42247],[15.72077,58.4226],[15.72131,58.42278],[15.72469,58.42399],[15.72603,58.42454],[15.7282,58.42543],[15.73022,58.42655],[15.73223,58.4277],[15.73514,58.42953],[15.73564,58.42973],[15.73823,58.43069],[15.74895,58.43393],[15.75222,58.43531],[15.75355,58.43599],[15.76955,58.44723],[15.77262,58.44941],[15.77671,58.45261],[15.78027,58.4551],[15.78441,58.45755],[15.78458,58.45765],[15.78503,58.45787],[15.7854,58.45802],[15.78587,58.45821],[15.79116,58.46033],[15.79678,58.46282],[15.79882,58.46373],[15.80547,58.46634],[15.80843,58.4675],[15.81717,58.47056],[15.82014,58.47132],[15.83199,58.47441],[15.84339,58.47666],[15.85607,58.47855],[15.86308,58.47942],[15.86784,58.47979],[15.87738,58.48052],[15.89094,58.48193],[15.89905,58.48326],[15.91151,58.48532],[15.92108,58.48609],[15.94743,58.48824],[15.95553,58.48924],[15.95896,58.49024],[15.97368,58.49452],[15.98344,58.49997],[15.99064,58.50464],[15.99401,58.50633],[15.99729,58.50821],[16.0015,58.51317],[16.00413,58.51524],[16.01055,58.52026],[16.01659,58.52364],[16.02613,58.5279],[16.03661,58.53377],[16.03748,58.53425],[16.0392,58.53521],[16.04071,58.53605],[16.04184,58.53669],[16.04285,58.53725],[16.04415,58.53797],[16.04532,58.53863],[16.04707,58.5396],[16.05056,58.54154],[16.05307,58.54294],[16.05402,58.54411],[16.05502,58.54533],[16.05659,58.54726],[16.05749,58.54835],[16.05873,58.54987],[16.06166,58.55297]],[[16.06166,58.55297],[16.06338,58.55454],[16.06723,58.55749],[16.0684,58.55819],[16.0719,58.56026],[16.08445,58.56783],[16.09443,58.57192],[16.10533,58.57669],[16.11144,58.57935],[16.11189,58.57954],[16.11247,58.57979],[16.11436,58.5806],[16.12316,58.58486],[16.12689,58.58613],[16.14058,58.59094],[16.14708,58.59248],[16.1502,58.59303],[16.15358,58.59362],[16.15617,58.59406],[16.15889,58.59452],[16.16445,58.59532],[16.16599,58.59554],[16.16795,58.59582],[16.1727,58.59649],[16.17409,58.5967]]]}},{"type":"Feature","properties":{"id":"tunnelbana-akalla-barkarby","name":"Tunnelbanans blå linje, Akalla–Barkarby","label_short":"T-bana Barkarby","type":"metro","status":"construction","open_year":2027,"open_window":null,"budget_msek":null,"price_base":null,"agency":"Region Stockholm","kommuner":["0180","0123"],"kommun_names":["Stockholm","Järfälla"],"stations":["Barkarbystaden","Barkarby"],"stations_located":[{"name":"Barkarbystaden","lat":59.4052,"lon":17.86435,"osm_tag":"public_transport=station"},{"name":"Barkarby","lat":59.4052,"lon":17.86435,"osm_tag":"public_transport=station"}],"geometry_source":"osm:railway alignment, 4 way(s) matched by name","source_url":"https://nyatunnelbanan.se/barkarby/","source_doc":null,"notes":"Page states traffic start December 2027; 4 km extension from Akalla. No per-line budget is published — the 55.5 bn SEK (2016 price level) figure covers all of nya tunnelbanan."},"geometry":{"type":"MultiLineString","coordinates":[[[17.858,59.40465],[17.85696,59.40461],[17.85699,59.40438],[17.85803,59.40442],[17.858,59.40465]],[[17.8799,59.41385],[17.88028,59.41395],[17.88067,59.41359],[17.88048,59.4135],[17.88028,59.41352],[17.8799,59.41385]],[[17.8762,59.41416],[17.87622,59.41404],[17.87889,59.41416],[17.87887,59.41428],[17.8762,59.41416]],[[17.85899,59.40618],[17.85919,59.40617],[17.85888,59.40463],[17.85869,59.40464],[17.85899,59.40618]]]}},{"type":"Feature","properties":{"id":"tunnelbana-fridhemsplan-alvsjo","name":"Tunnelbanans gula linje, Fridhemsplan–Älvsjö","label_short":"T-bana Älvsjö","type":"metro","status":"construction","open_year":null,"open_window":null,"budget_msek":16337.0,"price_base":"2025-02","agency":"Region Stockholm","kommuner":["0180"],"kommun_names":["Stockholm"],"stations":["Fridhemsplan","Liljeholmen","Årstaberg","Årstafältet","Östbergahöjden","Älvsjö"],"stations_located":[{"name":"Fridhemsplan","lat":59.3327,"lon":18.0292,"osm_tag":"highway=bus_stop"},{"name":"Liljeholmen","lat":59.31071,"lon":18.02366,"osm_tag":"public_transport=station"},{"name":"Årstaberg","lat":59.29916,"lon":18.02958,"osm_tag":"highway=bus_stop"},{"name":"Årstafältet","lat":59.29646,"lon":18.04005,"osm_tag":"highway=bus_stop"},{"name":"Östbergahöjden","lat":59.28829,"lon":18.03812,"osm_tag":"highway=bus_stop"},{"name":"Älvsjö","lat":59.27855,"lon":18.01109,"osm_tag":"public_transport=station"}],"geometry_source":"osm:station points matched by name in the project's kommuner","source_url":"https://nyatunnelbanan.se/gul-linje/","source_doc":"https://bransch.trafikverket.se/contentassets/2fca968f05c545d59749ce9d442e117a/bilaga1_nationell_plan_for_transportinfrastrukturen_2026-2037-webb.xlsx","notes":"Project page gives construction start 2026 and roughly nine years' build but no opening year, so open_year is left blank. Budget is plan object SVF1801 'Älvsjö-Fridhemsplan, tunnelbana och nya stationer'. Driverless trains and platform screen doors."},"geometry":{"type":"MultiPoint","coordinates":[[18.0292,59.3327],[18.02366,59.31071],[18.02958,59.29916],[18.04005,59.29646],[18.03812,59.28829],[18.01109,59.27855]]}},{"type":"Feature","properties":{"id":"tunnelbana-kungstradgarden-nacka","name":"Tunnelbanans blå linje, Kungsträdgården–Nacka","label_short":"T-bana Nacka","type":"metro","status":"construction","open_year":2030,"open_window":null,"budget_msek":null,"price_base":null,"agency":"Region Stockholm","kommuner":["0180","0182"],"kommun_names":["Stockholm","Nacka"],"stations":["Sofia","Hammarby kanal","Sickla","Järla","Nacka"],"stations_located":[{"name":"Sofia","lat":59.31337,"lon":18.0935,"osm_tag":"highway=bus_stop"},{"name":"Sickla","lat":59.30684,"lon":18.12104,"osm_tag":"public_transport=station"},{"name":"Järla","lat":59.3447,"lon":18.06144,"osm_tag":"highway=bus_stop"},{"name":"Nacka","lat":59.30657,"lon":18.13053,"osm_tag":"public_transport=station"}],"geometry_source":"osm:railway alignment, 5 way(s) matched by name","source_url":"https://nyatunnelbanan.se/nacka-soderort","source_doc":null,"notes":"Nacka and Söderort share one project page and one stated traffic start of 2030; station Sofia serves both branches."},"geometry":{"type":"MultiLineString","coordinates":[[[18.08649,59.31661],[18.08625,59.3166],[18.08645,59.31529],[18.0867,59.3153],[18.08649,59.31661]],[[18.09248,59.30564],[18.0926,59.3057],[18.09083,59.30658],[18.09072,59.30652],[18.09248,59.30564]],[[18.1231,59.30639],[18.12548,59.30654],[18.12546,59.30661],[18.12308,59.30647],[18.1231,59.30639]],[[18.14969,59.30812],[18.14966,59.30821],[18.14713,59.30803],[18.14716,59.30794],[18.14969,59.30812]],[[18.16662,59.31248],[18.16441,59.31176],[18.16453,59.31166],[18.16675,59.31238],[18.16662,59.31248]]]}},{"type":"Feature","properties":{"id":"tunnelbana-odenplan-arenastaden","name":"Tunnelbanans gröna linje, Odenplan–Arenastaden","label_short":"T-bana Arenastaden","type":"metro","status":"construction","open_year":2028,"open_window":null,"budget_msek":null,"price_base":null,"agency":"Region Stockholm","kommuner":["0180","0184"],"kommun_names":["Stockholm","Solna"],"stations":["Hagastaden","Södra Hagalund","Arenastaden"],"stations_located":[],"geometry_source":"osm:railway alignment, 2 way(s) matched by name","source_url":"https://nyatunnelbanan.se/arenastaden/","source_doc":null,"notes":"Page states traffic start 2028; which southern branch the line will run to (Gullmarsplan, Farsta or Skarpnäck) is not yet decided."},"geometry":{"type":"MultiLineString","coordinates":[[[18.04454,59.34277],[18.04423,59.34275],[18.0439,59.34272],[18.04356,59.34268],[18.04322,59.34265],[18.04269,59.34259],[18.04238,59.34255],[18.04187,59.34247],[18.0412,59.34235],[18.0407,59.34227],[18.04019,59.34221],[18.04003,59.34219],[18.03985,59.34218],[18.03967,59.34217],[18.03932,59.34215],[18.0388,59.34214],[18.03827,59.34216],[18.03791,59.34219],[18.03741,59.34225],[18.03691,59.34234],[18.03641,59.34245],[18.03598,59.34258],[18.03555,59.34274],[18.03491,59.34303],[18.03436,59.34332],[18.03375,59.34371],[18.03318,59.34418],[18.0327,59.34468],[18.03239,59.34499],[18.0316,59.34582],[18.03094,59.3465],[18.03076,59.34667],[18.02978,59.34767],[18.02948,59.34797],[18.02925,59.34818],[18.02887,59.34849],[18.02868,59.34863],[18.02849,59.34879],[18.02827,59.34893],[18.02795,59.34914],[18.02773,59.34928],[18.02737,59.34948],[18.02714,59.34962],[18.02689,59.34974],[18.02649,59.34992],[18.02583,59.35022],[18.02528,59.35043],[18.025,59.35053],[18.02442,59.35073],[18.02322,59.35109],[18.0217,59.35154],[18.01836,59.35253],[18.01792,59.35267],[18.01763,59.35277],[18.01717,59.35292],[18.01675,59.35308],[18.0161,59.35338],[18.01573,59.35358],[18.01548,59.35371],[18.01494,59.35405],[18.01454,59.35435],[18.01436,59.3545],[18.01426,59.35457],[18.0141,59.35473],[18.01393,59.35489],[18.01379,59.35505],[18.01365,59.35522],[18.01352,59.35538],[18.01336,59.35564],[18.01325,59.35581],[18.01311,59.35607],[18.01293,59.3565],[18.01274,59.35694],[18.01256,59.35738],[18.01198,59.35869],[18.01184,59.35905],[18.01176,59.35923],[18.01161,59.35958],[18.01142,59.36001],[18.01123,59.36045],[18.0107,59.36169],[18.01061,59.36186],[18.01052,59.36203],[18.01047,59.36212],[18.01029,59.36238],[18.01017,59.36255],[18.0101,59.36263],[18.00995,59.36279],[18.0098,59.36296],[18.00963,59.36311],[18.00946,59.36327],[18.00908,59.36357],[18.00867,59.36387],[18.0076,59.36463],[18.00586,59.36587]],[[18.00604,59.36597],[18.00903,59.36385],[18.00922,59.3637],[18.00941,59.36355],[18.00959,59.36339],[18.00983,59.36316],[18.01005,59.36291],[18.01025,59.36266],[18.01043,59.36241],[18.01057,59.36214],[18.01078,59.3617],[18.01149,59.36003],[18.01178,59.35951],[18.01205,59.35908],[18.01219,59.35882],[18.01228,59.35864],[18.01243,59.35829],[18.01314,59.35664],[18.01348,59.35584],[18.01355,59.35567],[18.0136,59.35558],[18.01364,59.3555],[18.01369,59.35541],[18.01375,59.35533],[18.01385,59.35516],[18.01391,59.35507],[18.01413,59.35483],[18.01419,59.35475],[18.01461,59.35436],[18.01501,59.35406],[18.01557,59.35371],[18.01581,59.35358],[18.01618,59.35339],[18.01644,59.35327],[18.01671,59.35315],[18.01697,59.35304],[18.01726,59.35293],[18.0177,59.35278],[18.018,59.35268],[18.01846,59.35254],[18.02406,59.35088],[18.0245,59.35074],[18.02509,59.35054],[18.02592,59.35023],[18.0266,59.34995],[18.02754,59.34953],[18.02821,59.34924],[18.0286,59.34906],[18.02884,59.34893],[18.02918,59.34873],[18.0294,59.34859],[18.02979,59.34829],[18.03006,59.34805],[18.03037,59.34775],[18.03133,59.34677],[18.03219,59.34589],[18.03296,59.34508],[18.03328,59.34477],[18.03368,59.34436],[18.03382,59.3442],[18.034,59.34404],[18.0342,59.34389],[18.03464,59.34361],[18.03487,59.34349],[18.03514,59.34337],[18.03526,59.34331],[18.03555,59.34321],[18.03585,59.3431],[18.03616,59.34301],[18.03648,59.34295],[18.0368,59.34288],[18.03705,59.34284],[18.0373,59.3428],[18.03783,59.34275],[18.03819,59.34273],[18.03853,59.34272],[18.03888,59.34273],[18.03923,59.34273],[18.04028,59.34277],[18.04064,59.34278],[18.04092,59.34279],[18.04156,59.34281]]]}},{"type":"Feature","properties":{"id":"tunnelbana-soderort","name":"Tunnelbanans blå linje till Söderort","label_short":"T-bana Söderort","type":"metro","status":"construction","open_year":2030,"open_window":null,"budget_msek":null,"price_base":null,"agency":"Region Stockholm","kommuner":["0180"],"kommun_names":["Stockholm"],"stations":["Sofia","Gullmarsplan","Slakthusområdet"],"stations_located":[{"name":"Sofia","lat":59.31337,"lon":18.0935,"osm_tag":"highway=bus_stop"},{"name":"Gullmarsplan","lat":59.29914,"lon":18.08114,"osm_tag":"highway=bus_stop"}],"geometry_source":"osm:railway alignment, 1 way(s) matched by name","source_url":"https://nyatunnelbanan.se/nacka-soderort","source_doc":null,"notes":"Blue line takes over the Hagsätra branch; Gullmarsplan gets a new platform beneath the green line."},"geometry":{"type":"MultiLineString","coordinates":[[[18.08649,59.31661],[18.08625,59.3166],[18.08645,59.31529],[18.0867,59.3153],[18.08649,59.31661]]]}},{"type":"Feature","properties":{"id":"tvarforbindelse-sodertorn","name":"E4/Lv 259 Tvärförbindelse Södertörn","label_short":"Tvärförb. Södertörn","type":"road","status":"decided","open_year":null,"open_window":null,"budget_msek":23582.0,"price_base":"2025-02","agency":"Trafikverket","kommuner":["0126","0136","0127"],"kommun_names":["Huddinge","Haninge","Botkyrka"],"stations":[],"stations_located":[],"geometry_source":"none — not drawn","source_url":"https://www.trafikverket.se/vara-projekt/projekt-i-stockholms-lan/vag-259-tvarforbindelse-sodertorn/","source_doc":"https://bransch.trafikverket.se/contentassets/2fca968f05c545d59749ce9d442e117a/bilaga1_nationell_plan_for_transportinfrastrukturen_2026-2037-webb.xlsx","notes":"Byggstart decision 28 April 2026; road plan legally binding January 2024. ~20 km Kungens kurva–Flemingsberg–Jordbro, about a quarter in tunnel. No opening year published. 19 502 of the 23 582 MSEK falls inside 2026–2037."},"geometry":null},{"type":"Feature","properties":{"id":"uppsala-sparvag","name":"Uppsala spårväg","label_short":"Uppsala spårväg","type":"tram","status":"construction","open_year":2029,"open_window":null,"budget_msek":null,"price_base":null,"agency":"Uppsala kommun","kommuner":["0380"],"kommun_names":["Uppsala"],"stations":[],"stations_located":[],"geometry_source":"none — not drawn","source_url":"https://www.uppsala.se/bygga-och-bo/samhallsbyggnad-och-planering/samhallsbyggnad-och-arkitektur/uppsala-sparvag/","source_doc":null,"notes":"Phase 2 (genomförande) began 2 July 2026. The 2029 opening is what the overview page states, but the page carries no update date and the dedicated timeline page 404s — treat the year as soft. The Ultunalänken component has no published completion date."},"geometry":null},{"type":"Feature","properties":{"id":"vanersjofarten-trollhatte-kanal","name":"Vänersjöfarten, nya slussar i Trollhätte kanal/Göta älv","label_short":"Slussar Trollhättan","type":"other","status":"decided","open_year":null,"open_window":"2032–2034","budget_msek":8184.0,"price_base":"2025-02","agency":"Trafikverket och Sjöfartsverket","kommuner":["1488","1487","1462"],"kommun_names":["Trollhättan","Vänersborg","Lilla Edet"],"stations":[],"stations_located":[],"geometry_source":"none — not drawn","source_url":"https://www.trafikverket.se/vara-projekt/projekt-i-vastra-gotalands-lan/slussar-i-trollhatte-kanal/","source_doc":"https://bransch.trafikverket.se/contentassets/2fca968f05c545d59749ce9d442e117a/bilaga1_nationell_plan_for_transportinfrastrukturen_2026-2037-webb.xlsx","notes":"Byggstart by site: Lilla Edet Q2 2027, Trollhättan Q2 2028, Vänersborg Q2 2029; all locks in operation 2032–2034. The project page states 6,1 miljarder in 2021 price level and explicitly says the current-price figure is not yet confirmed."},"geometry":null},{"type":"Feature","properties":{"id":"varbergstunneln","name":"Varberg, dubbelspår (tunnel) inklusive resecentrum","label_short":"Varbergstunneln","type":"rail","status":"opened","open_year":2025,"open_window":null,"budget_msek":9916.0,"price_base":"2025-02","agency":"Trafikverket","kommuner":["1383"],"kommun_names":["Varberg"],"stations":["Varberg"],"stations_located":[{"name":"Varberg","lat":57.11191,"lon":12.24941,"osm_tag":"public_transport=station"}],"geometry_source":"osm:station points matched by name in the project's kommuner","source_url":"https://www.trafikverket.se/vara-projekt/projekt-i-hallands-lan/varbergstunneln/","source_doc":"https://bransch.trafikverket.se/contentassets/2fca968f05c545d59749ce9d442e117a/bilaga1_nationell_plan_for_transportinfrastrukturen_2026-2037-webb.xlsx","notes":"Opened 14 July 2025; 9 km double track with a 3 km city-centre tunnel and a relocated station. The project page states 8,6 miljarder in 2021 price level; 9 916 MSEK is the plan's total object cost in 2025-02 including co-financing from Varbergs kommun, Region Halland and Jernhusen."},"geometry":{"type":"Point","coordinates":[12.24941,57.11191]}},{"type":"Feature","properties":{"id":"varmlandsbanan-karlstad-kil","name":"Värmlandsbanan, Karlstad–Kil, dubbelspår","label_short":"Karlstad–Kil","type":"rail","status":"study","open_year":null,"open_window":null,"budget_msek":2100.0,"price_base":"2025-02","agency":"Trafikverket","kommuner":["1780","1715"],"kommun_names":["Karlstad","Kil"],"stations":[],"stations_located":[],"geometry_source":"none — not drawn","source_url":"https://bransch.trafikverket.se/for-dig-i-branschen/Planera-och-utreda/langsiktig-planering-av-infrastruktur/nationell-plan/nationell-plan-2026-2037/","source_doc":"https://bransch.trafikverket.se/contentassets/2fca968f05c545d59749ce9d442e117a/bilaga1_nationell_plan_for_transportinfrastrukturen_2026-2037-webb.xlsx","notes":"Plan object JVA2219, phase 'Planering', fully inside the plan period. No dedicated project page found."},"geometry":null},{"type":"Feature","properties":{"id":"vastlanken","name":"Västlänken","label_short":"Västlänken","type":"rail","status":"construction","open_year":null,"open_window":"2029–2032","budget_msek":null,"price_base":null,"agency":"Trafikverket","kommuner":["1480"],"kommun_names":["Göteborg"],"stations":["Göteborg Central","Haga","Korsvägen"],"stations_located":[{"name":"Haga","lat":57.69959,"lon":11.96307,"osm_tag":"railway=tram_stop"},{"name":"Korsvägen","lat":57.69683,"lon":11.9863,"osm_tag":"railway=tram_stop"}],"geometry_source":"osm:railway alignment, 47 way(s) matched by name","source_url":"https://www.trafikverket.se/vara-projekt/projekt-i-vastra-gotalands-lan/vastlanken/","source_doc":null,"notes":"Four new underground tracks at Göteborg C open 13 December 2026 as a terminus; Haga and Korsvägen open with the full tunnel, likely 2030 within a 2029–2032 span. Budget deliberately left blank — the Trafikverket page (last updated 2023-09-05) states two different 2009-price figures, see the disagreement section."},"geometry":{"type":"MultiLineString","coordinates":[[[12.00611,57.72313],[12.0064,57.72323],[12.00656,57.72328],[12.00692,57.72339],[12.00704,57.72342],[12.00718,57.72346],[12.00737,57.7235],[12.0077,57.72357],[12.00811,57.72366],[12.00855,57.72373]],[[12.0053,57.72278],[12.00545,57.72286],[12.00557,57.72292],[12.00584,57.72303],[12.00611,57.72313]],[[12.00855,57.72373],[12.00899,57.72381]],[[12.00897,57.72384],[12.00853,57.72377]],[[11.99041,57.715],[11.99058,57.71509],[11.99124,57.71546],[11.99183,57.71581],[11.99248,57.71624]],[[11.98856,57.71416],[11.98875,57.71422],[11.98949,57.71454],[11.98982,57.7147]],[[11.98993,57.71468],[11.9894,57.71444],[11.98886,57.71422],[11.98862,57.71412]],[[11.99255,57.71621],[11.99241,57.71612],[11.9919,57.7158],[11.99128,57.71543],[11.99075,57.71512],[11.99062,57.71504],[11.99047,57.71496]],[[11.99359,57.71704],[11.9935,57.71696],[11.9934,57.71687],[11.9933,57.7168],[11.99292,57.7165],[11.99255,57.71621]],[[11.99248,57.71624],[11.99268,57.71639],[11.99285,57.71652],[11.99323,57.71682],[11.99351,57.71706]],[[11.998,57.71952],[11.99809,57.71956],[11.99836,57.71969],[11.99864,57.71981],[11.99875,57.71987],[11.99913,57.72004],[11.99953,57.72023],[11.99986,57.72038],[12.00022,57.72054],[12.00048,57.72066],[12.00074,57.72078],[12.001,57.72089],[12.00141,57.72104],[12.00162,57.72111],[12.00188,57.7212],[12.00212,57.72128],[12.00244,57.7214],[12.00267,57.72149],[12.00292,57.7216],[12.0033,57.72177],[12.00368,57.72198],[12.00384,57.72206],[12.00403,57.72217],[12.00416,57.72224],[12.00446,57.7224]],[[11.99805,57.71949],[11.99746,57.71922],[11.99727,57.71913],[11.99707,57.71904],[11.99683,57.71893],[11.99659,57.71882],[11.99611,57.71859],[11.99547,57.71828],[11.99525,57.71816]],[[11.96418,57.69597],[11.96422,57.69592],[11.96446,57.69559],[11.96459,57.69545],[11.96474,57.69527],[11.96488,57.69513],[11.96504,57.69499],[11.96524,57.69483],[11.96544,57.69469],[11.96562,57.69459],[11.96582,57.69448],[11.96616,57.69431],[11.96662,57.69414],[11.96699,57.69403],[11.96732,57.69394],[11.9676,57.69388],[11.96797,57.69381],[11.96846,57.69375],[11.96894,57.69372],[11.96938,57.69371],[11.96983,57.69372],[11.97019,57.69374],[11.97063,57.69379],[11.97114,57.69386],[11.97162,57.69395],[11.97218,57.69408],[11.97244,57.69413],[11.97373,57.69441],[11.97417,57.6945],[11.97494,57.69466],[11.97529,57.69474],[11.97684,57.69506],[11.97743,57.69517],[11.97807,57.69527],[11.97846,57.69532],[11.97937,57.69543],[11.97942,57.69543]],[[11.96395,57.69595],[11.96432,57.69556],[11.96464,57.69525],[11.96479,57.69511],[11.96497,57.69496],[11.96517,57.6948],[11.9654,57.69465],[11.96557,57.69455],[11.96577,57.69444],[11.96605,57.6943],[11.96638,57.69417],[11.96659,57.6941],[11.96697,57.69398],[11.96729,57.6939],[11.96759,57.69383],[11.96795,57.69377],[11.96845,57.69371],[11.96876,57.69368],[11.96894,57.69367],[11.9694,57.69366],[11.96983,57.69367],[11.97019,57.6937],[11.97058,57.69373],[11.97104,57.6938],[11.97147,57.69388],[11.97189,57.69396],[11.97219,57.69403],[11.97241,57.69407],[11.97307,57.69421],[11.97338,57.69428],[11.97416,57.69445],[11.97531,57.69469],[11.97687,57.69502],[11.97746,57.69513],[11.97808,57.69521],[11.97847,57.69526],[11.9794,57.69535],[11.97953,57.69536]],[[11.99047,57.71496],[11.98993,57.71468]],[[11.98982,57.7147],[11.99041,57.715]],[[11.9599,57.70157],[11.96014,57.70112],[11.96026,57.70086],[11.96044,57.70053],[11.96066,57.7001],[11.96089,57.69967],[11.96112,57.69933],[11.96137,57.69896],[11.96179,57.69838],[11.96241,57.69754],[11.96263,57.6973],[11.96273,57.69718],[11.96316,57.69674],[11.96352,57.69638],[11.96369,57.6962],[11.96395,57.69595]],[[11.96056,57.70099],[11.96078,57.70074],[11.96089,57.70061],[11.96102,57.70048],[11.96133,57.70018],[11.96173,57.69978],[11.96186,57.69963],[11.96206,57.69938],[11.96222,57.69918],[11.96293,57.69819],[11.96326,57.69771],[11.96339,57.69749],[11.96349,57.6973],[11.96357,57.69713],[11.9637,57.69683],[11.96381,57.69659],[11.96393,57.69637],[11.96418,57.69597]],[[12.00125,57.68727],[12.0015,57.68696],[12.00177,57.68665],[12.00207,57.68631],[12.00245,57.68585],[12.00289,57.68533],[12.00305,57.68513],[12.00331,57.68481],[12.00356,57.68449],[12.00389,57.68402],[12.00409,57.68378],[12.00415,57.68372],[12.00423,57.68363],[12.00426,57.68359],[12.00441,57.68341]],[[12.00133,57.68728],[12.0016,57.68697],[12.00227,57.68616],[12.00252,57.68587],[12.00298,57.68533],[12.00313,57.68515],[12.00364,57.68451],[12.00379,57.68426],[12.00417,57.68374],[12.00441,57.68341],[12.00458,57.68319],[12.00472,57.683],[12.00489,57.68277],[12.00498,57.68263],[12.00518,57.68237],[12.00541,57.68204],[12.00559,57.6818],[12.00573,57.6816],[12.0061,57.68106]],[[11.99546,57.71832],[11.99633,57.71875],[11.99662,57.71889],[11.99684,57.71899],[11.99705,57.71909],[11.99723,57.71917],[11.99748,57.71928],[11.998,57.71952]],[[12.00452,57.72237],[12.00409,57.72214],[12.00362,57.72188],[12.00322,57.72168],[12.00288,57.72152],[12.00271,57.72145],[12.00258,57.7214],[12.00235,57.72132],[12.00215,57.72125],[12.00189,57.72115],[12.00173,57.7211],[12.00149,57.72101],[12.00105,57.72085],[12.00091,57.7208],[12.0008,57.72076],[12.00053,57.72064],[12.00027,57.72052],[12.0,57.7204],[11.99963,57.72022],[11.99958,57.7202],[11.99919,57.72001],[11.99898,57.71993],[11.9988,57.71984],[11.99861,57.71975],[11.99841,57.71966],[11.99814,57.71953],[11.99805,57.71949]],[[11.99519,57.71819],[11.99546,57.71832]],[[12.00899,57.72381],[12.01107,57.72415],[12.01172,57.72424],[12.01194,57.72427],[12.01261,57.72437]],[[12.00897,57.72384],[12.00972,57.72397],[12.01032,57.72407],[12.01053,57.7241],[12.01173,57.72429],[12.0122,57.72436],[12.01242,57.72439],[12.01273,57.72445]],[[12.00446,57.7224],[12.00454,57.72244],[12.00464,57.72249],[12.00479,57.72257],[12.00503,57.7227],[12.0053,57.72283]],[[12.00611,57.72318],[12.00635,57.72326],[12.0067,57.72337],[12.00698,57.72345],[12.00735,57.72354],[12.00769,57.72362],[12.00817,57.7237],[12.00853,57.72377]],[[12.0053,57.72278],[12.00503,57.72264],[12.0046,57.72241],[12.00452,57.72237]],[[12.0053,57.72283],[12.00548,57.72292],[12.00559,57.72297],[12.0057,57.72302],[12.00583,57.72307],[12.00594,57.72311],[12.00611,57.72318]],[[11.99425,57.71764],[11.99452,57.71782],[11.99483,57.718],[11.99519,57.71819]],[[11.99351,57.71706],[11.99369,57.71722],[11.99384,57.71734],[11.99398,57.71745],[11.99416,57.71758],[11.99425,57.71764]],[[11.99431,57.71761],[11.99418,57.71753],[11.99406,57.71744],[11.99394,57.71734],[11.99379,57.71723],[11.99359,57.71704]],[[11.99525,57.71816],[11.99492,57.71799],[11.99459,57.7178],[11.99431,57.71761]],[[11.98862,57.71412],[11.98816,57.71395],[11.98768,57.71379],[11.98722,57.71365],[11.98683,57.71354],[11.9862,57.71338],[11.98573,57.71328],[11.9853,57.71319],[11.98495,57.71312],[11.98437,57.71302],[11.98406,57.71297],[11.98361,57.71291],[11.98197,57.71268],[11.98037,57.71244],[11.97878,57.71217]],[[11.9787,57.71221],[11.97959,57.71236],[11.98029,57.71248],[11.98195,57.71272],[11.98353,57.71295],[11.98398,57.71302],[11.98442,57.71308],[11.98495,57.71317],[11.98579,57.71334],[11.98654,57.71352],[11.98714,57.71368],[11.98768,57.71384],[11.9882,57.71402],[11.98856,57.71416]],[[11.9787,57.71221],[11.97791,57.71208],[11.97707,57.71193],[11.97643,57.71182],[11.97615,57.71177],[11.97568,57.71169],[11.97497,57.71157],[11.97394,57.71139],[11.97266,57.71117],[11.97075,57.71084],[11.96995,57.71071],[11.96911,57.71056],[11.96854,57.71046],[11.96808,57.71039],[11.96755,57.71031],[11.96666,57.71019],[11.96592,57.71009]],[[11.97878,57.71217],[11.9781,57.71206],[11.97718,57.7119],[11.97645,57.71178],[11.97587,57.71168],[11.9757,57.71165],[11.97499,57.71152],[11.97397,57.71135],[11.97268,57.71113],[11.97237,57.71108],[11.97077,57.7108],[11.96997,57.71067],[11.96912,57.71052],[11.96809,57.71034],[11.96757,57.71026],[11.96669,57.71014],[11.96594,57.71004]],[[11.96026,57.70661],[11.96012,57.70638],[11.95956,57.70533],[11.95939,57.70497],[11.9593,57.70474],[11.95923,57.70447],[11.95918,57.7042],[11.95916,57.70388],[11.95917,57.70367],[11.95918,57.70356],[11.95921,57.70333],[11.95928,57.70304],[11.95937,57.70281],[11.95944,57.70264],[11.95952,57.70249],[11.95969,57.70221],[11.95984,57.70199],[11.96013,57.70159],[11.96056,57.70099],[11.96089,57.70053],[11.96117,57.70015],[11.96145,57.69975],[11.96238,57.69846],[11.96299,57.69763],[11.96359,57.69679],[11.9639,57.69637],[11.96418,57.69597]],[[11.96018,57.70662],[11.96013,57.70653],[11.95995,57.70623],[11.95949,57.70536],[11.9593,57.70498],[11.95922,57.70475],[11.95915,57.70448],[11.9591,57.7042],[11.95908,57.70405],[11.95907,57.70389],[11.95909,57.70359],[11.95912,57.70334],[11.95915,57.70319],[11.9592,57.70302],[11.95932,57.7027],[11.95951,57.70232],[11.95976,57.70183],[11.9599,57.70157],[11.96,57.70141],[11.9602,57.70107],[11.96046,57.7007],[11.96087,57.70014],[11.96117,57.69971],[11.96308,57.69708],[11.96339,57.69664],[11.96373,57.6962],[11.96395,57.69595]],[[11.99111,57.69663],[11.99165,57.69667],[11.9924,57.69674],[11.99296,57.69679],[11.9933,57.69681],[11.99368,57.69683],[11.99403,57.69684],[11.99438,57.69685],[11.99498,57.69685],[11.99532,57.69684],[11.99567,57.69682],[11.99594,57.6968],[11.99635,57.69675],[11.99663,57.6967],[11.99708,57.69661],[11.99747,57.69651],[11.9978,57.69641],[11.99812,57.6963],[11.99849,57.69614],[11.99884,57.69597],[11.99908,57.69583],[11.99932,57.69567],[11.99957,57.69549],[11.99986,57.69521],[12.0,57.69504],[12.00011,57.69489],[12.00025,57.69465],[12.00034,57.69445],[12.00039,57.69426],[12.00043,57.69408],[12.00044,57.6939],[12.00044,57.6937],[12.00042,57.6935],[12.00038,57.69324],[12.00037,57.69312],[12.00032,57.69282],[12.0003,57.69268],[12.00022,57.69206],[12.0002,57.69192],[12.0001,57.69132],[12.00004,57.69087],[12.00002,57.69043],[12.00003,57.69006],[12.00005,57.68983],[12.00011,57.68954],[12.00026,57.68905],[12.00041,57.68865],[12.00055,57.68837],[12.00072,57.6881],[12.00092,57.6878],[12.00111,57.68756],[12.00128,57.68734],[12.00133,57.68728]],[[11.99114,57.69649],[11.99169,57.69655],[11.99271,57.69665],[11.99334,57.69671],[11.99369,57.69674],[11.99405,57.69677],[11.99439,57.69679],[11.99479,57.6968],[11.995,57.6968],[11.99531,57.6968],[11.99553,57.69678],[11.99567,57.69678],[11.99594,57.69675],[11.99635,57.6967],[11.99665,57.69665],[11.99706,57.69657],[11.99744,57.69647],[11.99779,57.69637],[11.99814,57.69624],[11.99846,57.6961],[11.99879,57.69593],[11.99903,57.69579],[11.99931,57.6956],[11.9995,57.69546],[11.99968,57.69529],[11.99983,57.69513],[11.99997,57.69496],[12.00008,57.69481],[12.00017,57.69464],[12.00026,57.69445],[12.00031,57.69425],[12.00033,57.69412],[12.00035,57.69401],[12.00036,57.69382],[12.00035,57.69362],[12.00032,57.69341],[12.00028,57.69311],[12.00024,57.69277],[12.0001,57.69193],[12.00002,57.69132],[11.99995,57.69088],[11.99993,57.69042],[11.99995,57.69006],[11.99997,57.68983],[12.00003,57.68953],[12.00009,57.68926],[12.00016,57.68905],[12.00033,57.68864],[12.00048,57.68835],[12.00063,57.68809],[12.00084,57.68779],[12.00103,57.68754],[12.0012,57.68733],[12.00125,57.68727]],[[11.97942,57.69543],[11.9801,57.69551],[11.98042,57.69555],[11.98091,57.69561],[11.98173,57.6957],[11.98238,57.69578],[11.98274,57.69582],[11.98338,57.69589],[11.98504,57.69605],[11.98668,57.69621],[11.9876,57.6963],[11.98834,57.69637],[11.98889,57.69642],[11.98934,57.69646],[11.99,57.69652],[11.99041,57.69656],[11.99111,57.69663]],[[11.97953,57.69536],[11.98031,57.69544],[11.98094,57.6955],[11.98158,57.69556],[11.98179,57.69558],[11.98226,57.69563],[11.98249,57.69565],[11.98344,57.69574],[11.9851,57.6959],[11.98632,57.69602],[11.98674,57.69606],[11.98767,57.69615],[11.9884,57.69622],[11.98896,57.69628],[11.98953,57.69633],[11.99005,57.69638],[11.99046,57.69642],[11.99114,57.69649]],[[12.00379,57.68426],[12.00415,57.68381],[12.00438,57.68356],[12.00461,57.6833],[12.00482,57.68302]],[[12.00389,57.68402],[12.00521,57.6822]],[[11.96594,57.71004],[11.96492,57.7099],[11.96432,57.70982],[11.96392,57.70975],[11.96362,57.70968],[11.96341,57.70963],[11.96321,57.70957],[11.96291,57.70947],[11.96274,57.70941],[11.96253,57.70932],[11.9623,57.7092],[11.96212,57.70911],[11.96193,57.70898],[11.96173,57.70884],[11.96159,57.70874],[11.96147,57.70861],[11.96137,57.70851],[11.96129,57.70841],[11.9612,57.7083],[11.9611,57.70814],[11.96098,57.70793],[11.96051,57.70707],[11.96026,57.70661]],[[11.96592,57.71009],[11.96491,57.70995],[11.96429,57.70986],[11.96389,57.70979],[11.96359,57.70972],[11.96337,57.70967],[11.96306,57.70958],[11.96278,57.70948],[11.96235,57.70929],[11.96208,57.70914],[11.96186,57.70901],[11.96162,57.70884],[11.96141,57.70865],[11.96127,57.7085],[11.9611,57.70829],[11.96101,57.70815],[11.96093,57.70801],[11.9606,57.70742],[11.96042,57.70709],[11.96018,57.70662]]]}}]}