{"type":"FeatureCollection","meta":{"source":"Polismyndigheten, utsatta omr\u00e5den 2025","url":"https://polisen.se/33a4eb398c9ca7879ac47049931a252f/contentassets/1f86e17354294629b5b66559eef35972/uso_2025_geojson.zip","crs_source":"EPSG:3006","areas":65},"features":[{"type":"Feature","properties":{"name":"S\u00f6dra Sofielund / Seved","class":"utsatt","kategori":"Utsatt omr\u00e5de","ort":"Malm\u00f6","region":"Syd","since":"2023-12-01"},"geometry":{"type":"Polygon","coordinates":[[[13.007119117145834,55.584506069929695],[13.00689986945599,55.58435887634887],[13.006846385098548,55.584287619090524],[13.006989025527437,55.584223356308335],[13.007334853082437,55.5840929601682],[13.0097922423015,55.58317766377511],[13.01189593255027,55.58235574236979],[13.012407749994784,55.58213005255439],[13.01364737740706,55.58165743726455],[13.016501983588396,55.58052610718279],[13.017327156934654,55.58021225317012],[13.018893484400655,55.57965165456031],[13.019561971693063,55.57938090948706],[13.01990421749698,55.579253274155896],[13.019943059299013,55.579415602048606],[13.01995400032802,55.57953182268757],[13.019928992041558,55.57969502079195],[13.019880510173186,55.580015973780064],[13.019616535700115,55.58113172171173],[13.019354702800127,55.58224631458422],[13.019089702667749,55.58336513640094],[13.018948869367268,55.583960676029626],[13.018937515445943,55.58408604781637],[13.018919475722832,55.58424412757672],[13.018327074106141,55.5844029095345],[13.018209212301405,55.58444238056707],[13.017138807718617,55.584838831799594],[13.016105275126765,55.58520305458952],[13.015203828564276,55.58554515315968],[13.014664607165985,55.58574758177357],[13.014047781805443,55.585990128284436],[13.01335565102009,55.58627710684997],[13.012687675949147,55.58653451068493],[13.012309165587993,55.5866967325659],[13.012132239938477,55.586808004675646],[13.01190367942578,55.58689418447867],[13.011413139680034,55.58706314623416],[13.010447130705966,55.58627321011996],[13.009830264859598,55.58585228605898],[13.009619478318715,55.58573662378631],[13.008854191465923,55.585361795404154],[13.008098985449736,55.584987125021215],[13.007360092745424,55.58462222653579],[13.007119117145834,55.584506069929695]]]}},{"type":"Feature","properties":{"name":"Nydala / Hermodsdal / Lind\u00e4ngen","class":"sarskilt","kategori":"S\u00e4rskilt utsatt omr\u00e5de","ort":"Malm\u00f6","region":"Syd","since":"2018-10-01"},"geometry":{"type":"Polygon","coordinates":[[[13.006041840920675,55.55455302618813],[13.006559327981993,55.55356179686213],[13.008618436200548,55.55293617006077],[13.011827256289802,55.5524310456479],[13.017216480481654,55.55172543457348],[13.022901079493458,55.551702726428886],[13.02643084189258,55.55221696591121],[13.029077500749407,55.55511601410584],[13.027089639399879,55.55962330270893],[13.029770267783753,55.56641973319513],[13.029658230934366,55.5753590468887],[13.019907148201506,55.578959024954806],[13.015617026545941,55.57579829526563],[13.01353590511758,55.57153424040671],[13.016475887863882,55.57093372170543],[13.015243264622715,55.56714796186443],[13.013596982723115,55.56428424292663],[13.009804930032168,55.564575240613976],[13.002583092202572,55.56337876625708],[13.000854429779912,55.559318389625304],[13.001078710509555,55.557574397409425],[13.004688592767469,55.555038522786326],[13.006041840920675,55.55455302618813]]]}},{"type":"Feature","properties":{"name":"Holma / Kroksb\u00e4ck","class":"utsatt","kategori":"Utsatt omr\u00e5de","ort":"Malm\u00f6","region":"Syd","since":"2018-10-01"},"geometry":{"type":"Polygon","coordinates":[[[12.975889494965713,55.57941653483607],[12.97303115397948,55.57647339930829],[12.970765033713628,55.57239336481432],[12.984625824307884,55.56891247267978],[12.984627043257634,55.56888867563535],[12.989746563175714,55.57546466495557],[12.986284644973336,55.57585963633961],[12.982160465762368,55.57688567900275],[12.97984439604227,55.577846223884926],[12.979864283109002,55.57801570692174],[12.977693202321525,55.57883166381145],[12.977198728738507,55.57914398923022],[12.976196799725551,55.57943793740399],[12.975889494965713,55.57941653483607]]]}},{"type":"Feature","properties":{"name":"Roseng\u00e5rd","class":"sarskilt","kategori":"S\u00e4rskilt utsatt omr\u00e5de","ort":"Malm\u00f6","region":"Syd","since":"2018-10-01"},"geometry":{"type":"Polygon","coordinates":[[[13.051599432936513,55.5788533670969],[13.054597159135866,55.5818972150058],[13.053652816078815,55.58316625673119],[13.04335530932624,55.58678323367703],[13.031403934199606,55.589849650045906],[13.02940625022853,55.58446722100948],[13.033860592123148,55.58307681674638],[13.040244891212836,55.58135910146452],[13.051083532017595,55.578250736345744],[13.051600607384001,55.57882965893171],[13.051599432936513,55.5788533670969]]]}},{"type":"Feature","properties":{"name":"Dalhem / Drottningh\u00f6g / Fredriksdal","class":"utsatt","kategori":"Utsatt omr\u00e5de","ort":"Helsingborg","region":"Syd","since":"2018-10-01"},"geometry":{"type":"Polygon","coordinates":[[[12.734782668083103,56.077127559834395],[12.733001695556743,56.07585000208533],[12.729501374289287,56.07344574807874],[12.724812088755721,56.07023118306825],[12.721024981341067,56.067625207241576],[12.721801250570898,56.06732921993592],[12.722999294013187,56.06701723217431],[12.722962960381862,56.06691252662388],[12.722910593664617,56.066629178632446],[12.722757784449684,56.06642720482821],[12.721201390309574,56.065518625508176],[12.718534078220257,56.0639890554158],[12.718167776593189,56.063803934532764],[12.716244204405301,56.06299848010994],[12.716092360671395,56.0628708260971],[12.716029082771714,56.062593216833896],[12.715202242185969,56.06264924682753],[12.714090529387583,56.06258109458153],[12.713573056568436,56.06252691850837],[12.713032565133409,56.06241286542843],[12.711782585553046,56.06198840793286],[12.71138962311941,56.06180574404797],[12.712433240663438,56.060960115510724],[12.712765764804114,56.06070636973957],[12.713011711924295,56.06051498531663],[12.713632551242068,56.0601365065564],[12.713972127860139,56.05997158647134],[12.714596166103984,56.05971110947004],[12.716971172624257,56.0588191184595],[12.717425006393063,56.05859019559142],[12.717752358125543,56.058372723596044],[12.718151200897589,56.05800616750294],[12.718248430182923,56.0578890678733],[12.718423370704762,56.057535610349554],[12.718527848140855,56.057205816894104],[12.719031803195316,56.055868616995234],[12.721288477797424,56.05613741692279],[12.72146291109087,56.056247767546466],[12.721636472781682,56.05631493827932],[12.724418813292042,56.0571296158056],[12.724691419882932,56.05723820359787],[12.724945576448263,56.05736059959004],[12.725115482531633,56.05750641063675],[12.725374896279336,56.057864320066244],[12.725528367786113,56.05818103890397],[12.726096170327027,56.058173671001235],[12.729234691608667,56.058138740180596],[12.730083803135447,56.05952763296944],[12.732611544884914,56.05903907641886],[12.733328638223952,56.060289975703405],[12.733248431994033,56.06057028904992],[12.733148399176986,56.060753930675865],[12.732938101112323,56.0610782235913],[12.73253943748033,56.061570266333824],[12.735209344137393,56.06181192037673],[12.739242831755266,56.062285391385785],[12.741158396747021,56.062563027080145],[12.742406091446783,56.06281414696187],[12.743699132718888,56.06316238952809],[12.744432016926297,56.06338623806658],[12.745207413341904,56.06364652766456],[12.745808023080551,56.06384298142521],[12.744835074141266,56.065109288987976],[12.74382938166234,56.06638925816448],[12.742894848300452,56.067759694105945],[12.742326309021218,56.06875872758543],[12.741622745080486,56.069994271400105],[12.740695915155786,56.07177502713409],[12.739999975415943,56.07309630661053],[12.739437847292162,56.07387429747857],[12.73885793438622,56.07451998351011],[12.738278939653915,56.07504084239274],[12.737398719693093,56.0756952849407],[12.736176414623575,56.07641835240504],[12.734782668083103,56.077127559834395]]]}},{"type":"Feature","properties":{"name":"S\u00f6der","class":"utsatt","kategori":"Utsatt omr\u00e5de","ort":"Helsingborg","region":"Syd","since":"2018-10-01"},"geometry":{"type":"Polygon","coordinates":[[[12.70284195772878,56.03604921732481],[12.703305628250845,56.03575168845579],[12.70350873831043,56.03563954414886],[12.703785744712254,56.035534720705165],[12.701462548521402,56.034335152567834],[12.700922793685733,56.034037356636524],[12.700283411941383,56.033647336305755],[12.700122186906082,56.03350165134035],[12.700020078177728,56.033361824029555],[12.69996958543589,56.03321107048015],[12.699973115457144,56.033080346751376],[12.700074924082678,56.03279688872373],[12.70017107729321,56.032608443772716],[12.700216712207173,56.03243035139854],[12.700213877158085,56.03229950985646],[12.700143340642162,56.032146598514956],[12.699965914419042,56.031880713607876],[12.70071817720524,56.03100062135782],[12.700869263963904,56.030859570820674],[12.70109559143745,56.030681637323795],[12.701294341810215,56.03051032285217],[12.701447330967262,56.03033720423899],[12.701688090883987,56.030002116150435],[12.702040429633426,56.02953308654633],[12.702499306956117,56.02892906972768],[12.702869412535346,56.028217815676186],[12.703188751376484,56.02778906997771],[12.703449039462415,56.027382052303366],[12.703509374277736,56.027281398418275],[12.7036941521484,56.026887241822706],[12.703800389181756,56.02664286154042],[12.703940086845972,56.02626403476226],[12.704322754259389,56.02556918103391],[12.704986074690346,56.024344646814576],[12.705409802851895,56.0235725560341],[12.7066487899726,56.02380248994144],[12.709392759641474,56.02428866270963],[12.70975613045605,56.02431919256736],[12.712078961473326,56.02473488888722],[12.71353463466148,56.02497667312791],[12.713777703065125,56.02503111774766],[12.714191857657594,56.02510062223691],[12.71298876182474,56.02652412149714],[12.71202591968179,56.027653631816825],[12.711085285283156,56.028765713136025],[12.710585909017572,56.02938184925901],[12.709560425803458,56.03062717527861],[12.70766300958358,56.032996050651796],[12.712274424674739,56.030903698062225],[12.715018144758375,56.0296359823323],[12.71578920028228,56.029344104126075],[12.716800968884403,56.029021007417626],[12.717789102763085,56.02876691037303],[12.718489434292897,56.028564774232834],[12.718840760843356,56.0284583205915],[12.719096351396493,56.028606915188604],[12.719237780744916,56.02865709059287],[12.719869910998037,56.02902785369493],[12.719907288951575,56.02911415143812],[12.720448305413449,56.02937383989207],[12.719281267467897,56.030169687465666],[12.718570840646274,56.0307837352934],[12.717887477146776,56.0314785363695],[12.717424977875796,56.0320287989926],[12.71537326027341,56.03449659091166],[12.714922836437488,56.0349311420787],[12.713890771567476,56.035325186613704],[12.71403576189322,56.03583616489875],[12.714086892313171,56.03646192452065],[12.714120227051474,56.03740659471929],[12.71410106676183,56.03794603877898],[12.71455904085273,56.0379592824718],[12.714789431647025,56.03794214946766],[12.715118818735846,56.03790307078358],[12.719084975500024,56.03722923726908],[12.719920761609169,56.03710947647364],[12.719998798328117,56.037457150608596],[12.719963236228589,56.03759917162224],[12.719908091823315,56.03772751283151],[12.719788593837066,56.03790983349314],[12.719083182808241,56.03863812065469],[12.718872604865231,56.03884956089464],[12.718760408040692,56.03897897644939],[12.718501818911669,56.03922185810466],[12.718405415782486,56.03935098221751],[12.718359632414494,56.03943574179645],[12.718330036092482,56.03953411768965],[12.718263099254475,56.0396318027719],[12.718163506927207,56.03973577892206],[12.717471468759966,56.04039474907393],[12.717893062499316,56.04048863255762],[12.719630698565574,56.040931683953566],[12.71858907027331,56.041996772925664],[12.718175690235693,56.042436182478006],[12.718944428894646,56.042712929402974],[12.717667973922206,56.04366713483967],[12.717535708711573,56.043719855668925],[12.716697028114115,56.04393642235594],[12.716364931672507,56.04403490469716],[12.715896495058718,56.044197444014245],[12.715360266684732,56.04435682415922],[12.715050017330547,56.04448804764106],[12.714833928944124,56.04463623444042],[12.714714811951081,56.04475387671506],[12.714483477770806,56.044987387016896],[12.713199772340948,56.04611833368762],[12.711856606003218,56.04566919590374],[12.710105106666242,56.04505646755698],[12.709351896955921,56.04480468494622],[12.708613547528028,56.044646390174265],[12.708455557046353,56.04461682214508],[12.70786324045656,56.04463244923596],[12.70487103099152,56.04499723260182],[12.7046516100826,56.044993387692955],[12.704394212508097,56.04492795906004],[12.70374868962459,56.04463772068797],[12.702422972532348,56.04506960370198],[12.701490172213965,56.04500228674731],[12.701222558314536,56.04435881426245],[12.701045791014266,56.04411653313282],[12.700879856245795,56.044013565497785],[12.700587881845895,56.0438868458157],[12.698084106434345,56.0433407686989],[12.697417666694086,56.043221462827326],[12.696857263034584,56.04304406558512],[12.696441146124108,56.042840824934174],[12.696947342992855,56.042345195779625],[12.697682767239765,56.04155279211909],[12.698323300205734,56.0407803715887],[12.700050981745806,56.0387853764464],[12.701279986878061,56.03749445857361],[12.702084143869515,56.03673957424701],[12.70284195772878,56.03604921732481]]]}},{"type":"Feature","properties":{"name":"Gamleg\u00e5rden","class":"utsatt","kategori":"Utsatt omr\u00e5de","ort":"Kristianstad","region":"Syd","since":"2018-10-01"},"geometry":{"type":"Polygon","coordinates":[[[14.16373287211114,56.06590539287243],[14.151802381970242,56.06154496038729],[14.149313286964555,56.05737573430589],[14.147167515771118,56.05560247941421],[14.142360987561407,56.05512320719559],[14.143047634956694,56.05311019855296],[14.148454978651905,56.053972929961894],[14.149227457473703,56.05550662552518],[14.160728792862665,56.05210365467838],[14.169998524096124,56.06164080004045],[14.16373287211114,56.06590539287243]]]}},{"type":"Feature","properties":{"name":"Araby","class":"utsatt","kategori":"Utsatt omr\u00e5de","ort":"V\u00e4xj\u00f6","region":"Syd","since":"2021-12-01"},"geometry":{"type":"Polygon","coordinates":[[[14.786101028727714,56.89876423649707],[14.786715653580979,56.895474876745865],[14.787377259673184,56.89343061283349],[14.78841606967264,56.89171306068002],[14.790002514868673,56.88889961691672],[14.793954449493532,56.88917298426799],[14.794613761336128,56.8874547553227],[14.795535838464593,56.88718947651004],[14.798788089949044,56.88663153112529],[14.800360105775027,56.88633761900744],[14.80052130035122,56.886575022976054],[14.803256446068797,56.88677850829119],[14.80285443395364,56.88790609017457],[14.80226570481213,56.88905229848944],[14.801923026211139,56.88966084864786],[14.801887913494534,56.890000579624825],[14.803607051193746,56.89025545478303],[14.80276440796541,56.89182179298465],[14.79949200673656,56.89080090920224],[14.799087877356268,56.8913156657857],[14.79908040023366,56.892708891141346],[14.799289894109455,56.89404317892441],[14.799548649187487,56.89629648827938],[14.799432214312839,56.897808109447425],[14.79882966282333,56.89905216193522],[14.795843794030363,56.90023305266256],[14.793407499464102,56.899962260106975],[14.790592202684271,56.89966114133889],[14.786101028727714,56.89876423649707]]]}},{"type":"Feature","properties":{"name":"H\u00e4ssleholmen","class":"sarskilt","kategori":"S\u00e4rskilt utsatt omr\u00e5de","ort":"Bor\u00e5s","region":"V\u00e4st","since":"2018-10-01"},"geometry":{"type":"Polygon","coordinates":[[[12.967925914879624,57.72397997649473],[12.970368521311942,57.7234013233565],[12.971618433416213,57.72315782837716],[12.973154451471505,57.72326573014702],[12.976850542535422,57.72310244390906],[12.978612757362496,57.7240597067957],[12.980975786995511,57.72471139490161],[12.983427331509073,57.72501408055338],[12.985635689570342,57.72550009158269],[12.985535555798188,57.72646254290234],[12.989655438376177,57.72771521996063],[12.989283506571434,57.72941084733797],[12.988339368331358,57.731106394235816],[12.984333920436743,57.73122859182267],[12.981701766111076,57.73355028250621],[12.974635032176938,57.73377175501295],[12.9739287160211,57.732728353675675],[12.973994877647874,57.73160854950757],[12.971237557772534,57.73195795485544],[12.96924198415087,57.73164100874536],[12.968612560272842,57.730827626269],[12.968312152681092,57.7298232823795],[12.967925914879624,57.72397997649473]]]}},{"type":"Feature","properties":{"name":"Norrby","class":"sarskilt","kategori":"S\u00e4rskilt utsatt omr\u00e5de","ort":"Bor\u00e5s","region":"V\u00e4st","since":"2018-10-01"},"geometry":{"type":"Polygon","coordinates":[[[12.935216042586928,57.72573910978471],[12.934700638705294,57.72620615833236],[12.934029160888437,57.72668254445357],[12.932965557630592,57.727021775186564],[12.931797722940775,57.72724043169338],[12.931083325611809,57.72730007730648],[12.929577266828003,57.727216027539306],[12.928695465463955,57.72709462807021],[12.927908572397712,57.72686779705082],[12.927225422964366,57.72638115911694],[12.92641160128136,57.72623708300346],[12.925078162557162,57.72579916281199],[12.923702028178614,57.725443834093106],[12.9234223195594,57.72528472393997],[12.923896436351498,57.72437724611073],[12.924776604108363,57.72374980989801],[12.925059268016518,57.723469169736646],[12.924519838335629,57.72241432412982],[12.925102340840901,57.722328780532166],[12.924797297912859,57.72183643806947],[12.924505369761564,57.721891084601936],[12.92470541683463,57.72033724490352],[12.92482658260044,57.72016093487485],[12.925433516473237,57.71964788076273],[12.9263552087598,57.72023352856552],[12.928076588935223,57.7208203742432],[12.929519673750756,57.72122434708022],[12.930415758070298,57.72070411114075],[12.931625405349326,57.721306313523584],[12.930630376166873,57.7220032356875],[12.930510588268547,57.72215580110684],[12.931076627829999,57.722747485003325],[12.931968163215144,57.72347523526559],[12.933026619688135,57.7240036323576],[12.934190674087953,57.72462883738337],[12.934889991176728,57.72522267850586],[12.935216042586928,57.72573910978471]]]}},{"type":"Feature","properties":{"name":"Biskopsg\u00e5rden","class":"utsatt","kategori":"Utsatt omr\u00e5de","ort":"G\u00f6teborg","region":"V\u00e4st","since":"2023-12-01"},"geometry":{"type":"Polygon","coordinates":[[[11.885089678818831,57.7097189347886],[11.889311841911928,57.7082087893179],[11.893243760008657,57.70882420983631],[11.897041956099814,57.712260778336606],[11.897675263900776,57.71492792806775],[11.897214875411859,57.71653066832766],[11.896710100709189,57.71865111108307],[11.897714390878395,57.72201908255273],[11.897556737934867,57.723859819717894],[11.899734157235086,57.727371814304206],[11.901467828196365,57.72977766754209],[11.90137696412626,57.734617511704315],[11.899923060100825,57.737752310115354],[11.899530593423345,57.739817870261795],[11.89824390721777,57.74099686229386],[11.895662344609331,57.74093357205504],[11.892490805736815,57.73895350030227],[11.888419641338706,57.73741237976177],[11.886549268647736,57.735348843089206],[11.885858409718129,57.73210377950496],[11.885222086797347,57.72822596698414],[11.884863906014358,57.724873791751165],[11.885790908497823,57.72161089481738],[11.884958220018262,57.71876583462691],[11.886109904670727,57.715393179763815],[11.883617008561412,57.71181550181785],[11.885089678818831,57.7097189347886]]]}},{"type":"Feature","properties":{"name":"Hisings Backa","class":"utsatt","kategori":"Utsatt omr\u00e5de","ort":"G\u00f6teborg","region":"V\u00e4st","since":"2025-12-01"},"geometry":{"type":"Polygon","coordinates":[[[11.962335086983908,57.727738078042464],[11.966804185657946,57.726754784985424],[11.970733893625862,57.7272370169354],[11.973805293922876,57.72826918438791],[11.97558829707482,57.73132649952761],[11.974119450337513,57.73347365621349],[11.973170449872088,57.735257393217545],[11.972822264464522,57.73681195562308],[11.97378886837547,57.73823147311202],[11.973940077879918,57.73962802784789],[11.973985005686686,57.74150476078621],[11.975210108329211,57.743576083758406],[11.97759392564567,57.74578470588413],[11.979527132692192,57.74776417662573],[11.980686856052385,57.74904013389428],[11.983949434758527,57.7485526959798],[11.991364416037248,57.74730461776697],[11.992139785590773,57.75384053559708],[11.992312892324703,57.75708515441533],[11.9902114814104,57.7584521470323],[11.983891251081728,57.75780653705552],[11.980060114349762,57.75679458106811],[11.977192593381767,57.75592624782572],[11.972093470108964,57.75505789394767],[11.970134987534594,57.75350430938612],[11.97547212659155,57.75220254619424],[11.980809266984165,57.75048853895059],[11.979369030692588,57.748143624841575],[11.976352938079295,57.748574229677146],[11.973139002580506,57.74582944705774],[11.965749182152894,57.74735991776522],[11.965268743504453,57.74687498107801],[11.963710492343415,57.745234116072275],[11.963747401127351,57.744490353427004],[11.964052531982706,57.74390117789261],[11.964671802094662,57.74343766752989],[11.965677310874671,57.74311157837904],[11.966485838036682,57.74293135502193],[11.967015415491222,57.742590795068224],[11.96808143491366,57.74166614426455],[11.969426404338954,57.74073574479429],[11.973236547865351,57.7403138996354],[11.973489375073624,57.738728555133214],[11.973293923044992,57.73784995232985],[11.972626400589736,57.73701714484292],[11.9722522885839,57.73632607651727],[11.973159576865683,57.73436540499651],[11.971510363614065,57.734496186800826],[11.971012987480151,57.73450430214522],[11.970258119645495,57.73408857806744],[11.969785407255026,57.733397926055396],[11.969398527460442,57.73269580421001],[11.968624763966005,57.731280063296886],[11.967915377213581,57.73051728399741],[11.967276688505365,57.730123235896805],[11.966809663201037,57.72969481280744],[11.964583103598343,57.72903152161603],[11.962761717945455,57.728235865129754],[11.962335086983908,57.727738078042464]]]}},{"type":"Feature","properties":{"name":"Tynnered / Greveg\u00e5rden / Opaltorget","class":"utsatt","kategori":"Utsatt omr\u00e5de","ort":"V\u00e4stra Fr\u00f6lunda","region":"V\u00e4st","since":"2021-12-01"},"geometry":{"type":"Polygon","coordinates":[[[11.892367798670094,57.64847653312541],[11.894915449257002,57.64477601437054],[11.894642487235808,57.64399690937439],[11.897190137433219,57.639614135841796],[11.9003747027863,57.64034463510479],[11.90107865204127,57.64025373625455],[11.90226076315851,57.63946237994411],[11.903963975481162,57.63872172600379],[11.906053425088313,57.63926742189006],[11.906199567271848,57.64055964154631],[11.906611673484685,57.64080407192895],[11.905564656424215,57.641507882660925],[11.905157962366479,57.642592039779394],[11.904999191604377,57.64393708626992],[11.90685744599654,57.644179667908276],[11.909012700137941,57.644424518976514],[11.91116795529845,57.644347828776496],[11.913476908301678,57.64438646526775],[11.917207396982201,57.6443864653974],[11.917389371710408,57.64774619804932],[11.9124760443523,57.64925554077985],[11.906015928662026,57.6515437821834],[11.902467414442286,57.65349110638688],[11.897554089133017,57.6565579318039],[11.893277674109733,57.65519492980033],[11.890948095383937,57.65719527255083],[11.886128013729122,57.655627172724145],[11.886834575636565,57.65525013988726],[11.88740271095981,57.65534708742048],[11.89100298529625,57.65412396439392],[11.892809595156375,57.65378657817746],[11.890639035985819,57.651981938465035],[11.894187549139533,57.64920685357302],[11.892367798670094,57.64847653312541]]]}},{"type":"Feature","properties":{"name":"Kronog\u00e5rden / Lextorp Norra","class":"utsatt","kategori":"Utsatt omr\u00e5de","ort":"Trollh\u00e4ttan","region":"V\u00e4st","since":"2021-12-01"},"geometry":{"type":"Polygon","coordinates":[[[12.296392833959588,58.2623452348795],[12.295532751035012,58.261930604946386],[12.295806708460567,58.26115896873623],[12.295343142397153,58.26059894080614],[12.293846108032632,58.26019310756109],[12.292080881971257,58.260457425966386],[12.292956411449792,58.259422521429414],[12.295105845688433,58.258863768011615],[12.29660172336209,58.25884792780663],[12.29782940985115,58.2593258990404],[12.299444352724638,58.259452274995816],[12.301059295058145,58.25979028086649],[12.30408803880466,58.261030613680255],[12.308863008122522,58.263250303180655],[12.312895754607272,58.267352058946166],[12.31444119764414,58.26929071231745],[12.313961974827137,58.27130181633274],[12.313639940022723,58.273005159872376],[12.31330458714694,58.273442981399775],[12.312043764245821,58.27459029823613],[12.311796131428848,58.27472888366677],[12.311469796205785,58.27482158396351],[12.311236660294643,58.275094170208],[12.310427100770262,58.27459830471139],[12.309336173457314,58.27487151345714],[12.307841319231997,58.27364620772377],[12.306196464706076,58.27227417359408],[12.304140151900189,58.27290632437287],[12.303200335368533,58.272004981026726],[12.302866361220625,58.272108487215284],[12.298936132298453,58.273597029160115],[12.297496641115272,58.271086741447505],[12.295203801979728,58.26716865919427],[12.300212263832284,58.264660013923866],[12.298235501120285,58.263537911492435],[12.296392833959588,58.2623452348795]]]}},{"type":"Feature","properties":{"name":"L\u00f6vg\u00e4rdet","class":"sarskilt","kategori":"S\u00e4rskilt utsatt omr\u00e5de","ort":"G\u00f6teborg","region":"V\u00e4st","since":"2018-10-01"},"geometry":{"type":"Polygon","coordinates":[[[12.05490369848541,57.81162372371276],[12.054823343209215,57.81178950034496],[12.05238664885095,57.813585265950955],[12.05211368283624,57.81381789932604],[12.051659667001969,57.814063204409315],[12.047539196463157,57.81393613281584],[12.044482098798685,57.81346473103157],[12.044454596625226,57.81358298702653],[12.044455013366084,57.81398605793462],[12.04441989563707,57.81427891429709],[12.044320345674347,57.81467846668633],[12.044222912365242,57.81486167382321],[12.043955214649891,57.81516889627086],[12.043779698165208,57.815376862437745],[12.043499954859815,57.81569136063783],[12.043445578734278,57.81578402231145],[12.043459565240102,57.81585806400183],[12.043486091591607,57.81593249886299],[12.043575651316928,57.81615444811857],[12.043595434976998,57.81623932641669],[12.043583114203994,57.81633534540745],[12.043557755009212,57.8164001477814],[12.043489439738888,57.81652696305558],[12.043201641674042,57.81688526481304],[12.04308842060147,57.817016274705615],[12.042502023681385,57.817701222557886],[12.042234006819097,57.81789947171606],[12.0420021766631,57.818036738969475],[12.041618083477184,57.81831907286759],[12.04147221447118,57.81844050986965],[12.041400593677306,57.81858032649517],[12.041317297178862,57.81867231139674],[12.041185863810824,57.81872631303073],[12.041076576239616,57.81878202146573],[12.04100245097926,57.81889800029981],[12.040964242416862,57.819119445566365],[12.040998574995827,57.81948882890115],[12.04095587517132,57.81960197420433],[12.040867360723222,57.81967600224068],[12.040680105146349,57.81978577169453],[12.04038955812375,57.819932364945494],[12.04023043269302,57.82005230296508],[12.039933082874672,57.82025461885914],[12.039748043875688,57.82036443877402],[12.039417749478112,57.8205065362785],[12.039338388277574,57.82063190162214],[12.039159567876291,57.82085600727762],[12.039034701578512,57.82091135106757],[12.038917389124528,57.82094005069222],[12.038496224642094,57.82098918545273],[12.038075680888516,57.82103072181352],[12.037989318477242,57.82108387173365],[12.038094123788902,57.8212404125057],[12.038126409469575,57.82132486937985],[12.038083499973657,57.82141327892433],[12.037959057930427,57.821495977004936],[12.037269076003332,57.821649161795435],[12.036842783187982,57.82171719340305],[12.036502231498543,57.82173966989964],[12.036137083071832,57.821757765042854],[12.035812790932582,57.82175588894077],[12.03548134125811,57.821729946805156],[12.035149303036617,57.82168948237899],[12.034960344548502,57.82167317374882],[12.034525334600236,57.82158690269302],[12.034221988343326,57.82150371171151],[12.033756859589161,57.82135015008387],[12.031444451072034,57.820552190939715],[12.031184480971113,57.82041864367004],[12.03092423425397,57.82024513977134],[12.03065326488909,57.8199420229222],[12.030579929346905,57.819750069339456],[12.03055625339324,57.81956117997085],[12.030561861637157,57.81931971111929],[12.030591819710006,57.818998912622725],[12.03067752749845,57.81782716083808],[12.030704706855337,57.8174967865814],[12.0307298736339,57.81736421052112],[12.03075484837775,57.817277286647226],[12.030859993892056,57.817071678457935],[12.031027513714562,57.81689868211708],[12.031268377058879,57.81670077165044],[12.031622468800633,57.81651312149328],[12.031851336611718,57.81641765567112],[12.032228423133391,57.81629712473995],[12.032695671210996,57.81620723991632],[12.032926811164819,57.81617079889126],[12.033217968190153,57.816141470311635],[12.033298848854544,57.8160682196866],[12.033450528868842,57.815957629274074],[12.033476309283788,57.815925891064744],[12.033867050140287,57.81561734044142],[12.034277058122543,57.815291169221474],[12.034385661919318,57.81516244675025],[12.034383363577838,57.81501686244392],[12.034161275147149,57.814726310692855],[12.034038125700604,57.81475006246904],[12.033299822047207,57.81460342151611],[12.033131248576627,57.8145509643788],[12.032957747060378,57.8144717606847],[12.03285725551049,57.81439331334357],[12.03273929150965,57.814202216934355],[12.032612156638324,57.81386252238086],[12.032438460316941,57.813362968119975],[12.03242471082692,57.81325920503278],[12.032732708582436,57.81327949424327],[12.032982251168123,57.8132520457498],[12.033227367198371,57.81319714678334],[12.03347103742978,57.81313270020823],[12.033689408838056,57.81302366978326],[12.033887300960115,57.81289275770126],[12.034272778325747,57.81256648636019],[12.034464852037377,57.8124520839797],[12.034759790438017,57.81233295379982],[12.03498654214737,57.812257408027605],[12.035498108044555,57.812158800815325],[12.035926785565856,57.81212007909083],[12.036934196885314,57.81200571476422],[12.039518427516661,57.811733195011996],[12.039418342145062,57.811432423949114],[12.039385521212116,57.81134367306931],[12.039207909311727,57.81103752442615],[12.038995947596643,57.81079715513604],[12.038756917265522,57.810560908251745],[12.038248072743917,57.8102004096134],[12.038144647940491,57.81011428903808],[12.038071682077325,57.8100479023392],[12.038016504107787,57.809981933136356],[12.038009081735272,57.80984431532071],[12.038056130294853,57.80972699179806],[12.038161990538443,57.80960961825637],[12.038410908037363,57.80944279518644],[12.03921538439283,57.80898790480409],[12.039789047533016,57.808674574904906],[12.040583601522965,57.80827508888497],[12.04112044430645,57.80801939040349],[12.04132266540783,57.80793279960187],[12.041470384852175,57.80805467133133],[12.041746963559254,57.80820237833594],[12.042102080788347,57.808337649298615],[12.042480410213841,57.80845063268117],[12.042943765008475,57.80856988054601],[12.043270388939128,57.80862886510391],[12.043503182873502,57.808658550839304],[12.043760105853059,57.808687372694756],[12.044038838956828,57.80871099568756],[12.044278835090708,57.80871802062488],[12.044701765308002,57.80871076285022],[12.044884118028326,57.80870360105045],[12.045913389960742,57.808636284996815],[12.047117007153187,57.808561608142334],[12.047559775988775,57.80854053547713],[12.048124453421925,57.8085322887331],[12.048474766201814,57.80853046027192],[12.04922723704653,57.80854655689536],[12.049791325230192,57.80857823745119],[12.050062406258984,57.808597389167964],[12.051362947288043,57.808710408112994],[12.051816847106364,57.80875597181723],[12.05249233160034,57.80882019412698],[12.052968928679071,57.80883222894145],[12.053398742641136,57.808827955729036],[12.053483268688389,57.80881850694496],[12.054207495197618,57.808744030843314],[12.05490369848541,57.81162372371276]]]}},{"type":"Feature","properties":{"name":"G\u00e5rdsten","class":"utsatt","kategori":"Utsatt omr\u00e5de","ort":"G\u00f6teborg","region":"V\u00e4st","since":"2021-12-01"},"geometry":{"type":"Polygon","coordinates":[[[12.0234163056161,57.81094959133156],[12.019109324808957,57.8077952151263],[12.01942431799875,57.800740085413],[12.024049390302316,57.797043993735564],[12.032085566886723,57.796804502925454],[12.037085698019943,57.79937081186861],[12.038218275992936,57.80294044390485],[12.037225500819751,57.80798224608093],[12.032158069189935,57.81109774795531],[12.023438763327563,57.81096379248921],[12.023427470882623,57.81095648280453],[12.0234163056161,57.81094959133156]]]}},{"type":"Feature","properties":{"name":"Bergsj\u00f6n","class":"sarskilt","kategori":"S\u00e4rskilt utsatt omr\u00e5de","ort":"G\u00f6teborg","region":"V\u00e4st","since":"2018-10-01"},"geometry":{"type":"Polygon","coordinates":[[[12.065823732686269,57.749726612055504],[12.067184341101223,57.748638286182434],[12.068951853228155,57.747841946834484],[12.071079699517327,57.74767140850599],[12.071159163939013,57.74668945327301],[12.071396511560337,57.74544950266264],[12.07224419046024,57.74537491732012],[12.07236373933108,57.744864852629895],[12.073619976276099,57.7448206368706],[12.07579513521107,57.74454645759899],[12.07645008424643,57.744676709381054],[12.075203026045633,57.746060797014195],[12.074666455786163,57.74834042675634],[12.075646269672534,57.74905381077574],[12.075983869111854,57.74972095741165],[12.076240583940232,57.75163167430988],[12.075830740634805,57.752585069652646],[12.076609961045818,57.7528751767159],[12.077453856238007,57.753334224790024],[12.077797978587604,57.75489111410892],[12.076544698182083,57.75634833590584],[12.075002034465642,57.757024387698976],[12.075106742585161,57.75742450902273],[12.074895353505891,57.75955466175049],[12.074540749370328,57.7607919076003],[12.073706881793594,57.76214366889123],[12.073125897708929,57.762789591417814],[12.070758210553228,57.76252552685401],[12.068420410500977,57.762617950043285],[12.067828247155308,57.76315893180881],[12.066858940881586,57.764486583984734],[12.066077182029463,57.76494990532579],[12.065666693828232,57.764940394468546],[12.064558168133333,57.763397147870236],[12.060293814217491,57.76454366961693],[12.056772016400991,57.764503730501],[12.053373492372536,57.764152582062664],[12.051278709493396,57.76366425181247],[12.04885778629951,57.76261358889365],[12.04707032245634,57.760761305862836],[12.046721647487294,57.758796037339515],[12.04644854763034,57.75710464391039],[12.045080290762385,57.75539816225403],[12.04582123794525,57.75519566705336],[12.047089793574841,57.75500547276055],[12.04794620316608,57.7550673070883],[12.04795813544761,57.754921061390064],[12.047037408000328,57.753968117267824],[12.046670746572252,57.752703648685],[12.0462343323651,57.75181432461496],[12.049433671969092,57.75219243873121],[12.049716139981502,57.75016862176079],[12.05238195851932,57.7498853383333],[12.052527937328549,57.75097719798699],[12.054060504064132,57.75090820807732],[12.05479534350827,57.75101949740869],[12.055529265093078,57.75282624665541],[12.056779003570423,57.75214361929355],[12.059292782985017,57.750841460869395],[12.061351172225192,57.75056481036155],[12.06418515989358,57.75037937669722],[12.065823732686269,57.749726612055504]]]}},{"type":"Feature","properties":{"name":"Hammarkullen","class":"sarskilt","kategori":"S\u00e4rskilt utsatt omr\u00e5de","ort":"G\u00f6teborg","region":"V\u00e4st","since":"2018-10-01"},"geometry":{"type":"Polygon","coordinates":[[[12.022993033742807,57.784424014344715],[12.023283264225611,57.77712746101422],[12.02661010954236,57.77445292177215],[12.044037338398864,57.77480751428383],[12.047669322997484,57.77883963587052],[12.04670751543612,57.78461946724081],[12.043406859909595,57.78632586813845],[12.022993033742807,57.784424014344715]]]}},{"type":"Feature","properties":{"name":"Hj\u00e4llbo","class":"sarskilt","kategori":"S\u00e4rskilt utsatt omr\u00e5de","ort":"G\u00f6teborg","region":"V\u00e4st","since":"2018-10-01"},"geometry":{"type":"Polygon","coordinates":[[[12.014278461838485,57.77187766959382],[12.01225483824173,57.769975164856376],[12.011239426842565,57.76664572479258],[12.011308072551962,57.7658150876456],[12.012430802490767,57.76515195637243],[12.01301273618061,57.76457115173341],[12.014633038862245,57.764347820329625],[12.018882683864542,57.764614386031916],[12.022600963059242,57.76539148429261],[12.026655647289072,57.7658671981717],[12.03036041911303,57.76681019810421],[12.033739089969636,57.76793571604061],[12.033790608342882,57.768935712242595],[12.033591418771017,57.76919258521316],[12.034060628544614,57.7694413860475],[12.034645730238257,57.76935999895405],[12.033172347921406,57.772131412948106],[12.031104166944587,57.77184522630794],[12.030466218053322,57.77256743169462],[12.030102657818464,57.77320089015223],[12.027295328320463,57.77432408776136],[12.02661010954236,57.77445292177215],[12.024946749660842,57.77579020347983],[12.022248150062358,57.776702371397484],[12.020659922381514,57.77706928587654],[12.019004540409977,57.77717296984914],[12.019402796722824,57.77504220934751],[12.017808545305087,57.77224619842054],[12.014367271641431,57.77187976235729],[12.014278461838485,57.77187766959382]]]}},{"type":"Feature","properties":{"name":"R\u00e5sl\u00e4tt","class":"utsatt","kategori":"Utsatt omr\u00e5de","ort":"J\u00f6nk\u00f6ping","region":"\u00d6st","since":"2018-10-01"},"geometry":{"type":"Polygon","coordinates":[[[14.143998388130695,57.740838250803314],[14.143942184758718,57.74058356281005],[14.143968084154823,57.740521942957855],[14.143744412755646,57.74048953396267],[14.14357161877105,57.740429423149024],[14.143465950552685,57.74035915001702],[14.143267536928736,57.740179554364595],[14.143077612269863,57.73997306544161],[14.14295441509542,57.73988937866936],[14.14270627077341,57.73796136869831],[14.144097328884936,57.73626428920815],[14.145441825054473,57.736159283902516],[14.145980088050434,57.736512291384386],[14.15024955202796,57.73617736502638],[14.150561679411412,57.73613192381385],[14.150910800304828,57.736024935843396],[14.151104155849776,57.73592783532213],[14.151941776369204,57.736365533503914],[14.152175168006302,57.73653251499032],[14.15241009423059,57.736633909021705],[14.15291011112385,57.736801247223596],[14.153173935263151,57.73692137186152],[14.153384668201316,57.73702690780883],[14.153532868052912,57.73719329040867],[14.15383555448646,57.73747624043832],[14.154291341750211,57.73782580914579],[14.154637826003691,57.738060564642865],[14.155619053479052,57.7387473248904],[14.15588521799041,57.73911131037611],[14.15628461627967,57.73936495258875],[14.156486052509598,57.73953171307108],[14.156589841561443,57.739655042374714],[14.1569645289483,57.74028356323992],[14.157089709035821,57.74063377306852],[14.15720354384679,57.741127937252784],[14.157202367798924,57.74163702116675],[14.15717780892022,57.74257803665195],[14.156636647072572,57.7425701577494],[14.155956937205637,57.742557075046705],[14.154007617944618,57.74272589138954],[14.152174917978806,57.74286765188647],[14.15105084463717,57.74295463846395],[14.148857843595811,57.743126496339634],[14.14860829413606,57.742208595144575],[14.148393244864474,57.74218694824564],[14.146991291095006,57.74179724200416],[14.146731564591592,57.741643643272546],[14.146497705868882,57.741619229084854],[14.14622863682962,57.741626922634794],[14.145956692175549,57.741568048566165],[14.14537592564755,57.74169485149915],[14.145050411858506,57.741740189778625],[14.144393506771465,57.741891429657066],[14.144297539261496,57.7418147263731],[14.144224044792459,57.741727479834225],[14.144078026096953,57.74122975954141],[14.143998388130695,57.740838250803314]]]}},{"type":"Feature","properties":{"name":"Sk\u00e4ggetorp","class":"sarskilt","kategori":"S\u00e4rskilt utsatt omr\u00e5de","ort":"Link\u00f6ping","region":"\u00d6st","since":"2018-10-01"},"geometry":{"type":"Polygon","coordinates":[[[15.569241720198816,58.42453639545025],[15.570308506439682,58.423810218796326],[15.571908683307717,58.423223680594916],[15.575749109724185,58.42210644016985],[15.57905614270018,58.42146400991839],[15.581403069428402,58.42118468863677],[15.584656764740451,58.42112882408075],[15.587697101232825,58.42135228078711],[15.590257385731068,58.421827123626954],[15.591484188593206,58.42241368624017],[15.5917508852431,58.42311195880793],[15.591644205678103,58.423670567767445],[15.591270832792194,58.42417330864917],[15.590204046728804,58.42531841408241],[15.587750441791949,58.42785985731644],[15.585883567414008,58.43020563942365],[15.583665634455864,58.4326083749448],[15.581317636646416,58.43487622493104],[15.580226311229497,58.43567253467982],[15.579201129417463,58.436503446891805],[15.578473581636654,58.436780413601525],[15.575497245495484,58.4367977243948],[15.574207499205686,58.43496278117768],[15.571793359326064,58.43328355162274],[15.57042348220281,58.43277465142978],[15.568716626773245,58.432327881283044],[15.567756519851004,58.43171355995609],[15.56722312703791,58.4309596081503],[15.567169787600049,58.430093937319455],[15.56732980514551,58.429116545481016],[15.568129893847313,58.42674276083995],[15.569241720198816,58.42453639545025]]]}},{"type":"Feature","properties":{"name":"Navestad","class":"utsatt","kategori":"Utsatt omr\u00e5de","ort":"Norrk\u00f6ping","region":"\u00d6st","since":"2018-10-01"},"geometry":{"type":"Polygon","coordinates":[[[16.216569336181852,58.56511283854787],[16.20911665123761,58.562673556064176],[16.218464195180157,58.55697468821363],[16.224262513918966,58.55434057299459],[16.226234777734746,58.55404608507017],[16.22694523908392,58.55439007991738],[16.228049068283628,58.55495560961853],[16.228468114882574,58.55518355475094],[16.22909911436121,58.55554255690257],[16.23059282607837,58.55643514959548],[16.231400466731618,58.556954054842976],[16.232212394037198,58.557419560564014],[16.229639227767628,58.55860872037202],[16.228398249801458,58.559208785766764],[16.227227396842967,58.5598646123716],[16.226216248801872,58.56053672737974],[16.225712475831973,58.5609247522193],[16.224757288358834,58.561735943399384],[16.22335775520933,58.56301181414525],[16.2223035676235,58.56392196113788],[16.221872866735723,58.56428848043668],[16.219728914628885,58.56582413114427],[16.21871547415241,58.565457302307344],[16.217798083839586,58.565131382690616],[16.21735278648459,58.56498730521776],[16.216569336181852,58.56511283854787]]]}},{"type":"Feature","properties":{"name":"Hageby","class":"utsatt","kategori":"Utsatt omr\u00e5de","ort":"Norrk\u00f6ping","region":"\u00d6st","since":"2023-12-01"},"geometry":{"type":"Polygon","coordinates":[[[16.211198707230228,58.579990941429266],[16.189473993903416,58.574062439125015],[16.196378758645103,58.5697443207738],[16.199809862512517,58.57030650289054],[16.208997990059633,58.5628564770671],[16.213511414755107,58.56438423058744],[16.216543691858945,58.56529258565774],[16.218922658594508,58.56656179993467],[16.215541656562454,58.57006354841068],[16.211242627521717,58.579943012891725],[16.211198707230228,58.579990941429266]]]}},{"type":"Feature","properties":{"name":"Oxhagen","class":"utsatt","kategori":"Utsatt omr\u00e5de","ort":"\u00d6rebro","region":"Bergslagen","since":"2025-12-01"},"geometry":{"type":"Polygon","coordinates":[[[15.173069219003882,59.28200550868352],[15.173044749599596,59.282021043840906],[15.172813384250736,59.28216793691678],[15.172491524160586,59.28226110284884],[15.171573347779761,59.28240843631917],[15.17100582944027,59.282499499073744],[15.169884671169926,59.2826830915721],[15.169326769281108,59.28272419427269],[15.16876886955778,59.282765295477326],[15.168299968840381,59.28276398134726],[15.168625447702711,59.279512882169584],[15.168831524285805,59.27939006047487],[15.169280988242413,59.27725621949319],[15.171420896630542,59.277297121975046],[15.173131650345088,59.2772283994495],[15.176746279758664,59.276816892587696],[15.177017753602366,59.27686049041915],[15.177762903480707,59.27730800630449],[15.178851374556384,59.27773358939241],[15.179192019314016,59.27797256861114],[15.179618495841835,59.27851848318018],[15.179913545372363,59.279500671010425],[15.18083892875798,59.28138149993782],[15.17909415089474,59.28161236635222],[15.177950187773732,59.281963801359865],[15.177470073413808,59.28234331891525],[15.177242088063403,59.282447445813105],[15.176890717952087,59.28247347776445],[15.176319409301447,59.28243922577916],[15.175675677065176,59.28238168256972],[15.174951481643063,59.2822953664261],[15.173763261608139,59.282125475208666],[15.173236730946728,59.2818991544275],[15.173069219003882,59.28200550868352]]]}},{"type":"Feature","properties":{"name":"Varberga","class":"utsatt","kategori":"Utsatt omr\u00e5de","ort":"\u00d6rebro","region":"Bergslagen","since":"2018-10-01"},"geometry":{"type":"Polygon","coordinates":[[[15.181783067764917,59.28343800636686],[15.182255135711683,59.28415453632497],[15.182590411769812,59.284847760363725],[15.182501772593996,59.285697144244246],[15.181917051392807,59.28639855429479],[15.180828074710949,59.287132829952334],[15.179047088140488,59.28806982971105],[15.178054670741009,59.28854653793494],[15.177174905634795,59.28896844764128],[15.176118115602629,59.2894095293004],[15.173982825858829,59.29027797748697],[15.173119154628921,59.290686167459135],[15.172448603769398,59.291127227018976],[15.171375718755563,59.29120941046662],[15.167781559059858,59.2913025520395],[15.166440579976763,59.29079574721591],[15.165405309278082,59.29078889833351],[15.165142517160703,59.2902779766362],[15.163061118527864,59.2828365382644],[15.165121057260302,59.282806396938355],[15.16681596564473,59.28275981444632],[15.168299968840381,59.28276398134726],[15.16876886955778,59.282765295477326],[15.169326769281108,59.28272419427269],[15.169884671169926,59.2826830915721],[15.17100582944027,59.282499499073744],[15.171573347779761,59.28240843631917],[15.172491524160586,59.28226110284884],[15.172813384250736,59.28216793691678],[15.173044749599596,59.282021043840906],[15.173069219003882,59.28200550868352],[15.173236730946728,59.2818991544275],[15.173763261608139,59.282125475208666],[15.174951481643063,59.2822953664261],[15.175675677065176,59.28238168256972],[15.176319409301447,59.28243922577916],[15.176890717952087,59.28247347776445],[15.177242088063403,59.282447445813105],[15.177470073413808,59.28234331891525],[15.177950187773732,59.281963801359865],[15.17909415089474,59.28161236635222],[15.18083892875798,59.28138149993782],[15.181783067764917,59.28343800636686]]]}},{"type":"Feature","properties":{"name":"Skiftinge","class":"utsatt","kategori":"Utsatt omr\u00e5de","ort":"Eskilstuna","region":"\u00d6st","since":"2018-10-01"},"geometry":{"type":"Polygon","coordinates":[[[16.54507519638218,59.38670739339096],[16.546403811305783,59.388605918535134],[16.54692717761996,59.38986720918816],[16.546839497312416,59.39021134875068],[16.546873188356553,59.39038267902123],[16.5470091557241,59.39052630078254],[16.547566275083838,59.39082336492039],[16.546914692512402,59.39072546669003],[16.54443006727904,59.39072849277093],[16.54306688516543,59.390916260246165],[16.540999481259036,59.391561145753165],[16.53869394286116,59.392089978767444],[16.537849139347774,59.39229807323061],[16.5370604245159,59.39259783287586],[16.536096202931454,59.39303159425642],[16.539267942466708,59.394472958771054],[16.53708461887971,59.395422726808995],[16.53291738360137,59.39543222609685],[16.52697166686538,59.395039829170905],[16.52861981782107,59.39255166099074],[16.53006153755916,59.391227755425376],[16.531421093301685,59.39038010590673],[16.532666539962964,59.38987697083574],[16.537821456198806,59.38825844826857],[16.54055950471339,59.387566086742915],[16.54507459589368,59.38669419743452],[16.54507519638218,59.38670739339096]]]}},{"type":"Feature","properties":{"name":"Fr\u00f6slunda","class":"utsatt","kategori":"Utsatt omr\u00e5de","ort":"Eskilstuna","region":"\u00d6st","since":"2018-10-01"},"geometry":{"type":"Polygon","coordinates":[[[16.497490974455022,59.351548147261894],[16.497920461966864,59.3521705833941],[16.49808243174532,59.35236120965042],[16.4985896091981,59.35290860590109],[16.49914318054702,59.353431228141204],[16.500441871529663,59.3546396576646],[16.50099860461671,59.35516936645433],[16.50150058328644,59.355786676181374],[16.500708520327002,59.35606242645649],[16.499639269600795,59.35657519562452],[16.499149775251382,59.35681038361997],[16.498311699424487,59.35718360367397],[16.497982912331764,59.357327113515346],[16.497908879403237,59.357382197673004],[16.49788124274303,59.35742808967489],[16.497887989161754,59.35751783917687],[16.49790985198028,59.35757034429341],[16.498076235406966,59.357733831330215],[16.497331453726936,59.357901127375136],[16.493526151045458,59.3586885751],[16.493151870121775,59.35885683217252],[16.491793257679692,59.35812619554019],[16.490154541855755,59.357374981825714],[16.488314687429494,59.356471579078935],[16.486442136737022,59.355541907615994],[16.485252237001184,59.354959468808865],[16.484275115342978,59.354388855816204],[16.484004719832598,59.354212377800835],[16.483345788309723,59.35388898253194],[16.48220374118517,59.35339817637117],[16.482728960620317,59.35308422512519],[16.48301814056697,59.35292837141034],[16.483218081038405,59.35283912210073],[16.483541430655805,59.35269856396241],[16.4840195722763,59.35252202434325],[16.484435569056217,59.35239077780645],[16.484675571393172,59.35232634523623],[16.485056532657975,59.35222647674788],[16.48556822150116,59.35211513561277],[16.486369399316008,59.35198338366406],[16.48690000593779,59.35192172608907],[16.48753430587062,59.35186886465764],[16.488108329962483,59.35184235301245],[16.489024572041945,59.35185185443598],[16.48980729555124,59.35187285633425],[16.492155657253633,59.35194010783636],[16.49338851071033,59.351974471595184],[16.494209245247234,59.35197077214443],[16.494783265397793,59.351944231129316],[16.49524000870919,59.35191760713439],[16.49581581383853,59.35186822776327],[16.496616946882032,59.35173641211301],[16.497228804881985,59.351618172628406],[16.497490974455022,59.351548147261894]]]}},{"type":"Feature","properties":{"name":"\u00c5rby","class":"utsatt","kategori":"Utsatt omr\u00e5de","ort":"Eskilstuna","region":"\u00d6st","since":"2023-12-01"},"geometry":{"type":"Polygon","coordinates":[[[16.514002924997808,59.38253732888484],[16.52145951946602,59.38020022005904],[16.523687673596438,59.380424948645945],[16.524856902738545,59.38245867841589],[16.52487896353499,59.383739528803574],[16.52031235023628,59.38460463658668],[16.5159001652928,59.38458216733455],[16.514002924997808,59.38253732888484]]]}},{"type":"Feature","properties":{"name":"Fittja","class":"sarskilt","kategori":"S\u00e4rskilt utsatt omr\u00e5de","ort":"Botkyrka","region":"Stockholm","since":"2018-10-01"},"geometry":{"type":"Polygon","coordinates":[[[17.84109738058219,59.24399124059915],[17.84163606763129,59.24380591764576],[17.869044373466426,59.24257050596624],[17.869429059416042,59.243210440937915],[17.868726586356544,59.24595051521721],[17.870313621655214,59.24793396517289],[17.872674693467992,59.24816681104694],[17.87324823290643,59.24905076454362],[17.872336034195516,59.24979366483661],[17.871748356655775,59.25020130211747],[17.87036160588147,59.250269954670365],[17.869778464696676,59.25415333522151],[17.872488133083728,59.25413631545184],[17.87269468812735,59.254935336815706],[17.871694717687415,59.25761542505704],[17.863677565094434,59.26020061616599],[17.854861839382252,59.260616588113464],[17.853825909350196,59.258350450572635],[17.854165679310274,59.25821627795485],[17.85404651549363,59.25799065725578],[17.854039954505918,59.257690291887],[17.854080950426898,59.25751441199578],[17.85419159003066,59.25732749444952],[17.854319152010934,59.257176342878104],[17.85466926352191,59.2568108534068],[17.85484045922524,59.25660976844148],[17.854897723131995,59.25648963911006],[17.854972065583645,59.256323963304006],[17.854971745812623,59.25612544664928],[17.85493843289444,59.25597759441553],[17.854904405602948,59.255876110147575],[17.854783556305556,59.25568024612465],[17.854322947381434,59.255057953641206],[17.853847958711018,59.25443003124911],[17.853787458204348,59.254317241428645],[17.85374185399552,59.25413280145464],[17.853714055674182,59.25396698974419],[17.853745771816282,59.25373568082405],[17.853846825381275,59.25347313329598],[17.853713907431278,59.25343801089196],[17.853524326675927,59.253363714229714],[17.853356427783734,59.25327111149615],[17.85326548021755,59.25318276354863],[17.85316920453717,59.25308621085044],[17.853141208878938,59.25300123703627],[17.85310160138987,59.25277743685351],[17.85301462499254,59.25273655079724],[17.852930000470394,59.25266827257976],[17.85292050459776,59.252610233448614],[17.852927524845875,59.25255539842402],[17.85302089372669,59.252478460657905],[17.853133243213147,59.25243974008377],[17.853221528434077,59.25220766656502],[17.853269521024185,59.25184904564513],[17.853245698897926,59.25169741127935],[17.853189945457256,59.25156359500022],[17.853042747229843,59.25135760847812],[17.852868118754092,59.25117885146363],[17.852714510138515,59.251073809409355],[17.85232172424547,59.25086179693178],[17.85181276782883,59.250637115359254],[17.851244513654922,59.250413731883334],[17.850953351661104,59.25026225199578],[17.850579472627953,59.25002599473331],[17.84889469209951,59.24941106685311],[17.845344968415986,59.248088463338604],[17.843429684221146,59.247383836241895],[17.842645471583985,59.247053731420486],[17.841700041307398,59.24659223372482],[17.841033144951126,59.24621928184217],[17.840807396508698,59.24607205708679],[17.84020676753142,59.24563631631961],[17.83986039794877,59.24535573492617],[17.83958790732047,59.24512631895391],[17.83943137370528,59.24496854742811],[17.839274841478517,59.24481077480244],[17.839005247997335,59.24451567645332],[17.838639012071248,59.244062924727814],[17.838012172510076,59.24302102523553],[17.83844042628027,59.24306975734385],[17.839226088436813,59.24323138912591],[17.839818737627567,59.24339342782029],[17.840312913355127,59.243576634516025],[17.84069977970147,59.243764084925076],[17.84109738058219,59.24399124059915]]]}},{"type":"Feature","properties":{"name":"Hallunda / Norsborg","class":"sarskilt","kategori":"S\u00e4rskilt utsatt omr\u00e5de","ort":"Botkyrka","region":"Stockholm","since":"2018-10-01"},"geometry":{"type":"Polygon","coordinates":[[[17.810511760272547,59.2395534847348],[17.81106759471193,59.239541469847346],[17.811969764832682,59.239542884390545],[17.812784253400846,59.239561405373614],[17.814862281731802,59.23964196546106],[17.815883711768095,59.23969402545309],[17.816314653240568,59.23969800644426],[17.816699874808563,59.23968776034494],[17.8172569056939,59.23964526190662],[17.818338912172127,59.23948677821075],[17.81867778306687,59.23945470764582],[17.81915516724741,59.23943675060978],[17.82073628672392,59.239478539196305],[17.82109342971782,59.239487908736926],[17.82139655772479,59.23951746893304],[17.82170913864493,59.239571547826166],[17.82297702295624,59.239865456453444],[17.82326382708049,59.2399219935217],[17.82457874814612,59.24015590534651],[17.82517704815804,59.24025322028868],[17.826608124779323,59.24049980253525],[17.827271774378357,59.240612804883284],[17.827548192833337,59.2406334222868],[17.827911973363882,59.240633118669905],[17.82822632190479,59.24061867487861],[17.829584564572958,59.240478813502605],[17.830115810175425,59.240438723247266],[17.83044142997507,59.24042593008698],[17.832528305260393,59.240388095534755],[17.83286322494364,59.240397917900026],[17.833526759037518,59.2404310086419],[17.8338499321125,59.24043347637371],[17.83452166764511,59.2402971107427],[17.83500094726602,59.24048066047993],[17.83563303283343,59.24080542527883],[17.836226102457307,59.24115195833423],[17.836599452793102,59.24143424230561],[17.83692464235152,59.24169532323844],[17.837293068901086,59.24204104662941],[17.837613606017815,59.242413491238686],[17.838012172510076,59.24302102523553],[17.838639012071248,59.244062924727814],[17.839005247997335,59.24451567645332],[17.839274841478517,59.24481077480244],[17.83958790732047,59.24512631895391],[17.83986039794877,59.24535573492617],[17.84020676753142,59.24563631631961],[17.840807396508698,59.24607205708679],[17.841033144951126,59.24621928184217],[17.841700041307398,59.24659223372482],[17.842645471583985,59.247053731420486],[17.84222808108966,59.24723593253282],[17.84207077481769,59.247308791113724],[17.842142188697768,59.247341465483096],[17.8425014819622,59.24742015211184],[17.84261315697156,59.2474681121929],[17.84270208454214,59.24753273715814],[17.842840041535755,59.247673319188216],[17.84288520572452,59.24774745853973],[17.842906910411266,59.24782971879132],[17.84305207636646,59.24825733739929],[17.843067011541955,59.248703969737655],[17.843038884063162,59.24881204494504],[17.842935210322448,59.248888011867514],[17.842724995229787,59.24905569873642],[17.84267158852795,59.24915006178776],[17.842665799093513,59.2493479914073],[17.842697562103513,59.249439541271315],[17.84261898948267,59.24949926863431],[17.842369802304027,59.24958364595812],[17.8421404723939,59.249516383203776],[17.841979739112354,59.24950919743177],[17.84154848987472,59.249519025645775],[17.839102360517682,59.24971055189177],[17.837493481319925,59.24987689748639],[17.83717672413563,59.24988570924528],[17.83662546699315,59.249910096918924],[17.83585887201784,59.24995724595064],[17.835281823507415,59.249984091609434],[17.832873978337535,59.2500765016573],[17.83189854061839,59.25011295987745],[17.831076835166993,59.2501505419142],[17.830921181115936,59.25044814960842],[17.8308582127073,59.25066824418627],[17.830888837621444,59.25098139725752],[17.830938048878238,59.25126680638951],[17.831056844309053,59.25171949766016],[17.83081595961001,59.251641531180844],[17.83060617820054,59.25157477341125],[17.830237830018277,59.25147105084446],[17.829823586977074,59.25140160912403],[17.829479430162213,59.2513936434048],[17.829068330458796,59.25141803953048],[17.828501746127735,59.25152664868355],[17.82820336546568,59.25159495053676],[17.82744047163303,59.251799353660026],[17.82669408201749,59.25200695983344],[17.82641210852333,59.2520772775474],[17.826053262650927,59.25214142061057],[17.825553906827526,59.25219328056857],[17.82470548572836,59.25222002984438],[17.824735675788695,59.25282573498979],[17.82479445876035,59.25308716307396],[17.824842484660152,59.25338686400278],[17.825004906628845,59.253952630135785],[17.82502189296021,59.25401179466706],[17.825070418080934,59.25412129118472],[17.825128999703473,59.25424007861782],[17.825373144243155,59.25449748024857],[17.825590584885127,59.254712668097724],[17.82564350874445,59.25479116142726],[17.8256539983911,59.25483372702615],[17.82566648080801,59.25498442225621],[17.825656297305372,59.25528182114468],[17.825634829884045,59.25540141644448],[17.825542245485913,59.25560075299227],[17.82548194576098,59.25562940306296],[17.825418345958745,59.255646237863495],[17.82506260235938,59.25566704053083],[17.82482640500553,59.25570188809132],[17.824701873674126,59.255711725218084],[17.824112640481637,59.25577206848728],[17.82397775929441,59.25576905303023],[17.823855211433646,59.25574675097134],[17.82371320029095,59.25568564333278],[17.823241773561065,59.25534639645825],[17.822862917282574,59.255059819350215],[17.822776068829832,59.255020099508265],[17.822385222386806,59.25488818176709],[17.822114135352436,59.254790777325454],[17.821936827685423,59.25475183081473],[17.82157997483779,59.254731043496754],[17.82070244841086,59.25470133923008],[17.820415595723023,59.25468497458851],[17.820255981808124,59.25466347295077],[17.820142510727518,59.254638592212075],[17.820049303699466,59.254606141150255],[17.819947576014616,59.254554854277394],[17.81975227448527,59.25441050074125],[17.819612460290468,59.254319623472504],[17.81899096355944,59.25435449090006],[17.81869981035456,59.25437031097183],[17.8184096370982,59.25439799514757],[17.81817294951484,59.25442689827972],[17.818038405184208,59.25445596467701],[17.817753158899556,59.254487106959814],[17.81723574848598,59.25448951892307],[17.816657404400225,59.25447922113414],[17.816141900219765,59.25451035355593],[17.81562151586167,59.25459484374774],[17.81504118755525,59.25474053887638],[17.814600004424616,59.25486230049655],[17.814009381168226,59.25506337003213],[17.812733447341227,59.25542095244196],[17.812134819477873,59.25552518825265],[17.81148671782366,59.25559245250299],[17.8110801192093,59.25557080934405],[17.810743529806274,59.255655110917544],[17.810486161944088,59.25564165350989],[17.810142853826555,59.25557679734817],[17.809992606641927,59.255556269556806],[17.808734402302584,59.25554350441807],[17.80655531736974,59.255465012821155],[17.806079826329714,59.25544103701399],[17.805990321734363,59.2553687931212],[17.80593154480097,59.25529762949054],[17.80588356876651,59.25515459377684],[17.805828649389113,59.254757801929976],[17.805822260091436,59.25447693108792],[17.805771420363754,59.25436676563175],[17.805648959257773,59.2540969571715],[17.805522927048944,59.253715962607764],[17.80551633866742,59.25360198970454],[17.80552643395619,59.25348765693974],[17.805745571999115,59.253171965671754],[17.805880075262912,59.25304639050211],[17.80595414574131,59.25296491206106],[17.806193058932447,59.252618837648576],[17.806274790556344,59.25242735750924],[17.806288420726162,59.252254463940204],[17.806252154279644,59.252118308343064],[17.806003296269903,59.25170002482078],[17.805923197139002,59.25164041556884],[17.805837099053537,59.251609465347826],[17.805593085850745,59.25155481788021],[17.805372692481118,59.251482544147144],[17.80519669403533,59.251442121070596],[17.804925818118054,59.251399463254074],[17.804550908187437,59.25134478473737],[17.80449884791902,59.251287423818816],[17.804485590805935,59.2512277993041],[17.804515983182643,59.251155187716826],[17.804767667989097,59.25110066671463],[17.805499307027272,59.2509550815752],[17.80561928974944,59.25092396376958],[17.805696399041015,59.25087950724142],[17.805708981415506,59.25082931092436],[17.805639710944494,59.25069814601846],[17.8056035968576,59.250597647493926],[17.80558111916451,59.250459767413126],[17.805584829288566,59.25020007562033],[17.805546217400366,59.24949339333478],[17.80546611345343,59.248891736493306],[17.805388996867304,59.24812312230585],[17.80535472721219,59.247875660328084],[17.805378165476395,59.24778814154668],[17.805428611474554,59.24772429007463],[17.805503403225227,59.24768558929375],[17.80591926460544,59.24759531114601],[17.805890244315712,59.246954513270694],[17.805827507102574,59.24607860547181],[17.80583647220622,59.24573606575812],[17.80581724661179,59.24527645279142],[17.805759720051025,59.24494366903826],[17.805711542967305,59.24480118664768],[17.805583645623262,59.24446723259575],[17.803025098919363,59.24467574682573],[17.801737877258383,59.24476244494955],[17.800997354690608,59.244798366826714],[17.80008669044269,59.244830816222056],[17.79966904661629,59.24483124936585],[17.799324466010958,59.2448058586149],[17.799075771911426,59.244761285948],[17.798750953259653,59.24467127920745],[17.7984615496449,59.244537716537295],[17.798332125144196,59.24445348856645],[17.798211718126236,59.244343390615846],[17.798123499406117,59.24421833653794],[17.798081271914178,59.244110835165436],[17.79809253451416,59.24397650795205],[17.79760916522417,59.240246651979675],[17.798738556365006,59.24012154711351],[17.799086544712647,59.24006460744486],[17.799336474861192,59.23998885615112],[17.799727372845933,59.23991197153177],[17.800613698093443,59.239765456717045],[17.801476760004146,59.23969741523355],[17.80192962313213,59.23969716807639],[17.80226238182433,59.239726133318065],[17.80550131205025,59.24011085366914],[17.806099335347206,59.24015659259325],[17.806557625579394,59.24017713221029],[17.80694348084571,59.24017450945053],[17.807338579132335,59.24014886294056],[17.807650122390264,59.24010029494751],[17.808572649425727,59.23989778745096],[17.809253095977425,59.23973093535755],[17.809559677907878,59.23966725299584],[17.810043654985154,59.23959403160298],[17.810511760272547,59.2395534847348]]]}},{"type":"Feature","properties":{"name":"Alby","class":"sarskilt","kategori":"S\u00e4rskilt utsatt omr\u00e5de","ort":"Botkyrka","region":"Stockholm","since":"2018-10-01"},"geometry":{"type":"Polygon","coordinates":[[[17.869044373466426,59.24257050596624],[17.845209980164853,59.24364456097244],[17.84163606763129,59.24380591764576],[17.84109738058219,59.24399124059915],[17.84069977970147,59.243764084925076],[17.840312913355127,59.243576634516025],[17.839818737627567,59.24339342782029],[17.839226088436813,59.24323138912591],[17.83844042628027,59.24306975734385],[17.838012172510076,59.24302102523553],[17.837613606017815,59.242413491238686],[17.837293068901086,59.24204104662941],[17.83692464235152,59.24169532323844],[17.836599452793102,59.24143424230561],[17.836226102457307,59.24115195833423],[17.83563303283343,59.24080542527883],[17.83500094726602,59.24048066047993],[17.83452166764511,59.2402971107427],[17.83507093447416,59.239981988875535],[17.835411920523516,59.239841417646865],[17.835827564386022,59.239661177837625],[17.836260153117557,59.239461548188864],[17.836564782519936,59.23928563045655],[17.83676999173478,59.23911948815527],[17.836881225794464,59.23898392497445],[17.837037785191672,59.23872374575287],[17.83712022131634,59.23824645157627],[17.8371202863066,59.23806387152405],[17.837077684202807,59.237499985385675],[17.837067330668813,59.237114052028026],[17.83710200038109,59.236816592090975],[17.837267131326733,59.236436402766564],[17.83750644488295,59.23610024098197],[17.83774363216318,59.23587253690519],[17.837915238228632,59.23574896796605],[17.838244182096776,59.235553495166386],[17.838540335297065,59.2354100899106],[17.83882403344292,59.23529548508745],[17.839377478621007,59.23512173344194],[17.840767578152107,59.2347433124093],[17.8411153521629,59.23464061543143],[17.8415044227758,59.23449897629121],[17.84185328184806,59.234320176171536],[17.842026919770944,59.23422128269572],[17.842275153015798,59.234059896186025],[17.84251450908003,59.23385876229087],[17.84280128229324,59.233513944856874],[17.842891420259868,59.2333484056046],[17.842960101734217,59.23310345352216],[17.842999478861756,59.2329523380681],[17.84298886617422,59.232735747741195],[17.842940733654153,59.23251427109269],[17.842796100833695,59.23220361085554],[17.842004929120908,59.230861011265006],[17.847098853536323,59.23058065361204],[17.86934377236461,59.23173809900027],[17.870087375005482,59.23245751234399],[17.868739596332787,59.23695689811908],[17.86861706083148,59.23998492871008],[17.869044373466426,59.24257050596624]]]}},{"type":"Feature","properties":{"name":"Storvreten","class":"utsatt","kategori":"Utsatt omr\u00e5de","ort":"Botkyrka","region":"Stockholm","since":"2019-06-01"},"geometry":{"type":"Polygon","coordinates":[[[17.842735308968233,59.18948168139231],[17.849967610018005,59.1917550202337],[17.84998634448916,59.19282181756476],[17.848477335632165,59.19395424995593],[17.846113063449533,59.193720770432414],[17.84514095297752,59.19395603444771],[17.843537891643464,59.19384848290888],[17.842020455217767,59.19488259412662],[17.842240835569093,59.19552681782235],[17.842382592521925,59.195679159932],[17.841171883803213,59.196159165934255],[17.838962694123694,59.19695744133914],[17.83754081231204,59.19691242408479],[17.835261447324744,59.1965865478041],[17.834186278863328,59.19591579285025],[17.831595079195004,59.19506886357445],[17.831245156191365,59.19468814847938],[17.829857993947925,59.19390182391882],[17.829913735530628,59.193239477201715],[17.830351400954594,59.19269664831103],[17.831762002936426,59.191824294995776],[17.833592690316763,59.19138252217492],[17.83429601820198,59.191648736360946],[17.83493276528832,59.19116886371273],[17.835509749384006,59.191030266281686],[17.836607117894285,59.19046187422914],[17.842735308968233,59.18948168139231]]]}},{"type":"Feature","properties":{"name":"Husby","class":"sarskilt","kategori":"S\u00e4rskilt utsatt omr\u00e5de","ort":"Stockholm","region":"Stockholm","since":"2018-10-01"},"geometry":{"type":"Polygon","coordinates":[[[17.930377735673517,59.41441264512986],[17.92996415094415,59.41420926889472],[17.929704126266405,59.41409338138243],[17.929307899415544,59.41395582564881],[17.929137029608935,59.41392162289665],[17.928896876199936,59.41390609322219],[17.92862971654164,59.41392350271888],[17.928420717388693,59.41396623356747],[17.92762331467962,59.41419525090582],[17.92674427512959,59.414467462232196],[17.926180162955855,59.41464804494807],[17.925512994494564,59.414829906365206],[17.925110252361662,59.41493023179518],[17.924609622188168,59.41503132432356],[17.923663392787883,59.41398980159137],[17.923040820043973,59.41329336263817],[17.922589815787408,59.41280134471005],[17.922489359003375,59.412642402338875],[17.922488532942623,59.412535435198734],[17.922562995214914,59.412425353595815],[17.922668672316995,59.41232027944979],[17.923012921029727,59.41215850661632],[17.923779021424814,59.4118479581082],[17.923431633397247,59.41165960232177],[17.922626968937575,59.41127940512332],[17.922351149086076,59.41143417636911],[17.921956294083053,59.411225244354526],[17.92139204118026,59.410944739040005],[17.92139690374322,59.410676450841635],[17.921379444921627,59.41057128223338],[17.92108759900692,59.41038310274743],[17.920402571248854,59.41013764004142],[17.91973173343799,59.40978081098398],[17.919357616508382,59.40964439645474],[17.918281458153253,59.40934894331435],[17.91791272866288,59.40917745440481],[17.917612746506748,59.40910570826072],[17.917343143561194,59.40906181072303],[17.91674783938253,59.40864717831968],[17.916672946739777,59.40841086865081],[17.916693362207155,59.407997683220856],[17.91676644688981,59.40797988201194],[17.916913723560693,59.40791382376246],[17.917550515177705,59.40766183569721],[17.917770202972513,59.40754850951988],[17.917852702446158,59.40748025536681],[17.917893613161564,59.4074002481475],[17.91774313074646,59.40737211303489],[17.917635342576254,59.40733886154331],[17.917569957223613,59.40731060560856],[17.91737832838293,59.40719720678505],[17.917216587184647,59.40713306650947],[17.916934344896717,59.407077563842755],[17.916194927806792,59.40697330261919],[17.915385701804905,59.406245598009754],[17.92041703638297,59.40429347920742],[17.923556403984584,59.40338806305763],[17.92473531201974,59.40441961113497],[17.924867524088626,59.40460090152286],[17.9247283645379,59.404712077963346],[17.924978175202988,59.4046565498342],[17.92616769761184,59.40432425803046],[17.926738013850798,59.40417058319509],[17.927044085156837,59.40405387530734],[17.927456318123465,59.403870592626944],[17.92756268737946,59.404227680557945],[17.9276834948266,59.40446033964013],[17.927818591122175,59.40467484659987],[17.928424048900137,59.40469335105987],[17.92863186900055,59.40469700593001],[17.928965510033244,59.404753706753226],[17.9293684904764,59.4047494124234],[17.929843063435698,59.404710223769534],[17.93043795242004,59.40468734958923],[17.930604164063983,59.40466816161185],[17.93080157646033,59.40463071870574],[17.930946372959493,59.40460816826026],[17.9311214095575,59.40461017818187],[17.93134376709283,59.40467412890734],[17.931548228068117,59.40474680139814],[17.931917832455376,59.40492274960725],[17.932143281074104,59.404860622310245],[17.93296122957513,59.40455931164476],[17.933738948493914,59.405113607133686],[17.93497427463217,59.4060249244367],[17.93524528047474,59.406138889634846],[17.93533699649367,59.40617486608119],[17.935786096492382,59.40629908725512],[17.935956596337018,59.40638321680566],[17.936019170234115,59.40647397538991],[17.93617035793062,59.40658279015661],[17.93674178582894,59.40691323570175],[17.937796704354497,59.40752759954482],[17.93701344796203,59.407928250509784],[17.936031902149104,59.40857039609528],[17.935240661147088,59.40917021140166],[17.93454670328427,59.40977353988747],[17.933951073489787,59.410435515141906],[17.93350125327899,59.41105807141795],[17.932648052089267,59.41258172696141],[17.932405099564722,59.41292193792626],[17.932033873318336,59.41337534665857],[17.9318794233554,59.41353097701692],[17.93148820521389,59.413796536121936],[17.931061936866,59.41400201922128],[17.93069393474296,59.41419097460336],[17.930377735673517,59.41441264512986]]]}},{"type":"Feature","properties":{"name":"Tensta","class":"sarskilt","kategori":"S\u00e4rskilt utsatt omr\u00e5de","ort":"Stockholm","region":"Stockholm","since":"2018-10-01"},"geometry":{"type":"Polygon","coordinates":[[[17.89413682242794,59.39943187081361],[17.893509456329827,59.395903392367494],[17.890998896825593,59.393248829382586],[17.898058202513248,59.390762258411165],[17.903555517497725,59.389641395997366],[17.908330410851292,59.38825111470954],[17.90943057180637,59.38803643531667],[17.915364918967345,59.39147004789351],[17.915228132002866,59.39259056776999],[17.913855207172134,59.39342960519928],[17.913734381220017,59.39419303375017],[17.91460456290743,59.394554043075054],[17.915757907015234,59.394956160737166],[17.916401416571315,59.395393482934836],[17.909291651695415,59.39728786466734],[17.904249656822795,59.39830692724997],[17.903971729733623,59.398356362890894],[17.89413682242794,59.39943187081361]]]}},{"type":"Feature","properties":{"name":"Rinkeby","class":"sarskilt","kategori":"S\u00e4rskilt utsatt omr\u00e5de","ort":"Stockholm","region":"Stockholm","since":"2025-12-01"},"geometry":{"type":"Polygon","coordinates":[[[17.92375432830484,59.393847557798864],[17.916456543834816,59.38920846672873],[17.916691582681597,59.387063442208316],[17.93368967729955,59.383139645564945],[17.936942768583524,59.384112533177294],[17.94011307157933,59.38789266865084],[17.93931716128938,59.39000277581674],[17.938518774732525,59.390472485649546],[17.934175377548996,59.39144999757073],[17.92375432830484,59.393847557798864]]]}},{"type":"Feature","properties":{"name":"Hjulsta","class":"utsatt","kategori":"Utsatt omr\u00e5de","ort":"Stockholm","region":"Stockholm","since":"2025-12-01"},"geometry":{"type":"Polygon","coordinates":[[[17.890998896825593,59.393248829382586],[17.893509456329827,59.395903392367494],[17.89413682242794,59.39943187081361],[17.89259724816228,59.39950399786248],[17.88935126249924,59.39947164934076],[17.88553858632673,59.3989600776],[17.881792230817517,59.39750826405353],[17.886069271738876,59.394895674066845],[17.890998896825593,59.393248829382586]]]}},{"type":"Feature","properties":{"name":"Rissne","class":"utsatt","kategori":"Utsatt omr\u00e5de","ort":"Sundbyberg","region":"Stockholm","since":"2019-06-01"},"geometry":{"type":"Polygon","coordinates":[[[17.945912739396082,59.37585084773606],[17.947795207443793,59.375865505484555],[17.948373462825074,59.37683101144296],[17.946413819131788,59.37771467200181],[17.945385811218774,59.378009220054054],[17.94323341819065,59.37827103846292],[17.94275153801824,59.378729214643506],[17.94024576533193,59.37923647534577],[17.939924512878548,59.378058310995506],[17.93998876188411,59.37737102897044],[17.936968986828358,59.37725648085289],[17.939346258395812,59.37812376586611],[17.9380933712273,59.37982554284592],[17.93516997078435,59.379400107095485],[17.933531580143885,59.37840194631752],[17.929692396479403,59.37731529348997],[17.930868416939237,59.37618960101053],[17.932264132136908,59.37643975751838],[17.931915201977123,59.37603818891484],[17.931979818424917,59.375662947748914],[17.93455155395683,59.375340369305555],[17.934952175787124,59.37507703710628],[17.934848788208274,59.37464911765855],[17.934396473915523,59.37448453167389],[17.934913406563844,59.37405660595555],[17.934900482524,59.373747178088244],[17.933362611399506,59.373187568736576],[17.93258721361178,59.372575279999026],[17.937730683211083,59.371857637282915],[17.938027918914337,59.37241068323686],[17.93960456041895,59.37201565069874],[17.940160260270634,59.3724238519112],[17.939695022575407,59.373299491757365],[17.94088396542481,59.373115147456865],[17.942124600735163,59.37337849525433],[17.94324892602581,59.37326657297458],[17.94478679710753,59.37365500742648],[17.94557511853735,59.3748532025213],[17.944748029498953,59.37543253353748],[17.94280953472458,59.37566294794735],[17.943416929405053,59.376367343844926],[17.943740012064723,59.376268598173255],[17.944076018346337,59.37617643397062],[17.945912739396082,59.37585084773606]]]}},{"type":"Feature","properties":{"name":"Hallonbergen","class":"utsatt","kategori":"Utsatt omr\u00e5de","ort":"Solna","region":"Stockholm","since":"2025-12-01"},"geometry":{"type":"Polygon","coordinates":[[[17.953055375082823,59.37841371236781],[17.95246289700166,59.37731628152876],[17.955182915763285,59.37671267927415],[17.955613808754222,59.3775426298936],[17.9578760019607,59.37724769104583],[17.957270058128564,59.37610906709042],[17.960192057213167,59.37564263206343],[17.96096230102087,59.37690807182041],[17.96184408687474,59.37680546130486],[17.963822425577796,59.37651400901338],[17.963329503637897,59.375532880591756],[17.963046730078414,59.3749155292027],[17.964985751894922,59.37463428564134],[17.96479723555812,59.374126672826435],[17.966924775189415,59.37383856423716],[17.96679012096547,59.3736053315535],[17.96971211987039,59.37317316040084],[17.970533511983927,59.37468230374513],[17.96998142927521,59.37474403982594],[17.9706008380672,59.375786678340106],[17.970600839259507,59.376404015527726],[17.968338646938587,59.37670582106371],[17.964406739505307,59.37734371733571],[17.958481946507366,59.3781873705457],[17.958010656418544,59.37741230875996],[17.955748462861703,59.37768666855852],[17.955802324267104,59.377871861116965],[17.9547520204035,59.37801589769396],[17.954846279185183,59.3781187818577],[17.954011422571877,59.37822852355948],[17.95393063047926,59.378290253088586],[17.953055375082823,59.37841371236781]]]}},{"type":"Feature","properties":{"name":"Tureberg","class":"utsatt","kategori":"Utsatt omr\u00e5de","ort":"Sollentuna","region":"Stockholm","since":"2018-10-01"},"geometry":{"type":"Polygon","coordinates":[[[17.942578420630696,59.429028710992384],[17.943091279413807,59.42848648982907],[17.94380989798834,59.42776701883436],[17.94479413811181,59.426786206742406],[17.94584695255713,59.42572538059826],[17.946893671923625,59.42469178725053],[17.94694199776516,59.42460367924104],[17.946936688296798,59.424478266748],[17.94689120229762,59.42437373343477],[17.947736220421643,59.42407933176454],[17.947837971176167,59.42412268183157],[17.94798366826414,59.42415362610568],[17.948354067986063,59.42422799398452],[17.94887654587338,59.42436371075102],[17.949195115184065,59.424472413319066],[17.949880891750837,59.424712493091505],[17.950212399543464,59.424835760589666],[17.949987312832153,59.42508002730238],[17.949727274719447,59.42533554134835],[17.949480075253053,59.42552419690532],[17.94905412224854,59.42561584843329],[17.948365889979897,59.42631941175305],[17.94795510275996,59.42647161714235],[17.947709687432805,59.42646646181546],[17.9470560796306,59.42707916628684],[17.947079798266607,59.427217712663115],[17.946517081525677,59.427829549194094],[17.94624890593438,59.42815299838062],[17.946211931431353,59.428264387079416],[17.946307816901008,59.428385020152525],[17.945057592500373,59.429655718878465],[17.944841681904464,59.43016735414987],[17.942857541395355,59.43008230187807],[17.942678171366875,59.43008028398286],[17.94268631121062,59.429980602808826],[17.942613749181053,59.42972546977267],[17.942433761258613,59.429297301040826],[17.942424980844912,59.42919621772158],[17.9424954319963,59.429104759808304],[17.942578420630696,59.429028710992384]]]}},{"type":"Feature","properties":{"name":"Grantorp / Vis\u00e4ttra","class":"utsatt","kategori":"Utsatt omr\u00e5de","ort":"Huddinge","region":"Stockholm","since":"2021-12-01"},"geometry":{"type":"Polygon","coordinates":[[[17.93477546547666,59.225221050072456],[17.933454516538667,59.22432510059038],[17.935912094746143,59.22349200389238],[17.937448082733976,59.22292611471706],[17.939444864393682,59.222203021678055],[17.94153380670165,59.221417032543],[17.943346269418683,59.22063102612627],[17.945373772536687,59.220096531104886],[17.946111045369488,59.21956202771471],[17.94445218044251,59.21828861894806],[17.94402210312174,59.21784841676752],[17.945373772434742,59.21737676569612],[17.94436002154524,59.21666927676765],[17.943499869717776,59.21594605119158],[17.943530589856167,59.21525425533406],[17.94389922438591,59.21479829076534],[17.944820817470124,59.214578167689574],[17.94503585476721,59.214200810880264],[17.945066575677647,59.21374483273278],[17.945957446536173,59.21302154481519],[17.945373772234017,59.212235344790656],[17.946018886773334,59.21210955072097],[17.94684831817876,59.21198375692909],[17.94899870048335,59.21270706640852],[17.950719005906787,59.21332029571616],[17.953852418830095,59.213792004201004],[17.959136211357514,59.21476684517299],[17.964911520431002,59.215804548390075],[17.96872076878124,59.21630766590145],[17.96746125859394,59.217738367220626],[17.966017430939505,59.2184615538221],[17.964972960447923,59.21993932456557],[17.9596584478176,59.220049369942956],[17.955910640406852,59.2192318902311],[17.954282493858354,59.22025373684652],[17.952531470169202,59.22004936965986],[17.951026202936042,59.21981356026611],[17.949551655488506,59.21987644329846],[17.948261427387106,59.22025373737246],[17.947278396150004,59.22064674684663],[17.951671316866772,59.223413409419486],[17.947431994741383,59.22489096578515],[17.943376990827684,59.225283922727314],[17.938185354521384,59.225362513923045],[17.93588137613068,59.2256611566257],[17.93477546547666,59.225221050072456]]]}},{"type":"Feature","properties":{"name":"V\u00e5rby","class":"utsatt","kategori":"Utsatt omr\u00e5de","ort":"Huddinge","region":"Stockholm","since":"2018-10-01"},"geometry":{"type":"Polygon","coordinates":[[[17.87851752689785,59.26943727853981],[17.8746352571681,59.269247153235895],[17.871859809364075,59.267826646906244],[17.87086960624961,59.26615191654827],[17.87149312234577,59.26473805480183],[17.87382474404943,59.263645765205744],[17.877787971804263,59.26087005786838],[17.878582930746298,59.25905967235983],[17.879642726368193,59.25837350203723],[17.88052072060341,59.25702789236468],[17.881056971161417,59.25591387666995],[17.87991366091017,59.255349558606106],[17.877058154446154,59.25557574916142],[17.875513718427673,59.255448634360036],[17.87378945590157,59.25502464470405],[17.873334483473,59.25474791197946],[17.873313144603273,59.25440747997285],[17.873137486025943,59.253902354589584],[17.87491749438164,59.25165625949961],[17.876581321533028,59.24920101534216],[17.87609519052415,59.245756652846026],[17.87900129092204,59.24222142217293],[17.88452403905721,59.24180089695892],[17.89296021499072,59.24352826189946],[17.88414539024082,59.24743018932963],[17.882000118587023,59.249112575478804],[17.882282159982115,59.25099344464742],[17.88210546015918,59.254786123694835],[17.884701280345553,59.25587942517078],[17.886466421502448,59.257573790835785],[17.891079103802564,59.26239589956081],[17.894509609445254,59.26373630816308],[17.89494310672183,59.26378892776764],[17.895078945503272,59.26415983805909],[17.894945082345696,59.264392904574336],[17.89467800071787,59.264634599022735],[17.894249098089098,59.265620599569736],[17.891827028627365,59.266903380690344],[17.890294971734313,59.26793803192632],[17.890165360951993,59.268752139834056],[17.88794114002122,59.26907273096156],[17.88823147750758,59.27028042983778],[17.88690360609464,59.27033046672468],[17.88233298417813,59.27036622809132],[17.880829807715998,59.26981906724339],[17.87851752689785,59.26943727853981]]]}},{"type":"Feature","properties":{"name":"Skog\u00e5s","class":"utsatt","kategori":"Utsatt omr\u00e5de","ort":"Huddinge","region":"Stockholm","since":"2018-10-01"},"geometry":{"type":"Polygon","coordinates":[[[18.148151066176602,59.21308223573337],[18.149547658311498,59.21224655534616],[18.15084487710151,59.21171280649297],[18.151755857497754,59.2115964268201],[18.153577817293858,59.211912841462976],[18.15573110767658,59.21171941157909],[18.15712962070278,59.21184236722459],[18.158056061147626,59.212272854965256],[18.15823165897866,59.212504910697355],[18.15827850796683,59.21289072872914],[18.15807180005248,59.21366235258406],[18.157736345444025,59.21432962371766],[18.15731506098757,59.21498589884064],[18.156559544635204,59.215898626786064],[18.15588985855481,59.216712493152286],[18.155194220076456,59.21743968212053],[18.15489902358834,59.21779123170462],[18.155011524934686,59.21794511125149],[18.154995278703186,59.218071537015554],[18.1549146615708,59.21818697992547],[18.154656558316326,59.218615805596116],[18.154054522609698,59.219363630580276],[18.153732936330325,59.21990270569595],[18.153357566063146,59.21993066248433],[18.152960738990235,59.22010136958913],[18.153079036708547,59.22043729098428],[18.152145905827663,59.221091644942184],[18.143377011585137,59.22315403143132],[18.14220288924602,59.22341540744672],[18.141200428993912,59.22372069938902],[18.140543546488452,59.223598793315524],[18.14018707408099,59.223147492699646],[18.1400839378477,59.22276263069853],[18.140066633466002,59.22239972550236],[18.13994619251308,59.22193742915806],[18.139704336092933,59.221428319762325],[18.13916206888145,59.2210509692842],[18.138662720073036,59.22075047746125],[18.138807100268806,59.22036213863385],[18.145931998366805,59.21417890087349],[18.14682695504234,59.21348779504309],[18.148151066176602,59.21308223573337]]]}},{"type":"Feature","properties":{"name":"Bred\u00e4ng","class":"utsatt","kategori":"Utsatt omr\u00e5de","ort":"Stockholm","region":"Stockholm","since":"2018-10-01"},"geometry":{"type":"Polygon","coordinates":[[[17.922953162995235,59.290543569919365],[17.9239129270743,59.29035559410505],[17.927596849707747,59.28912231498783],[17.92888553704704,59.288734071812186],[17.929420143987443,59.288952168455985],[17.929988126260024,59.289125299375414],[17.930716389580486,59.289217810733845],[17.93143922331157,59.28924717984239],[17.932433450688507,59.28918910813064],[17.933299121932503,59.28898844492309],[17.93579204936556,59.28825748400116],[17.93746646967285,59.28800574758224],[17.938888679154015,59.288008774061666],[17.941108937851705,59.288210672187034],[17.942552722219492,59.28846333900801],[17.94378462389937,59.28879024406018],[17.945515882681086,59.2894642856057],[17.945897080549113,59.28957454147158],[17.946811899743004,59.28967271501986],[17.946021649130177,59.29364683739145],[17.94538222693975,59.29431512508516],[17.94369333359115,59.295209241275025],[17.943327403872278,59.29608528490395],[17.94274698503901,59.29635998809726],[17.942014859008154,59.29649542141683],[17.942732842833212,59.29781054313],[17.94241991957728,59.299030174836254],[17.940396377833505,59.300359803416136],[17.93822478109149,59.300783909318746],[17.936622678894206,59.300534758348874],[17.934891842809026,59.29959900626785],[17.932963210542187,59.29960689107811],[17.931773957476967,59.299562332379196],[17.931140786105935,59.29976682272578],[17.930748447846362,59.2997993791445],[17.92986575152025,59.29953394845137],[17.929226112291325,59.29939378689426],[17.928551240155358,59.299385248879624],[17.92699972823512,59.29701885756486],[17.925190284348428,59.29354076795535],[17.924006575021586,59.29247369900827],[17.922935965404264,59.290560130648984],[17.922953162995235,59.290543569919365]]]}},{"type":"Feature","properties":{"name":"S\u00e5ngv\u00e4gen","class":"utsatt","kategori":"Utsatt omr\u00e5de","ort":"J\u00e4rf\u00e4lla","region":"Stockholm","since":"2018-10-01"},"geometry":{"type":"Polygon","coordinates":[[[17.840614212823823,59.42547498051059],[17.840777689270784,59.427268935153066],[17.841964543728285,59.427243095625556],[17.84169522303173,59.42839404265736],[17.838091284845753,59.42810890857731],[17.837966768446908,59.427391412888305],[17.835225511950135,59.427436275860785],[17.834428381858373,59.427211943006306],[17.834974199004897,59.42629570852771],[17.834893135941787,59.42611866534522],[17.83565897013886,59.4259023023548],[17.836251914697616,59.425649750725306],[17.840078949512062,59.425479973694465],[17.840614212823823,59.42547498051059]]]}},{"type":"Feature","properties":{"name":"Finnsta","class":"utsatt","kategori":"Utsatt omr\u00e5de","ort":"Upplands Bro","region":"Stockholm","since":"2018-10-01"},"geometry":{"type":"Polygon","coordinates":[[[17.633330651712882,59.52178612806847],[17.63295734491173,59.52175882709335],[17.632976015228227,59.521674300266056],[17.632954414390515,59.52146934806597],[17.632893054759798,59.521366463753516],[17.632617955417,59.52104252870429],[17.631744490601175,59.520064558016244],[17.631478348509763,59.51978322840176],[17.63129770465556,59.51955437861985],[17.631184234941298,59.51935602964875],[17.631121807480305,59.519134308044094],[17.632747354605556,59.5187035310658],[17.6352381801387,59.51780054370515],[17.63533206946242,59.51743019083943],[17.6341068150106,59.51596618388069],[17.634517427946594,59.51596789395776],[17.635090450762387,59.51593780442583],[17.635724699733522,59.51586511322519],[17.63619574967984,59.51578715463187],[17.636802683777727,59.51565225363939],[17.640119889765003,59.51489497822811],[17.640540252051775,59.51481517374385],[17.640924983246897,59.514710414261785],[17.64225936911105,59.51440778425178],[17.643281262347507,59.51416560346785],[17.64459297522303,59.513847521836745],[17.645389678622994,59.51359046088953],[17.64647046933283,59.513166265049016],[17.649376208499017,59.51199916974578],[17.649532343048012,59.5119503636561],[17.650040431784948,59.51173752884725],[17.652628858252427,59.510678058095465],[17.653209760136317,59.510428075673694],[17.65374851758108,59.510141862118694],[17.654372939757376,59.51048148297955],[17.65498526424195,59.510881252531576],[17.65539890350957,59.51118093353274],[17.65566147639217,59.51141522125783],[17.65577432532894,59.511601200492876],[17.65587910144607,59.51186294022341],[17.65595529203836,59.512296416708686],[17.656106347788093,59.51334744905557],[17.656159439763012,59.51360732765875],[17.651039963286653,59.51381678882019],[17.65129405593168,59.515004953336394],[17.65089545555875,59.51563061669978],[17.650002598408314,59.51607127193969],[17.648709999298124,59.51630874369252],[17.64795893354065,59.5165189824508],[17.64665401522799,59.516441862368595],[17.646398728931725,59.516467354945284],[17.64619434298902,59.51648575490726],[17.645865598926594,59.51654090254571],[17.645117223747306,59.51668536422512],[17.644898614845154,59.516761101929426],[17.644061502745366,59.51715838234519],[17.64269599244153,59.517809759223226],[17.642462626941,59.51793618715891],[17.642398702661758,59.51800404124814],[17.641944501756846,59.51829752929479],[17.641693858951573,59.51844237014095],[17.64127383191018,59.518670506930995],[17.64059774070843,59.519093986574454],[17.64045257903509,59.51915206899617],[17.640345104434942,59.51916564978882],[17.640251537576884,59.51916563633418],[17.640047676623407,59.51914312980718],[17.63986389749066,59.51916205407656],[17.639783916426246,59.51919219486607],[17.63972136927417,59.51932562852525],[17.63956146823005,59.51941063142221],[17.6387758266144,59.519749784282396],[17.638463663567943,59.519873990879795],[17.63818387584949,59.52010118828379],[17.63820004267843,59.520188341911606],[17.633330651712882,59.52178612806847]]]}},{"type":"Feature","properties":{"name":"Hagalund","class":"utsatt","kategori":"Utsatt omr\u00e5de","ort":"Solna","region":"Stockholm","since":"2023-12-01"},"geometry":{"type":"Polygon","coordinates":[[[18.00864558927088,59.364142427685216],[18.006655644281533,59.36310555302455],[18.00449403732564,59.361849943884096],[18.0053721248784,59.3611153709068],[18.00510041152096,59.36048512983718],[18.006598958797472,59.35980019887854],[18.007941939583997,59.36096612868886],[18.011784745316888,59.36042063577645],[18.01206852140908,59.35948481597856],[18.015577157320575,59.358886222593874],[18.01555048574325,59.35984456241128],[18.01745500788865,59.359949896334264],[18.017256459836688,59.362187220404444],[18.016483851220322,59.36271240498194],[18.016369195848785,59.363413283528786],[18.016079820397632,59.36362686113184],[18.015055366423972,59.36360516673931],[18.011112662476574,59.36438168840305],[18.010434696965344,59.36443731692805],[18.009821105687337,59.364443739956286],[18.009319178490372,59.36435322237671],[18.00864558927088,59.364142427685216]]]}},{"type":"Feature","properties":{"name":"Hags\u00e4tra / R\u00e5gsved","class":"utsatt","kategori":"Utsatt omr\u00e5de","ort":"Stockholm","region":"Stockholm","since":"2018-10-01"},"geometry":{"type":"Polygon","coordinates":[[[18.014160780795493,59.25687170649309],[18.02017447107877,59.25399678720165],[18.023781704102753,59.252266135056615],[18.026706270532994,59.25144446609586],[18.03350683961723,59.25069984698097],[18.03518518083003,59.24996287224878],[18.034497772823784,59.2489740623404],[18.03528375812765,59.248620767292955],[18.03854184179735,59.24910292938789],[18.0392659626479,59.24866731786984],[18.04782961594888,59.24631760450445],[18.048045366390987,59.24751279474449],[18.046802466274933,59.24823974084386],[18.047136909246486,59.249543802048834],[18.042868609407275,59.2511789440597],[18.042836860090535,59.25204498026329],[18.043803673625384,59.25249687012768],[18.041035889600803,59.25507375698798],[18.041489165211814,59.257100779016106],[18.04013947165267,59.25785806299486],[18.04160840370847,59.258437796208625],[18.04121545944504,59.25892150005441],[18.041497637662463,59.259640628836124],[18.03870346828808,59.25948263861765],[18.03733625284112,59.26004491265863],[18.03405284240839,59.261740471935205],[18.026577449210457,59.26350563666755],[18.015760619874257,59.27126526932781],[18.014288868339147,59.2712714656397],[18.01152802709046,59.272116946534155],[18.0097801439746,59.27023145406851],[18.00751780923008,59.26869278091235],[18.005594815930397,59.26667172495348],[18.00575106656708,59.26597031067132],[18.012817341184142,59.25894043028777],[18.014160780795493,59.25687170649309]]]}},{"type":"Feature","properties":{"name":"Brandbergen","class":"utsatt","kategori":"Utsatt omr\u00e5de","ort":"Haninge","region":"Stockholm","since":"2018-10-01"},"geometry":{"type":"Polygon","coordinates":[[[18.16934509715423,59.16698916912663],[18.171542772629156,59.166561043617094],[18.171677470530515,59.16656013629152],[18.171800866453076,59.166546817171714],[18.17301755477112,59.16645784937243],[18.175761145232812,59.16656975617372],[18.17935774611664,59.169352597621405],[18.179703179659988,59.17217216096927],[18.181268935648983,59.17408587468756],[18.174561129638132,59.175004339367995],[18.16890482601004,59.173340869395545],[18.162935421802267,59.17344684862759],[18.161408986426014,59.17437038256877],[18.16159477043181,59.17580998396741],[18.162268495049425,59.178689005121754],[18.15938575787093,59.177841416021536],[18.16108910188371,59.176423198751245],[18.161009026994996,59.17411399365088],[18.160117988702652,59.171619926521835],[18.161446557211892,59.16970426998616],[18.162930542137108,59.16679727842016],[18.165058218843537,59.16641399317036],[18.16934509715423,59.16698916912663]]]}},{"type":"Feature","properties":{"name":"Jordbro","class":"utsatt","kategori":"Utsatt omr\u00e5de","ort":"Haninge","region":"Stockholm","since":"2018-10-01"},"geometry":{"type":"Polygon","coordinates":[[[18.124853391096774,59.14031004214731],[18.124591870657678,59.139725704748415],[18.124414693781652,59.13943191884146],[18.124181598797648,59.13909572869053],[18.12377754168492,59.13859721064434],[18.12352056338269,59.13825267773138],[18.12287857509792,59.13755480247578],[18.134604473670294,59.131840641369166],[18.14407537960229,59.13252166680012],[18.148798593226882,59.139416833401064],[18.14881311427393,59.13997763819201],[18.148988050817696,59.14470042701807],[18.149289321084765,59.14971809572017],[18.148867265567624,59.15204594925394],[18.136061903979492,59.1527364299561],[18.134562451495825,59.15216919812879],[18.13391620912333,59.15186023870811],[18.133094353444246,59.15137718317224],[18.132805696060327,59.151105952651726],[18.13242716600894,59.15068709137181],[18.13226917146705,59.15040200561879],[18.13212731425767,59.15014149740965],[18.131451778774448,59.14852427508414],[18.130986798782402,59.14738703398091],[18.130750647744176,59.146854168070305],[18.130512357924257,59.14644975143873],[18.130307537742045,59.14618362754524],[18.12998027058475,59.145894300530394],[18.129511585820033,59.14562740542844],[18.129097323672113,59.145449551594446],[18.128233088247676,59.14516297993092],[18.127480084941517,59.144920250374255],[18.12707854140099,59.144780127640935],[18.12645007575234,59.14448616110655],[18.125835688791746,59.14404205364981],[18.12542261979175,59.143521762537056],[18.125298595062223,59.14322753048726],[18.12523106388497,59.142791648744904],[18.12523662696578,59.14199021083428],[18.125254089102373,59.141623614744645],[18.125187646192604,59.141199596268514],[18.125090974788222,59.14085001626253],[18.125012339521867,59.140647422876604],[18.124853391096774,59.14031004214731]]]}},{"type":"Feature","properties":{"name":"Fisks\u00e4tra","class":"utsatt","kategori":"Utsatt omr\u00e5de","ort":"Nacka","region":"Stockholm","since":"2021-12-01"},"geometry":{"type":"MultiPolygon","coordinates":[[[[18.24833185650488,59.291997212500604],[18.248294265937528,59.29191530817683],[18.2482168267557,59.29183344859922],[18.24813941479783,59.29175164941389],[18.248062065970874,59.29166991871179],[18.247984777495155,59.29158824577782],[18.247908626368094,59.29146588654225],[18.247871124525698,59.29138439780555],[18.24779454859179,59.291282590150196],[18.24779619513775,59.29122158561293],[18.247758885228805,59.291140243044154],[18.24776177135946,59.29105889391114],[18.24776464252267,59.29097760895945],[18.24776752227166,59.29089639568972],[18.247809958574678,59.29081527268885],[18.247813532692774,59.290713931534334],[18.24785591032765,59.29063295197282],[18.247977271225817,59.2905520706966],[18.24809822692926,59.290491425898466],[18.24821882831499,59.29043084644413],[18.2483392584198,59.2903702990066],[18.248459903104877,59.290309758675384],[18.24858119120177,59.29022907992074],[18.248740835368206,59.29018875469005],[18.248941741303653,59.29014839660905],[18.249101819447834,59.290128224572335],[18.249261228867137,59.29010807891977],[18.2494598901745,59.29008795224295],[18.249618936106376,59.29006783050058],[18.249816701646168,59.29006784969256],[18.250014467816317,59.2900678568847],[18.25017196021978,59.29008798991406],[18.25032950431154,59.290108128654296],[18.250527332284957,59.29010813622264],[18.25068495638592,59.290128281525625],[18.25088240939133,59.29014843097105],[18.251000660834116,59.290168579041534],[18.25123775953391,59.29016859297843],[18.251355724730832,59.290188775742855],[18.25151346144692,59.29020896846838],[18.251751504628118,59.29020893540458],[18.25191016409644,59.29020891042444],[18.252068856599422,59.29020888172899],[18.252266211899336,59.290249203241686],[18.252464593237587,59.29024916348926],[18.252622951879975,59.290269290808176],[18.252820624513884,59.29030959457612],[18.253019017494328,59.2903095069593],[18.253216734589788,59.290329671461315],[18.253414713821826,59.29032966458551],[18.253533271674293,59.29034987012992],[18.253691483021637,59.290370079834],[18.253849764527505,59.29039030466984],[18.254047718722873,59.29041053119629],[18.254285455866277,59.29041053172652],[18.254483572905094,59.290410563821844],[18.254602425400144,59.290430827542146],[18.25480061371808,59.290430887031256],[18.254959195330365,59.290430934888946],[18.25511780655849,59.290430980014925],[18.25535572421397,59.29043101002405],[18.255553973521327,59.29043100842258],[18.255752226323583,59.29043100643146],[18.2559506672053,59.290451235880525],[18.256148948488534,59.290451236168735],[18.2563075728315,59.29045123278359],[18.256466199006205,59.290451230057855],[18.256624786280486,59.290471377391434],[18.25682230223687,59.29047118011623],[18.256980214764653,59.290471024768706],[18.257138032218418,59.29047086711566],[18.25733499158374,59.29047061738726],[18.257492333506157,59.29047041009504],[18.25764955398019,59.29047020026052],[18.257806655015663,59.290469990530106],[18.2579637552824,59.29046980938814],[18.258160229665588,59.290469612792165],[18.25831730936157,59.29046945510479],[18.258473855178035,59.2904491577049],[18.258669950017683,59.29042889423732],[18.25882707522096,59.29040872569131],[18.258984581282764,59.290408675146416],[18.259141598223245,59.29038851611706],[18.259259206526472,59.29036837966148],[18.2594559413457,59.29036832106647],[18.259652628664167,59.29036826156629],[18.259849268481837,59.290368201161144],[18.260007003271898,59.29036819217565],[18.260165806541927,59.29036826048021],[18.260325295093487,59.2903884418624],[18.26056501476205,59.29042879490733],[18.260644557271142,59.29042884004428],[18.260805578944108,59.29046924678504],[18.26100713456674,59.29050976541713],[18.261249877402225,59.290570570945164],[18.261449717816753,59.29061097911434],[18.261649771199586,59.2906514229869],[18.261810310846354,59.29069189003108],[18.26193191378109,59.29075258355853],[18.26209342474558,59.29081334241022],[18.26217462143859,59.29085386400711],[18.26237618684729,59.29091472468978],[18.262496794357794,59.29097540582579],[18.26269509168503,59.29105603266924],[18.262775240014815,59.291136792593846],[18.262894439562203,59.29119730288024],[18.263052665727955,59.29123754516498],[18.263172229584146,59.29131827540084],[18.263252069903224,59.29137884401122],[18.263371289615424,59.29143936326671],[18.26349227117276,59.29154053595149],[18.26357262761399,59.291581052636545],[18.2637330047862,59.29164185956293],[18.263932858714544,59.29168245604916],[18.26405352786991,59.29174328166993],[18.264174645178397,59.29182439358156],[18.264336049929955,59.29188544993009],[18.26445873246649,59.29196693304606],[18.264503093489417,59.29204871740067],[18.26458828568622,59.29213079941031],[18.26463328060779,59.29221286799782],[18.26467832238976,59.29229501987679],[18.264803554459398,59.29237736172573],[18.264888893802304,59.29248001881253],[18.264934522370073,59.29256254504071],[18.264943744813653,59.29266637401001],[18.264951135130403,59.29274957294123],[18.26491871510434,59.29283293939684],[18.26492794572022,59.29293725616587],[18.26489545179087,59.29302089857473],[18.26482299354277,59.29310472041427],[18.26483205214317,59.293209498948876],[18.264835440752496,59.29329217276753],[18.26479878461767,59.29337493995818],[18.26468198506971,59.29343743486198],[18.264564484493416,59.29347933594787],[18.264447686963386,59.29354196987903],[18.264329955993443,59.29360432783883],[18.2642120432055,59.29366668125815],[18.264051381985073,59.29368720363635],[18.26389180920348,59.29372861446493],[18.263773720148837,59.29379102940523],[18.2636598391236,59.29393718493161],[18.263661977208073,59.293979069256245],[18.263625744931783,59.294062794243644],[18.26363107554975,59.294167683366474],[18.26347209547401,59.29423026523014],[18.26335426253124,59.294293324895804],[18.263197553300653,59.2943572469708],[18.263041400354485,59.29440111071625],[18.262885337730673,59.294445187695864],[18.262649721016775,59.2944902111467],[18.262411505186193,59.29449287519187],[18.262212779984335,59.29449509526747],[18.262013772144137,59.29449726280823],[18.261732601879405,59.29449884000542],[18.261612039617873,59.29449951612721],[18.26144832950407,59.29443668247805],[18.261246381999193,59.294416555166734],[18.26108461210016,59.29439620260359],[18.26092371815371,59.29439708442814],[18.260681020665047,59.29437688362715],[18.26043911328551,59.294377921809],[18.260318295350007,59.29437858337198],[18.260116061521174,59.294379034096934],[18.259953827599823,59.294379039685815],[18.25975103492197,59.294379048191715],[18.259587764778416,59.29433689966113],[18.25934397265077,59.29431583946311],[18.259181373000416,59.29429483938946],[18.258978341820708,59.29427391969465],[18.25877534067668,59.29425299893475],[18.258572372093237,59.29423208513512],[18.258288428908635,59.294211231206745],[18.258126391794082,59.29421133744763],[18.258045015558597,59.29419034605082],[18.25772093940262,59.29419055418068],[18.257477267918123,59.29416924214835],[18.257314813074633,59.29414806359186],[18.25707126633708,59.29412669016733],[18.25699013482887,59.29412648745266],[18.25678734964025,59.294125986094315],[18.25658460984651,59.294125481486375],[18.25646307963776,59.294125389800335],[18.25622015712667,59.29412554594721],[18.256058197446944,59.29412564768019],[18.25593667145786,59.294104965759765],[18.25569367721627,59.29408435873445],[18.25553167084843,59.29406370059345],[18.255369656260314,59.294022298248414],[18.255248161177814,59.29400161851888],[18.254964710189554,59.29398103357377],[18.254843235207275,59.29398110885875],[18.254600269026618,59.29398125500029],[18.25447877799967,59.29398132764994],[18.254276285349928,59.29398144867065],[18.254033214460147,59.29398193249157],[18.253708804145912,59.29398356257964],[18.253546750261183,59.29398347841547],[18.25338496662656,59.29396200501219],[18.253223003525708,59.293961803140874],[18.25293960922396,59.29396145239701],[18.252777690270612,59.293961252462495],[18.25257531326711,59.29396099947204],[18.25237333294443,59.29393953372535],[18.25217217699795,59.2938757965956],[18.252051220326216,59.29385456392965],[18.25189056263933,59.29381182208321],[18.251730042833763,59.293769084687696],[18.251569158162265,59.29374750750995],[18.251329260780537,59.29372403799952],[18.25113053463696,59.29365912509164],[18.25093049130368,59.29365743982715],[18.25073027154416,59.29365607770666],[18.25057045171129,59.29363428667791],[18.250370267824227,59.2935921986929],[18.25017062582099,59.29352933204225],[18.250050571841754,59.29350827092936],[18.249850721354367,59.293466255622924],[18.24969204316139,59.293382810089675],[18.249575049726094,59.29327814009356],[18.249459198612673,59.29315264340061],[18.24930323812626,59.29304783090544],[18.249264451353664,59.29298588839757],[18.249186076450503,59.292903313949374],[18.249107961539803,59.2928206799436],[18.24899065910825,59.292717334707866],[18.248952222424922,59.29265546066877],[18.248874447235774,59.29257295016825],[18.248836557439738,59.292490600492975],[18.248758888297477,59.29240821849742],[18.248681782038428,59.292305380228],[18.24860374074918,59.29224365542746],[18.248487028480692,59.29214089719415],[18.24836997733507,59.29205870543798],[18.248363202270305,59.29206551157484],[18.24833185650488,59.291997212500604]]],[[[18.248363202270305,59.29206551157484],[18.248369474106635,59.29207917725353],[18.24832932199057,59.292099545971745],[18.248363202270305,59.29206551157484]]]]}},{"type":"Feature","properties":{"name":"Gran\u00e4ngsringen","class":"utsatt","kategori":"Utsatt omr\u00e5de","ort":"Nacka","region":"Stockholm","since":"2025-12-01"},"geometry":{"type":"Polygon","coordinates":[[[18.219981345535057,59.23880550207936],[18.220075219417247,59.23870665107943],[18.22029058080477,59.23851459710869],[18.221748400707536,59.237415912395925],[18.222825199201626,59.236591170345584],[18.223333227560207,59.23623245758058],[18.224183622686894,59.23643864740093],[18.224735827519954,59.23668720268831],[18.225348775018865,59.2369696497576],[18.225591743308687,59.23700919293087],[18.225972765583002,59.236989421592774],[18.225917544927558,59.236144897273796],[18.22612186168827,59.235789004021655],[18.226359308297877,59.23558845984666],[18.22677346192174,59.235308826156256],[18.22748580672734,59.23496139774711],[18.228369334543967,59.23461396650669],[18.22880557522874,59.23454052519819],[18.231356761603763,59.234529226799005],[18.233300520652108,59.2346648104903],[18.23399629952311,59.23469870609848],[18.23424479027658,59.234653511269606],[18.234681033885543,59.23406597782165],[18.234907436322057,59.23346713593399],[18.234796995864038,59.23263664787644],[18.23639838890587,59.23254907931131],[18.236851196358806,59.23247845741464],[18.23734265875488,59.2324021870573],[18.237530408752313,59.232447385042846],[18.23784516544452,59.23271291818343],[18.23803291501349,59.233068843126716],[18.238016349492245,59.23311968996444],[18.23797217319604,59.233272226853934],[18.238032914682687,59.233427589181744],[18.238336627217553,59.23358295045725],[18.238988228552056,59.23378915577277],[18.239766837554278,59.2339219181582],[18.240484703813156,59.23417896586787],[18.239755794684477,59.234726952316315],[18.23887778873659,59.235489598813736],[18.238408414362357,59.23587656568346],[18.237707114933045,59.23665895749719],[18.237431011496614,59.236924459379225],[18.236922984337184,59.23735377501186],[18.236210639299745,59.23782827574922],[18.23527189220334,59.23836490651085],[18.234404929984724,59.23929692898419],[18.233720196386255,59.23987307512642],[18.23247221360229,59.2409462631677],[18.231660473278325,59.240714682358636],[18.230406969014876,59.2404492119243],[18.229782978946055,59.24064690286439],[18.22874483243469,59.24111853508872],[18.226734808911818,59.24036448555936],[18.225713228672074,59.240042527528864],[18.225470258584718,59.2398504812041],[18.22416153438132,59.239607596998184],[18.223968263376484,59.24009336356483],[18.22188645150924,59.239957802340335],[18.221444687631067,59.23971491781436],[18.220710254791232,59.23912182344263],[18.219981345535057,59.23880550207936]]]}},{"type":"Feature","properties":{"name":"H\u00e4sselby g\u00e5rd","class":"utsatt","kategori":"Utsatt omr\u00e5de","ort":"Stockholm","region":"Stockholm","since":"2018-10-01"},"geometry":{"type":"Polygon","coordinates":[[[17.8335422634569,59.375689514064554],[17.834055860278905,59.37503504156698],[17.837316182467397,59.37377490459183],[17.837338557949668,59.37341243974054],[17.83835335203793,59.37274935109772],[17.837481889751363,59.372521627343026],[17.837154497754284,59.37158867070799],[17.836229696726935,59.371308975417676],[17.83495013841118,59.3697861343425],[17.833321923783025,59.36797774312079],[17.831809211794653,59.36665659941407],[17.837244026802598,59.365088186510576],[17.83907218620254,59.3641542642414],[17.840370411691726,59.36327197981166],[17.84493901293578,59.361318658967704],[17.8500578094458,59.36321574013371],[17.859040790597692,59.36639620407685],[17.843610405902073,59.372426412096985],[17.836170370658532,59.375096664358736],[17.83489731285124,59.375507950620914],[17.8335422634569,59.375689514064554]]]}},{"type":"Feature","properties":{"name":"Tj\u00e4rna \u00c4ngar","class":"utsatt","kategori":"Utsatt omr\u00e5de","ort":"Borl\u00e4nge","region":"Bergslagen","since":"2018-10-01"},"geometry":{"type":"Polygon","coordinates":[[[15.402060108196137,60.489461606156034],[15.403701927780531,60.49057771721128],[15.405868361453054,60.49158994154179],[15.407597692336395,60.49189931322817],[15.406755095944973,60.493172575178555],[15.40557541966431,60.49415097475664],[15.403671293208363,60.49487235615171],[15.402455076017693,60.49516223907111],[15.401181281639008,60.49570192503549],[15.399789803702232,60.49663967262267],[15.399203919164684,60.49710853599165],[15.397638976484476,60.49660423973924],[15.396054785334595,60.49624293663836],[15.395102723015142,60.49548551807538],[15.394004188113152,60.49519697260921],[15.392951089903889,60.49553568779618],[15.39114799764755,60.4943313219467],[15.39114799870506,60.494150974948916],[15.393239459431761,60.493087586637465],[15.395137786822236,60.492297603455455],[15.395102722254656,60.49205887920887],[15.396567434150885,60.49158994132949],[15.397603554950344,60.491113715458205],[15.399123974583857,60.490638551395634],[15.402060108196137,60.489461606156034]]]}},{"type":"Feature","properties":{"name":"Vivalla","class":"sarskilt","kategori":"S\u00e4rskilt utsatt omr\u00e5de","ort":"\u00d6rebro","region":"Bergslagen","since":"2018-10-01"},"geometry":{"type":"Polygon","coordinates":[[[15.193908309990505,59.304719353418605],[15.181265715798887,59.30390589415123],[15.179823510616618,59.303551466644755],[15.178333806182806,59.303007066231864],[15.175119593195076,59.301371992348265],[15.17715434107839,59.29953969574856],[15.174688423316349,59.299141873193605],[15.17458285544414,59.29859066779704],[15.173856733047389,59.29766352454005],[15.174550256785631,59.296817139745734],[15.176151484777307,59.29617937123168],[15.178077846568518,59.295170037038815],[15.180180285446431,59.293783683744635],[15.183041393592406,59.29444989085692],[15.18500352186795,59.294697602822986],[15.185898132185264,59.29346381215256],[15.188465856414634,59.29242290165109],[15.190321421447118,59.292185540667795],[15.192176985422618,59.292223788924275],[15.196643715944186,59.293264904027296],[15.196161294616527,59.29399281703505],[15.1965894111867,59.29428450163876],[15.196869293239983,59.294474191106396],[15.19715037665532,59.29490140604315],[15.197244347937207,59.29509137590807],[15.196055250861315,59.2983245369272],[15.194001207946704,59.30471921423885],[15.193908309990505,59.304719353418605]]]}},{"type":"Feature","properties":{"name":"B\u00e4ckby","class":"utsatt","kategori":"Utsatt omr\u00e5de","ort":"V\u00e4ster\u00e5s","region":"Mitt","since":"2018-10-01"},"geometry":{"type":"Polygon","coordinates":[[[16.470233829648087,59.59113620378237],[16.50007730224878,59.59468001161956],[16.49768966796221,59.59838516127983],[16.493794006499417,59.601426383520504],[16.481179947744966,59.60790360228281],[16.475406955825935,59.61110167484866],[16.46088503438079,59.60785900077532],[16.459845816960776,59.602490103403184],[16.466162811208807,59.59635800413675],[16.470233829648087,59.59113620378237]]]}},{"type":"Feature","properties":{"name":"Gottsunda","class":"utsatt","kategori":"Utsatt omr\u00e5de","ort":"Uppsala","region":"Mitt","since":"2023-12-01"},"geometry":{"type":"Polygon","coordinates":[[[17.626164898256256,59.816670927847184],[17.621271657205735,59.818483076466975],[17.619976714447358,59.81734800047928],[17.618233759864307,59.81682906234504],[17.614384160602643,59.818387993551546],[17.612447930541673,59.81721201480922],[17.61059676257688,59.81485558718144],[17.610811258173065,59.81306536795546],[17.61141494037813,59.81272426977529],[17.61257253576752,59.81175632636743],[17.61203660347935,59.81139724556549],[17.613550986011838,59.81017926859011],[17.614726106879036,59.80930446263321],[17.61604873257059,59.808287458257475],[17.617589972421527,59.80710710940937],[17.619185618292985,59.805942216787514],[17.61849228569291,59.80554752280461],[17.62012926043543,59.80469308304161],[17.621664293842922,59.80383289739924],[17.62265319138145,59.80307123898076],[17.623483234875042,59.80195630989831],[17.623677831377005,59.80103992445264],[17.625842244250297,59.79990332288496],[17.62624052278995,59.79945636203339],[17.626458558240653,59.79900939535612],[17.62760271021254,59.79841213166761],[17.62911463331969,59.7982030888312],[17.63101279594445,59.79825310631961],[17.633701111729103,59.79934894219496],[17.636026759562494,59.80109025680809],[17.638609325565557,59.80235290619071],[17.6425986477315,59.80435106701972],[17.637968621648657,59.806290319429536],[17.63572137223923,59.810603879115554],[17.633005847435168,59.812187200300066],[17.640626583296246,59.81004425955433],[17.650432110723695,59.810621737668754],[17.649213553453954,59.81448680786715],[17.64255725186599,59.814059278089346],[17.635483749188452,59.81408090993088],[17.630386967857753,59.81624721476096],[17.627261911792747,59.8175420018328],[17.626164898256256,59.816670927847184]]]}},{"type":"Feature","properties":{"name":"Saltskog","class":"utsatt","kategori":"Utsatt omr\u00e5de","ort":"S\u00f6dert\u00e4lje","region":"Stockholm","since":"2023-12-01"},"geometry":{"type":"Polygon","coordinates":[[[17.61492703920985,59.17915347091021],[17.615843720582067,59.178876674912246],[17.61693310193393,59.178284194784375],[17.61796866834872,59.17789485894089],[17.619265781309608,59.177595391309815],[17.622148936637473,59.17714494125652],[17.62462971640362,59.17688090801809],[17.62729900673421,59.176660544061406],[17.633241913199853,59.17655206111053],[17.633629991104236,59.17678193374824],[17.632363992993593,59.1795889625028],[17.63121133939976,59.18236996028862],[17.62956616614131,59.18296186215948],[17.628902923850806,59.1830704357264],[17.627429245218263,59.18318344991726],[17.626568112416148,59.18312952392719],[17.624595055782006,59.182468132725596],[17.622786660386723,59.18183896811154],[17.62175825464833,59.181717137966764],[17.62092296793813,59.181698323377674],[17.61725860570845,59.18223573134468],[17.61680373417357,59.182042915741135],[17.61492703920985,59.17915347091021]]]}},{"type":"Feature","properties":{"name":"Geneta","class":"sarskilt","kategori":"S\u00e4rskilt utsatt omr\u00e5de","ort":"S\u00f6dert\u00e4lje","region":"Stockholm","since":"2025-12-01"},"geometry":{"type":"Polygon","coordinates":[[[17.570099946326525,59.19121932160971],[17.570549106315852,59.190660535322564],[17.56876958772099,59.18979241047492],[17.568408155410555,59.18744611055922],[17.571340007970523,59.186389739787444],[17.58085264918577,59.18598719155722],[17.583798322492044,59.18512037422902],[17.589599485892144,59.1846482648991],[17.59234411653292,59.184189391950014],[17.593690604839338,59.18410190330982],[17.594659208026346,59.1856017694308],[17.596084737021467,59.186446132595556],[17.598741409835096,59.18769952152577],[17.602116065650442,59.188043138496866],[17.603574980682993,59.190549752605904],[17.60108194487024,59.19188334148131],[17.60158373226294,59.19360870547381],[17.600506304476916,59.19528248369925],[17.608427252685217,59.196379036738605],[17.601620111685072,59.19835050243249],[17.60252703203279,59.202349882318],[17.60254120376811,59.20256440196031],[17.602322160354458,59.202580645590395],[17.60175141056561,59.20240220807232],[17.601243992207486,59.20219355424218],[17.600744648231533,59.201949825704965],[17.600345722550845,59.201714724899965],[17.599921504595237,59.20143461032969],[17.599396167656668,59.201097108974665],[17.59878794386445,59.20071405188261],[17.598117054563133,59.20026122135701],[17.597756522643696,59.2000081917211],[17.597071552135525,59.19955330425899],[17.59690254160593,59.19944094741323],[17.596621699483855,59.199269370176815],[17.596260867744935,59.199088458763185],[17.59588632531459,59.19891834412462],[17.595586628647524,59.198792913330465],[17.594835981632748,59.198544390877856],[17.59426148307375,59.19838083580267],[17.593849600377478,59.19825700824299],[17.592486578575308,59.197886752798944],[17.591593844770053,59.19769699474903],[17.58962421124899,59.19730179757267],[17.589075135173186,59.197185833016185],[17.58872124790441,59.19712349088165],[17.588093330814885,59.1970439599222],[17.58696470743402,59.196927760825886],[17.585843167024546,59.19688207681002],[17.58446305746671,59.19687190164299],[17.583763412253795,59.196872223869946],[17.58175681863562,59.19687807183176],[17.577002414354883,59.19690944461508],[17.573417030567366,59.19552458603398],[17.570099946326525,59.19121932160971]]]}},{"type":"Feature","properties":{"name":"Fornh\u00f6jden","class":"utsatt","kategori":"Utsatt omr\u00e5de","ort":"S\u00f6dert\u00e4lje","region":"Stockholm","since":"2019-06-01"},"geometry":{"type":"Polygon","coordinates":[[[17.665571827552792,59.18580002428705],[17.6683303148013,59.18642086438573],[17.66701583208246,59.188872731950426],[17.670340040334292,59.19020701026305],[17.667995984650595,59.195199976925274],[17.665396756804235,59.196334935829874],[17.664699940083025,59.19631355823809],[17.66259581122379,59.196071417691066],[17.661573286537568,59.19543862031814],[17.660703252994054,59.192294713032595],[17.66274555156495,59.18847297748119],[17.665571827552792,59.18580002428705]]]}},{"type":"Feature","properties":{"name":"Hovsj\u00f6","class":"sarskilt","kategori":"S\u00e4rskilt utsatt omr\u00e5de","ort":"S\u00f6dert\u00e4lje","region":"Stockholm","since":"2023-12-01"},"geometry":{"type":"Polygon","coordinates":[[[17.61027106879016,59.174635637899414],[17.611515471389584,59.175180395301595],[17.612368318044673,59.1754419180955],[17.612930893666576,59.17577669813408],[17.61320682196096,59.175883125168795],[17.613330841702652,59.17598088014087],[17.61347820951625,59.17657061344812],[17.61399531134584,59.17815700002601],[17.57265839693209,59.18558867423129],[17.572228446571764,59.184702287306465],[17.572828216616106,59.18398195078476],[17.574755954747395,59.18256412149418],[17.578538814174856,59.18069928858156],[17.584536790293154,59.17931231424963],[17.588818747952445,59.178294854443045],[17.589441994532496,59.175970592962514],[17.59592629848872,59.172352693134194],[17.598366347945458,59.170783057468995],[17.602045449664075,59.17156973631256],[17.604574196005252,59.171578127250356],[17.606998240583657,59.17209623907482],[17.607577578798256,59.17303683689459],[17.608732758096437,59.17399082070414],[17.61027106879016,59.174635637899414]]]}},{"type":"Feature","properties":{"name":"Ronna","class":"sarskilt","kategori":"S\u00e4rskilt utsatt omr\u00e5de","ort":"S\u00f6dert\u00e4lje","region":"Stockholm","since":"2018-10-01"},"geometry":{"type":"Polygon","coordinates":[[[17.58227814957455,59.198621209161026],[17.581548336339974,59.19761124556955],[17.5815918455869,59.19719705320898],[17.581761932045506,59.19711621595206],[17.581998733402898,59.19705799710189],[17.582441631505112,59.19704337655814],[17.585873319655487,59.19705810473723],[17.58700423342403,59.19708560285512],[17.58926238461016,59.19730709674275],[17.589910344052452,59.197408730346204],[17.590474597356366,59.197522491315404],[17.591810516959132,59.19779385588454],[17.592658630714347,59.19798308944912],[17.593642932761824,59.19825787367971],[17.594984043378272,59.19864957470652],[17.59564610880322,59.19887611634753],[17.596092995904733,59.199074245598865],[17.596480068457378,59.199265676319676],[17.596898922211498,59.19951826708715],[17.59715663056952,59.19970157299826],[17.597419375386593,59.199867925949874],[17.59817147008532,59.20038237826433],[17.598684849522527,59.2007192096714],[17.600368802359874,59.201803804358235],[17.60072452762032,59.202007847679425],[17.601030097522937,59.20216186404431],[17.60144958143717,59.20235242443672],[17.602202448612235,59.20260708505559],[17.60271990757516,59.202817183802395],[17.60199678146394,59.20358102275212],[17.60145741476784,59.20446870066169],[17.600904034290455,59.20575145492162],[17.600272699051473,59.20741430804864],[17.599759049163847,59.20845308847485],[17.598612249912783,59.209128368327654],[17.595954926207273,59.20884365373118],[17.5935615116055,59.20851238212969],[17.591038118282032,59.207992600739445],[17.589799770669085,59.20769659560215],[17.588694199991558,59.207447105959744],[17.587154413793836,59.20717026391109],[17.584536107169562,59.2056389320093],[17.582159308457378,59.20460461841836],[17.581802789593993,59.20223166298267],[17.581763176446664,59.2009944144507],[17.580614390981598,59.199797690904354],[17.58033709735376,59.199148601538994],[17.58227814957455,59.198621209161026]]]}},{"type":"Feature","properties":{"name":"Lina","class":"utsatt","kategori":"Utsatt omr\u00e5de","ort":"S\u00f6dert\u00e4lje","region":"Stockholm","since":"2025-12-01"},"geometry":{"type":"Polygon","coordinates":[[[17.581961787215388,59.213891866034075],[17.582247003488824,59.21248066569217],[17.58272236154638,59.210935577858876],[17.584077136429926,59.20920791608854],[17.585479447304916,59.20858739542894],[17.58215193143335,59.20810070608653],[17.58243714660536,59.20717597568579],[17.58293627376023,59.206506748214],[17.586572774854776,59.2069934608751],[17.587154413793836,59.20717026391109],[17.588694199991558,59.207447105959744],[17.589799770669085,59.20769659560215],[17.591038118282032,59.207992600739445],[17.5935615116055,59.20851238212969],[17.595954926207273,59.20884365373118],[17.598612249912783,59.209128368327654],[17.599759049163847,59.20845308847485],[17.603091514642493,59.20868473245325],[17.606514103680134,59.208745568544856],[17.610721034741395,59.2086847328341],[17.611956967769196,59.20911058009469],[17.611909433647753,59.20974325729683],[17.606989461106128,59.212517162793624],[17.605088023241173,59.21367694584054],[17.60203780094342,59.21535977659142],[17.59871028483376,59.216292394500265],[17.592292932059316,59.215339503373386],[17.59052617919849,59.21480019418133],[17.588312004697624,59.21628843016648],[17.58617130554218,59.21686339023788],[17.58465598418611,59.216809961563584],[17.58407873221172,59.216203375272364],[17.583704771759308,59.213778323769205],[17.581961787215388,59.213891866034075]]]}},{"type":"Feature","properties":{"name":"Sigtuna / Valsta","class":"utsatt","kategori":"Utsatt omr\u00e5de","ort":"Sigtuna","region":"Stockholm","since":"2021-12-01"},"geometry":{"type":"Polygon","coordinates":[[[17.83866249911699,59.61975666608686],[17.825450961086425,59.62312220568216],[17.820102260714393,59.62227461959764],[17.817957848463994,59.6214644079715],[17.817711364438203,59.62051705755817],[17.818869840829244,59.61946995635523],[17.8200036666394,59.61873447196601],[17.820693820684824,59.618036371250184],[17.82096495293745,59.61727592261414],[17.818746598437553,59.61720112335277],[17.818475466744143,59.61676479197977],[17.82572209380987,59.61491966979331],[17.825672796890625,59.614620451207465],[17.829246812152732,59.61384745808733],[17.828186931716232,59.61225154435837],[17.831317278091603,59.61203958140483],[17.836099066572938,59.61262559282415],[17.841792844959613,59.61367290756554],[17.845366862532078,59.61514408205239],[17.845317564895847,59.61695179224002],[17.83866249911699,59.61975666608686]]]}},{"type":"Feature","properties":{"name":"V\u00e5rberg","class":"utsatt","kategori":"Utsatt omr\u00e5de","ort":"Stockholm","region":"Stockholm","since":"2018-10-01"},"geometry":{"type":"Polygon","coordinates":[[[17.883037990046294,59.27932219232596],[17.882999939351116,59.27917444340108],[17.882983507901095,59.27889783235459],[17.883013706782016,59.27873311771462],[17.88305236865198,59.278586046770215],[17.88327891987921,59.278161403083345],[17.879661366156984,59.277710146530275],[17.87922502660519,59.277659177543484],[17.879079493282507,59.27761365933913],[17.87898154406789,59.27755401221346],[17.878941455319094,59.277491896067716],[17.878930102999,59.2774125026415],[17.878923501317853,59.27730685127862],[17.87896707278594,59.27683277129012],[17.87904180604903,59.27551384164667],[17.879093655058703,59.27497673511738],[17.879186377087738,59.27478210847919],[17.879263819430882,59.274709070930555],[17.879656451899766,59.2743806118535],[17.88066893512382,59.273581956471205],[17.881048123254722,59.273287076135546],[17.881237753370804,59.273167568996584],[17.881386080676105,59.273108969243104],[17.88153430416842,59.27307660175904],[17.88305363654973,59.27286225649734],[17.88373703564638,59.272768977275746],[17.886193475505547,59.2724042493417],[17.887089677859187,59.272291644947934],[17.887902649394526,59.27219609185326],[17.889485256169053,59.27203162464816],[17.88967143143612,59.27202130318586],[17.88977709300941,59.27203140704252],[17.890014292327425,59.272038651104346],[17.890392624225182,59.27209087269704],[17.890664429206875,59.272146648815806],[17.891795925256474,59.2725028524076],[17.894070309163347,59.27326375675403],[17.89385259904136,59.27350337593243],[17.89397681103826,59.27366703637766],[17.894715137404365,59.27436171805852],[17.895062012699963,59.27468304408127],[17.89543905088763,59.27514064083825],[17.895509685908937,59.275359699631956],[17.895496463705303,59.275816470711696],[17.89533470837054,59.27583718801009],[17.894970395801348,59.27609825809933],[17.894196441945244,59.27634942008777],[17.894102895768256,59.27656071938199],[17.894119018780714,59.276663067787865],[17.894208198671954,59.27683796851656],[17.893972079643646,59.27712091013879],[17.894117062474976,59.277252726821594],[17.894149636186263,59.27737372944242],[17.89412414874794,59.27751123900687],[17.893913177236268,59.27795909347303],[17.893829616954203,59.27833183905626],[17.8938092819517,59.27866133461811],[17.89382780380776,59.27922961653392],[17.893623930307232,59.27936728922464],[17.88802532899144,59.27930717335964],[17.88739370543864,59.27939726945314],[17.883037990046294,59.27932219232596]]]}},{"type":"Feature","properties":{"name":"Karlslund","class":"utsatt","kategori":"Utsatt omr\u00e5de","ort":"Landskrona","region":"Syd","since":"2023-12-01"},"geometry":{"type":"Polygon","coordinates":[[[12.846213872858025,55.89407823706549],[12.846152580563826,55.8939929853637],[12.844972203494741,55.89275101654067],[12.843756780440685,55.891455631848906],[12.842356816180452,55.889964386104985],[12.841086873386995,55.88860238518174],[12.84037707216096,55.88785229542555],[12.840284417186574,55.887783611331095],[12.840060827543104,55.88769550915254],[12.83993789983084,55.887669096369855],[12.83978929160993,55.88764794067512],[12.839595984396906,55.887654534535805],[12.839340540200078,55.88768286636523],[12.839209204292393,55.88739663361596],[12.83950142253685,55.88734612032079],[12.840200061152348,55.88720001130215],[12.841000771416423,55.88699861847844],[12.84104491637602,55.886980844510795],[12.841067184746338,55.88694556654009],[12.84104229405574,55.88689091297268],[12.84020658346926,55.885985948992555],[12.839883450319634,55.88558791699998],[12.839726045890458,55.88535972575406],[12.841273348294488,55.88507679225344],[12.843291284406483,55.88466844671808],[12.84454699899342,55.88438606942727],[12.8447792965465,55.884316896931786],[12.84501771296168,55.88450369722289],[12.8461046986525,55.88547960849044],[12.85003835332696,55.88911082015466],[12.85299508945567,55.89183970005213],[12.852553014032566,55.892028881333715],[12.852491916711864,55.89207775139901],[12.852337315668994,55.892210596267766],[12.85219284293728,55.89229796146982],[12.85199533915472,55.892380120339155],[12.850947385877712,55.89273563901179],[12.847759028596483,55.89382419163656],[12.847049302286345,55.89407715768109],[12.84670830281162,55.89418247990355],[12.84651488496321,55.89419051019837],[12.846404535746116,55.894165751410355],[12.846213872858025,55.89407823706549]]]}}]}