kommun;period;key;count;per100k
0114;2014K1;total;1818;4367.0
0114;2014K2;total;1249;3000.0
0114;2015K1;total;1368;3239.0
0114;2015K2;total;1723;4079.0
0114;2015K3;total;1990;4711.0
0114;2015K4;total;1312;3106.0
0114;2016K1;total;1495;3455.0
0114;2016K2;total;1356;3133.0
0114;2016K3;total;1369;3163.0
0114;2016K4;total;1345;3108.0
0114;2017K1;total;1624;3670.0
0114;2017K2;total;1459;3297.0
0114;2017K3;total;1374;3105.0
0114;2017K4;total;1414;3196.0
0114;2018K1;total;1251;2775.0
0114;2018K2;total;1634;3625.0
0114;2018K3;total;1225;2718.0
0114;2018K4;total;1296;2875.0
0114;2019K1;total;1419;3074.0
0114;2019K2;total;1404;3041.0
0114;2019K3;total;1321;2862.0
0114;2019K4;total;1523;3299.0
0114;2020K1;total;1714;3648.0
0114;2020K2;total;2297;4889.0
0114;2020K3;total;1647;3505.0
0114;2020K4;total;1680;3576.0
0114;2021K1;total;1689;3556.0
0114;2021K2;total;1726;3634.0
0114;2021K3;total;1374;2893.0
0114;2021K4;total;1873;3943.0
0114;2022K1;total;1245;2565.0
0114;2022K2;total;1316;2711.0
0114;2022K3;total;1483;3055.0
0114;2022K4;total;1448;2983.0
0114;2023K1;total;1382;2781.0
0114;2023K2;total;1839;3701.0
0114;2023K3;total;1894;3812.0
0114;2023K4;total;1531;3081.0
0114;2024K1;total;1491;2970.0
0114;2024K2;total;1925;3834.0
0114;2024K3;total;1546;3080.0
0114;2024K4;total;1444;2876.0
0114;2025K1;total;1465;2906.0
0114;2025K2;total;1209;2398.0
0114;2025K3;total;1493;2962.0
0114;2025K4;total;1545;3065.0
0114;2026 prel.K1;total;1471;2913.0
0114;2026 prel.K2;total;1673;3313.0
0115;2014K1;total;764;2403.0
0115;2014K2;total;734;2309.0
0115;2015K1;total;602;1871.0
0115;2015K2;total;673;2092.0
0115;2015K3;total;1429;4441.0
0115;2015K4;total;708;2201.0
0115;2016K1;total;754;2314.0
0115;2016K2;total;959;2943.0
0115;2016K3;total;734;2253.0
0115;2016K4;total;808;2480.0
0115;2017K1;total;642;1947.0
0115;2017K2;total;682;2068.0
0115;2017K3;total;735;2229.0
0115;2017K4;total;680;2062.0
0115;2018K1;total;608;1826.0
0115;2018K2;total;680;2042.0
0115;2018K3;total;606;1820.0
0115;2018K4;total;585;1757.0
0115;2019K1;total;584;1730.0
0115;2019K2;total;769;2278.0
0115;2019K3;total;757;2242.0
0115;2019K4;total;906;2684.0
0115;2020K1;total;812;2381.0
0115;2020K2;total;1080;3167.0
0115;2020K3;total;834;2445.0
0115;2020K4;total;746;2187.0
0115;2021K1;total;523;1530.0
0115;2021K2;total;653;1910.0
0115;2021K3;total;791;2314.0
0115;2021K4;total;790;2311.0
0115;2022K1;total;710;2055.0
0115;2022K2;total;883;2556.0
0115;2022K3;total;930;2692.0
0115;2022K4;total;969;2805.0
0115;2023K1;total;730;2088.0
0115;2023K2;total;727;2079.0
0115;2023K3;total;817;2337.0
0115;2023K4;total;881;2520.0
0115;2024K1;total;880;2508.0
0115;2024K2;total;926;2639.0
0115;2024K3;total;943;2688.0
0115;2024K4;total;863;2460.0
0115;2025K1;total;904;2565.0
0115;2025K2;total;842;2389.0
0115;2025K3;total;1158;3286.0
0115;2025K4;total;970;2753.0
0115;2026 prel.K1;total;785;2220.0
0115;2026 prel.K2;total;1078;3049.0
0117;2014K1;total;808;1979.0
0117;2014K2;total;1033;2530.0
0117;2015K1;total;865;2077.0
0117;2015K2;total;971;2331.0
0117;2015K3;total;909;2182.0
0117;2015K4;total;911;2187.0
0117;2016K1;total;844;1976.0
0117;2016K2;total;1244;2913.0
0117;2016K3;total;1028;2407.0
0117;2016K4;total;984;2304.0
0117;2017K1;total;947;2166.0
0117;2017K2;total;1313;3004.0
0117;2017K3;total;1173;2684.0
0117;2017K4;total;1041;2382.0
0117;2018K1;total;768;1727.0
0117;2018K2;total;974;2190.0
0117;2018K3;total;842;1893.0
0117;2018K4;total;814;1830.0
0117;2019K1;total;808;1788.0
0117;2019K2;total;923;2042.0
0117;2019K3;total;918;2031.0
0117;2019K4;total;1111;2458.0
0117;2020K1;total;863;1872.0
0117;2020K2;total;1139;2470.0
0117;2020K3;total;1074;2329.0
0117;2020K4;total;872;1891.0
0117;2021K1;total;935;1971.0
0117;2021K2;total;887;1870.0
0117;2021K3;total;960;2024.0
0117;2021K4;total;962;2028.0
0117;2022K1;total;816;1676.0
0117;2022K2;total;879;1805.0
0117;2022K3;total;796;1635.0
0117;2022K4;total;1028;2111.0
0117;2023K1;total;823;1672.0
0117;2023K2;total;854;1735.0
0117;2023K3;total;1026;2085.0
0117;2023K4;total;993;2018.0
0117;2024K1;total;1050;2120.0
0117;2024K2;total;1266;2556.0
0117;2024K3;total;1185;2393.0
0117;2024K4;total;1131;2283.0
0117;2025K1;total;907;1819.0
0117;2025K2;total;1249;2505.0
0117;2025K3;total;1114;2234.0
0117;2025K4;total;1045;2096.0
0117;2026 prel.K1;total;955;1912.0
0117;2026 prel.K2;total;1002;2006.0
0120;2014K1;total;880;2191.0
0120;2014K2;total;1056;2629.0
0120;2015K1;total;897;2197.0
0120;2015K2;total;1034;2533.0
0120;2015K3;total;1084;2655.0
0120;2015K4;total;1117;2736.0
0120;2016K1;total;1034;2488.0
0120;2016K2;total;1188;2859.0
0120;2016K3;total;1180;2840.0
0120;2016K4;total;1046;2517.0
0120;2017K1;total;908;2125.0
0120;2017K2;total;1003;2348.0
0120;2017K3;total;1049;2455.0
0120;2017K4;total;960;2247.0
0120;2018K1;total;868;1976.0
0120;2018K2;total;939;2138.0
0120;2018K3;total;1022;2327.0
0120;2018K4;total;1015;2311.0
0120;2019K1;total;876;1960.0
0120;2019K2;total;899;2011.0
0120;2019K3;total;928;2076.0
0120;2019K4;total;990;2215.0
0120;2020K1;total;935;2065.0
0120;2020K2;total;966;2133.0
0120;2020K3;total;1234;2725.0
0120;2020K4;total;1188;2624.0
0120;2021K1;total;1056;2301.0
0120;2021K2;total;1058;2305.0
0120;2021K3;total;899;1959.0
0120;2021K4;total;1002;2183.0
0120;2022K1;total;946;2041.0
0120;2022K2;total;1016;2192.0
0120;2022K3;total;896;1933.0
0120;2022K4;total;1004;2166.0
0120;2023K1;total;888;1908.0
0120;2023K2;total;1026;2204.0
0120;2023K3;total;1159;2490.0
0120;2023K4;total;1084;2329.0
0120;2024K1;total;917;1967.0
0120;2024K2;total;1207;2589.0
0120;2024K3;total;1192;2557.0
0120;2024K4;total;1097;2353.0
0120;2025K1;total;1289;2765.0
0120;2025K2;total;1228;2634.0
0120;2025K3;total;1391;2984.0
0120;2025K4;total;1167;2503.0
0120;2026 prel.K1;total;1157;2483.0
0120;2026 prel.K2;total;1275;2736.0
0123;2014K1;total;2103;3007.0
0123;2014K2;total;2400;3432.0
0123;2015K1;total;2260;3158.0
0123;2015K2;total;2687;3755.0
0123;2015K3;total;2521;3523.0
0123;2015K4;total;2656;3711.0
0123;2016K1;total;2364;3220.0
0123;2016K2;total;2453;3341.0
0123;2016K3;total;2703;3682.0
0123;2016K4;total;2628;3579.0
0123;2017K1;total;2603;3451.0
0123;2017K2;total;2602;3449.0
0123;2017K3;total;2416;3203.0
0123;2017K4;total;2520;3341.0
0123;2018K1;total;2349;3032.0
0123;2018K2;total;2596;3351.0
0123;2018K3;total;2348;3031.0
0123;2018K4;total;2394;3090.0
0123;2019K1;total;2339;2952.0
0123;2019K2;total;2438;3077.0
0123;2019K3;total;2142;2703.0
0123;2019K4;total;2531;3194.0
0123;2020K1;total;2674;3316.0
0123;2020K2;total;3146;3902.0
0123;2020K3;total;2519;3124.0
0123;2020K4;total;2234;2771.0
0123;2021K1;total;2305;2803.0
0123;2021K2;total;2604;3167.0
0123;2021K3;total;2335;2840.0
0123;2021K4;total;2403;2923.0
0123;2022K1;total;2550;3024.0
0123;2022K2;total;2397;2843.0
0123;2022K3;total;2415;2864.0
0123;2022K4;total;2496;2960.0
0123;2023K1;total;2207;2569.0
0123;2023K2;total;2624;3055.0
0123;2023K3;total;2491;2900.0
0123;2023K4;total;2543;2961.0
0123;2024K1;total;2837;3245.0
0123;2024K2;total;3377;3863.0
0123;2024K3;total;2873;3286.0
0123;2024K4;total;3191;3650.0
0123;2025K1;total;3276;3658.0
0123;2025K2;total;3254;3633.0
0123;2025K3;total;2961;3306.0
0123;2025K4;total;4037;4507.0
0123;2026 prel.K1;total;2879;3193.0
0123;2026 prel.K2;total;2935;3255.0
0125;2014K1;total;356;1342.0
0125;2014K2;total;483;1821.0
0125;2015K1;total;379;1412.0
0125;2015K2;total;544;2027.0
0125;2015K3;total;538;2004.0
0125;2015K4;total;400;1490.0
0125;2016K1;total;446;1640.0
0125;2016K2;total;552;2030.0
0125;2016K3;total;533;1960.0
0125;2016K4;total;460;1691.0
0125;2017K1;total;488;1769.0
0125;2017K2;total;583;2114.0
0125;2017K3;total;544;1972.0
0125;2017K4;total;527;1911.0
0125;2018K1;total;443;1580.0
0125;2018K2;total;614;2190.0
0125;2018K3;total;577;2058.0
0125;2018K4;total;463;1652.0
0125;2019K1;total;358;1256.0
0125;2019K2;total;566;1986.0
0125;2019K3;total;488;1712.0
0125;2019K4;total;485;1702.0
0125;2020K1;total;425;1476.0
0125;2020K2;total;502;1744.0
0125;2020K3;total;599;2081.0
0125;2020K4;total;478;1661.0
0125;2021K1;total;439;1514.0
0125;2021K2;total;454;1566.0
0125;2021K3;total;574;1980.0
0125;2021K4;total;583;2011.0
0125;2022K1;total;437;1501.0
0125;2022K2;total;537;1845.0
0125;2022K3;total;502;1725.0
0125;2022K4;total;553;1900.0
0125;2023K1;total;393;1357.0
0125;2023K2;total;476;1643.0
0125;2023K3;total;585;2020.0
0125;2023K4;total;627;2165.0
0125;2024K1;total;491;1703.0
0125;2024K2;total;642;2226.0
0125;2024K3;total;691;2396.0
0125;2024K4;total;729;2528.0
0125;2025K1;total;585;2018.0
0125;2025K2;total;592;2042.0
0125;2025K3;total;620;2139.0
0125;2025K4;total;660;2277.0
0125;2026 prel.K1;total;457;1573.0
0125;2026 prel.K2;total;626;2154.0
0126;2014K1;total;3610;3492.0
0126;2014K2;total;3840;3715.0
0126;2015K1;total;3761;3591.0
0126;2015K2;total;4426;4225.0
0126;2015K3;total;4234;4042.0
0126;2015K4;total;3904;3727.0
0126;2016K1;total;3748;3522.0
0126;2016K2;total;4038;3794.0
0126;2016K3;total;3604;3386.0
0126;2016K4;total;3451;3243.0
0126;2017K1;total;3485;3204.0
0126;2017K2;total;3599;3309.0
0126;2017K3;total;3326;3058.0
0126;2017K4;total;3760;3457.0
0126;2018K1;total;3364;3034.0
0126;2018K2;total;3805;3432.0
0126;2018K3;total;3454;3116.0
0126;2018K4;total;3673;3313.0
0126;2019K1;total;3429;3054.0
0126;2019K2;total;3352;2985.0
0126;2019K3;total;3339;2974.0
0126;2019K4;total;3681;3278.0
0126;2020K1;total;3600;3185.0
0126;2020K2;total;3941;3486.0
0126;2020K3;total;3624;3206.0
0126;2020K4;total;3789;3352.0
0126;2021K1;total;3836;3377.0
0126;2021K2;total;3738;3291.0
0126;2021K3;total;3305;2910.0
0126;2021K4;total;3640;3204.0
0126;2022K1;total;3309;2897.0
0126;2022K2;total;3289;2879.0
0126;2022K3;total;2964;2595.0
0126;2022K4;total;3766;3297.0
0126;2023K1;total;3096;2711.0
0126;2023K2;total;3615;3165.0
0126;2023K3;total;3491;3057.0
0126;2023K4;total;3277;2869.0
0126;2024K1;total;3148;2760.0
0126;2024K2;total;3487;3058.0
0126;2024K3;total;3529;3094.0
0126;2024K4;total;3577;3136.0
0126;2025K1;total;3258;2846.0
0126;2025K2;total;3407;2976.0
0126;2025K3;total;3546;3097.0
0126;2025K4;total;3343;2920.0
0126;2026 prel.K1;total;3180;2773.0
0126;2026 prel.K2;total;3103;2706.0
0127;2014K1;total;3094;3506.0
0127;2014K2;total;3147;3566.0
0127;2015K1;total;3051;3422.0
0127;2015K2;total;3625;4066.0
0127;2015K3;total;3641;4084.0
0127;2015K4;total;3154;3537.0
0127;2016K1;total;3345;3715.0
0127;2016K2;total;3461;3843.0
0127;2016K3;total;3341;3710.0
0127;2016K4;total;3118;3463.0
0127;2017K1;total;3052;3343.0
0127;2017K2;total;3422;3748.0
0127;2017K3;total;3003;3289.0
0127;2017K4;total;3089;3383.0
0127;2018K1;total;3062;3310.0
0127;2018K2;total;3795;4102.0
0127;2018K3;total;2537;2742.0
0127;2018K4;total;3236;3498.0
0127;2019K1;total;2898;3088.0
0127;2019K2;total;3233;3445.0
0127;2019K3;total;2649;2822.0
0127;2019K4;total;2974;3169.0
0127;2020K1;total;3374;3562.0
0127;2020K2;total;3454;3646.0
0127;2020K3;total;3197;3375.0
0127;2020K4;total;3635;3837.0
0127;2021K1;total;3206;3372.0
0127;2021K2;total;3570;3755.0
0127;2021K3;total;2711;2851.0
0127;2021K4;total;3286;3456.0
0127;2022K1;total;3144;3297.0
0127;2022K2;total;2923;3066.0
0127;2022K3;total;3157;3311.0
0127;2022K4;total;3687;3867.0
0127;2023K1;total;2969;3109.0
0127;2023K2;total;3258;3412.0
0127;2023K3;total;3994;4183.0
0127;2023K4;total;3802;3982.0
0127;2024K1;total;3397;3551.0
0127;2024K2;total;3925;4103.0
0127;2024K3;total;3476;3633.0
0127;2024K4;total;3425;3580.0
0127;2025K1;total;3362;3490.0
0127;2025K2;total;3302;3428.0
0127;2025K3;total;2933;3045.0
0127;2025K4;total;3196;3318.0
0127;2026 prel.K1;total;3090;3194.0
0127;2026 prel.K2;total;2816;2911.0
0128;2014K1;total;379;2358.0
0128;2014K2;total;416;2589.0
0128;2015K1;total;415;2549.0
0128;2015K2;total;481;2954.0
0128;2015K3;total;508;3120.0
0128;2015K4;total;380;2334.0
0128;2016K1;total;484;2930.0
0128;2016K2;total;388;2349.0
0128;2016K3;total;315;1907.0
0128;2016K4;total;411;2488.0
0128;2017K1;total;333;2001.0
0128;2017K2;total;382;2296.0
0128;2017K3;total;384;2308.0
0128;2017K4;total;393;2362.0
0128;2018K1;total;414;2475.0
0128;2018K2;total;391;2338.0
0128;2018K3;total;304;1818.0
0128;2018K4;total;399;2386.0
0128;2019K1;total;375;2236.0
0128;2019K2;total;417;2487.0
0128;2019K3;total;414;2469.0
0128;2019K4;total;422;2517.0
0128;2020K1;total;327;1940.0
0128;2020K2;total;403;2391.0
0128;2020K3;total;410;2433.0
0128;2020K4;total;455;2700.0
0128;2021K1;total;417;2438.0
0128;2021K2;total;432;2526.0
0128;2021K3;total;363;2122.0
0128;2021K4;total;395;2309.0
0128;2022K1;total;366;2115.0
0128;2022K2;total;298;1722.0
0128;2022K3;total;397;2295.0
0128;2022K4;total;401;2318.0
0128;2023K1;total;317;1822.0
0128;2023K2;total;364;2092.0
0128;2023K3;total;417;2396.0
0128;2023K4;total;468;2689.0
0128;2024K1;total;358;2048.0
0128;2024K2;total;416;2380.0
0128;2024K3;total;440;2517.0
0128;2024K4;total;397;2271.0
0128;2025K1;total;344;1973.0
0128;2025K2;total;441;2529.0
0128;2025K3;total;441;2529.0
0128;2025K4;total;409;2345.0
0128;2026 prel.K1;total;367;2113.0
0128;2026 prel.K2;total;332;1911.0
0136;2014K1;total;2429;2974.0
0136;2014K2;total;2391;2928.0
0136;2015K1;total;2915;3506.0
0136;2015K2;total;3513;4226.0
0136;2015K3;total;3557;4279.0
0136;2015K4;total;2992;3599.0
0136;2016K1;total;2760;3256.0
0136;2016K2;total;3058;3607.0
0136;2016K3;total;3006;3546.0
0136;2016K4;total;2967;3500.0
0136;2017K1;total;3186;3668.0
0136;2017K2;total;3096;3564.0
0136;2017K3;total;2933;3377.0
0136;2017K4;total;2784;3205.0
0136;2018K1;total;2887;3243.0
0136;2018K2;total;3034;3408.0
0136;2018K3;total;2510;2820.0
0136;2018K4;total;2748;3087.0
0136;2019K1;total;2965;3257.0
0136;2019K2;total;3264;3585.0
0136;2019K3;total;2615;2872.0
0136;2019K4;total;3103;3408.0
0136;2020K1;total;3156;3397.0
0136;2020K2;total;3801;4092.0
0136;2020K3;total;3219;3465.0
0136;2020K4;total;3128;3367.0
0136;2021K1;total;2920;3084.0
0136;2021K2;total;3190;3369.0
0136;2021K3;total;2743;2897.0
0136;2021K4;total;2944;3110.0
0136;2022K1;total;3033;3137.0
0136;2022K2;total;2886;2985.0
0136;2022K3;total;2756;2851.0
0136;2022K4;total;3221;3332.0
0136;2023K1;total;2843;2880.0
0136;2023K2;total;3212;3254.0
0136;2023K3;total;3427;3472.0
0136;2023K4;total;3553;3599.0
0136;2024K1;total;3349;3340.0
0136;2024K2;total;3762;3752.0
0136;2024K3;total;3284;3276.0
0136;2024K4;total;3466;3457.0
0136;2025K1;total;3250;3213.0
0136;2025K2;total;3602;3561.0
0136;2025K3;total;3112;3077.0
0136;2025K4;total;3664;3622.0
0136;2026 prel.K1;total;2801;2762.0
0136;2026 prel.K2;total;2919;2878.0
0138;2014K1;total;971;2166.0
0138;2014K2;total;1052;2346.0
0138;2015K1;total;1008;2202.0
0138;2015K2;total;1215;2654.0
0138;2015K3;total;1494;3263.0
0138;2015K4;total;1357;2964.0
0138;2016K1;total;1500;3216.0
0138;2016K2;total;1340;2873.0
0138;2016K3;total;1475;3163.0
0138;2016K4;total;1443;3094.0
0138;2017K1;total;1300;2754.0
0138;2017K2;total;1571;3328.0
0138;2017K3;total;1225;2595.0
0138;2017K4;total;1217;2578.0
0138;2018K1;total;1032;2166.0
0138;2018K2;total;1130;2371.0
0138;2018K3;total;1064;2233.0
0138;2018K4;total;925;1941.0
0138;2019K1;total;834;1731.0
0138;2019K2;total;1263;2622.0
0138;2019K3;total;1162;2412.0
0138;2019K4;total;1349;2801.0
0138;2020K1;total;1423;2934.0
0138;2020K2;total;1603;3305.0
0138;2020K3;total;1258;2594.0
0138;2020K4;total;1193;2460.0
0138;2021K1;total;1343;2748.0
0138;2021K2;total;1249;2556.0
0138;2021K3;total;1068;2185.0
0138;2021K4;total;1302;2664.0
0138;2022K1;total;1168;2377.0
0138;2022K2;total;1046;2129.0
0138;2022K3;total;1175;2391.0
0138;2022K4;total;1219;2481.0
0138;2023K1;total;1002;2037.0
0138;2023K2;total;1235;2510.0
0138;2023K3;total;1184;2407.0
0138;2023K4;total;1175;2389.0
0138;2024K1;total;1166;2373.0
0138;2024K2;total;1337;2721.0
0138;2024K3;total;1312;2670.0
0138;2024K4;total;1302;2650.0
0138;2025K1;total;1079;2184.0
0138;2025K2;total;1092;2210.0
0138;2025K3;total;967;1957.0
0138;2025K4;total;1223;2475.0
0138;2026 prel.K1;total;949;1912.0
0138;2026 prel.K2;total;1083;2181.0
0139;2014K1;total;755;3021.0
0139;2014K2;total;677;2709.0
0139;2015K1;total;877;3434.0
0139;2015K2;total;995;3896.0
0139;2015K3;total;801;3137.0
0139;2015K4;total;1014;3971.0
0139;2016K1;total;827;3148.0
0139;2016K2;total;854;3251.0
0139;2016K3;total;808;3076.0
0139;2016K4;total;877;3338.0
0139;2017K1;total;1150;4230.0
0139;2017K2;total;1053;3874.0
0139;2017K3;total;807;2969.0
0139;2017K4;total;881;3241.0
0139;2018K1;total;932;3307.0
0139;2018K2;total;957;3395.0
0139;2018K3;total;774;2746.0
0139;2018K4;total;886;3144.0
0139;2019K1;total;906;3119.0
0139;2019K2;total;1133;3900.0
0139;2019K3;total;732;2520.0
0139;2019K4;total;816;2809.0
0139;2020K1;total;1057;3550.0
0139;2020K2;total;1467;4928.0
0139;2020K3;total;1072;3601.0
0139;2020K4;total;930;3124.0
0139;2021K1;total;880;2872.0
0139;2021K2;total;1051;3430.0
0139;2021K3;total;911;2973.0
0139;2021K4;total;977;3189.0
0139;2022K1;total;1095;3480.0
0139;2022K2;total;940;2987.0
0139;2022K3;total;815;2590.0
0139;2022K4;total;1040;3305.0
0139;2023K1;total;770;2395.0
0139;2023K2;total;929;2889.0
0139;2023K3;total;1187;3692.0
0139;2023K4;total;975;3032.0
0139;2024K1;total;977;2994.0
0139;2024K2;total;1115;3417.0
0139;2024K3;total;987;3025.0
0139;2024K4;total;1121;3435.0
0139;2025K1;total;1118;3378.0
0139;2025K2;total;929;2807.0
0139;2025K3;total;1001;3024.0
0139;2025K4;total;1225;3701.0
0139;2026 prel.K1;total;940;2820.0
0139;2026 prel.K2;total;856;2568.0
0140;2014K1;total;128;1324.0
0140;2014K2;total;214;2213.0
0140;2015K1;total;95;950.0
0140;2015K2;total;221;2209.0
0140;2015K3;total;210;2099.0
0140;2015K4;total;165;1649.0
0140;2016K1;total;203;1969.0
0140;2016K2;total;242;2348.0
0140;2016K3;total;227;2202.0
0140;2016K4;total;190;1843.0
0140;2017K1;total;168;1594.0
0140;2017K2;total;206;1954.0
0140;2017K3;total;176;1670.0
0140;2017K4;total;183;1736.0
0140;2018K1;total;161;1492.0
0140;2018K2;total;184;1705.0
0140;2018K3;total;181;1677.0
0140;2018K4;total;220;2039.0
0140;2019K1;total;220;2006.0
0140;2019K2;total;275;2507.0
0140;2019K3;total;220;2006.0
0140;2019K4;total;227;2070.0
0140;2020K1;total;307;2761.0
0140;2020K2;total;231;2078.0
0140;2020K3;total;287;2581.0
0140;2020K4;total;214;1925.0
0140;2021K1;total;197;1734.0
0140;2021K2;total;177;1558.0
0140;2021K3;total;235;2068.0
0140;2021K4;total;229;2016.0
0140;2022K1;total;207;1787.0
0140;2022K2;total;274;2366.0
0140;2022K3;total;165;1425.0
0140;2022K4;total;184;1589.0
0140;2023K1;total;163;1371.0
0140;2023K2;total;224;1885.0
0140;2023K3;total;164;1380.0
0140;2023K4;total;232;1952.0
0140;2024K1;total;175;1433.0
0140;2024K2;total;247;2022.0
0140;2024K3;total;297;2431.0
0140;2024K4;total;306;2505.0
0140;2025K1;total;266;2152.0
0140;2025K2;total;211;1707.0
0140;2025K3;total;275;2224.0
0140;2025K4;total;251;2030.0
0140;2026 prel.K1;total;206;1663.0
0140;2026 prel.K2;total;184;1486.0
0160;2014K1;total;1592;2383.0
0160;2014K2;total;1709;2558.0
0160;2015K1;total;1434;2115.0
0160;2015K2;total;2307;3402.0
0160;2015K3;total;2210;3259.0
0160;2015K4;total;1716;2531.0
0160;2016K1;total;1821;2646.0
0160;2016K2;total;1790;2600.0
0160;2016K3;total;1516;2202.0
0160;2016K4;total;1468;2133.0
0160;2017K1;total;1424;2037.0
0160;2017K2;total;1457;2085.0
0160;2017K3;total;1542;2206.0
0160;2017K4;total;1569;2245.0
0160;2018K1;total;1271;1793.0
0160;2018K2;total;1550;2186.0
0160;2018K3;total;1244;1755.0
0160;2018K4;total;1501;2117.0
0160;2019K1;total;1379;1925.0
0160;2019K2;total;1462;2041.0
0160;2019K3;total;1465;2045.0
0160;2019K4;total;1662;2320.0
0160;2020K1;total;1541;2131.0
0160;2020K2;total;1682;2326.0
0160;2020K3;total;1636;2262.0
0160;2020K4;total;1519;2101.0
0160;2021K1;total;1224;1669.0
0160;2021K2;total;1729;2357.0
0160;2021K3;total;1504;2050.0
0160;2021K4;total;2005;2733.0
0160;2022K1;total;1145;1536.0
0160;2022K2;total;1262;1693.0
0160;2022K3;total;1225;1643.0
0160;2022K4;total;1469;1971.0
0160;2023K1;total;1210;1593.0
0160;2023K2;total;1271;1674.0
0160;2023K3;total;1457;1919.0
0160;2023K4;total;1626;2141.0
0160;2024K1;total;1706;2209.0
0160;2024K2;total;1955;2531.0
0160;2024K3;total;1809;2342.0
0160;2024K4;total;1715;2220.0
0160;2025K1;total;1945;2489.0
0160;2025K2;total;1750;2240.0
0160;2025K3;total;1627;2082.0
0160;2025K4;total;2006;2568.0
0160;2026 prel.K1;total;1665;2121.0
0160;2026 prel.K2;total;1721;2192.0
0162;2014K1;total;800;2480.0
0162;2014K2;total;919;2849.0
0162;2015K1;total;954;2948.0
0162;2015K2;total;1046;3233.0
0162;2015K3;total;1206;3727.0
0162;2015K4;total;957;2958.0
0162;2016K1;total;1036;3184.0
0162;2016K2;total;968;2975.0
0162;2016K3;total;918;2821.0
0162;2016K4;total;1038;3190.0
0162;2017K1;total;833;2542.0
0162;2017K2;total;960;2929.0
0162;2017K3;total;900;2746.0
0162;2017K4;total;1224;3735.0
0162;2018K1;total;845;2558.0
0162;2018K2;total;1070;3239.0
0162;2018K3;total;782;2367.0
0162;2018K4;total;743;2249.0
0162;2019K1;total;741;2244.0
0162;2019K2;total;1073;3249.0
0162;2019K3;total;771;2335.0
0162;2019K4;total;749;2268.0
0162;2020K1;total;749;2285.0
0162;2020K2;total;931;2840.0
0162;2020K3;total;945;2882.0
0162;2020K4;total;940;2867.0
0162;2021K1;total;905;2763.0
0162;2021K2;total;1137;3471.0
0162;2021K3;total;892;2723.0
0162;2021K4;total;1144;3492.0
0162;2022K1;total;1030;3145.0
0162;2022K2;total;822;2510.0
0162;2022K3;total;960;2932.0
0162;2022K4;total;1324;4043.0
0162;2023K1;total;848;2605.0
0162;2023K2;total;981;3013.0
0162;2023K3;total;1523;4678.0
0162;2023K4;total;1183;3634.0
0162;2024K1;total;1107;3414.0
0162;2024K2;total;1255;3870.0
0162;2024K3;total;1040;3207.0
0162;2024K4;total;1095;3377.0
0162;2025K1;total;880;2711.0
0162;2025K2;total;843;2597.0
0162;2025K3;total;943;2905.0
0162;2025K4;total;877;2702.0
0162;2026 prel.K1;total;951;2926.0
0162;2026 prel.K2;total;856;2634.0
0163;2014K1;total;1859;2705.0
0163;2014K2;total;2264;3294.0
0163;2015K1;total;1853;2655.0
0163;2015K2;total;2303;3300.0
0163;2015K3;total;2182;3127.0
0163;2015K4;total;2061;2953.0
0163;2016K1;total;1997;2827.0
0163;2016K2;total;2206;3123.0
0163;2016K3;total;2166;3066.0
0163;2016K4;total;2280;3228.0
0163;2017K1;total;1947;2726.0
0163;2017K2;total;2387;3341.0
0163;2017K3;total;2291;3207.0
0163;2017K4;total;2037;2852.0
0163;2018K1;total;2218;3073.0
0163;2018K2;total;2355;3262.0
0163;2018K3;total;1900;2632.0
0163;2018K4;total;1876;2599.0
0163;2019K1;total;2175;2972.0
0163;2019K2;total;2020;2760.0
0163;2019K3;total;1883;2573.0
0163;2019K4;total;2076;2836.0
0163;2020K1;total;1949;2637.0
0163;2020K2;total;2344;3171.0
0163;2020K3;total;2390;3233.0
0163;2020K4;total;2146;2903.0
0163;2021K1;total;2185;2931.0
0163;2021K2;total;2293;3076.0
0163;2021K3;total;2037;2732.0
0163;2021K4;total;2067;2773.0
0163;2022K1;total;1893;2502.0
0163;2022K2;total;1930;2550.0
0163;2022K3;total;1889;2496.0
0163;2022K4;total;2304;3045.0
0163;2023K1;total;1922;2512.0
0163;2023K2;total;2256;2948.0
0163;2023K3;total;2382;3113.0
0163;2023K4;total;2554;3338.0
0163;2024K1;total;2313;2996.0
0163;2024K2;total;2860;3705.0
0163;2024K3;total;2562;3319.0
0163;2024K4;total;2442;3163.0
0163;2025K1;total;2222;2855.0
0163;2025K2;total;2317;2977.0
0163;2025K3;total;2167;2784.0
0163;2025K4;total;2223;2856.0
0163;2026 prel.K1;total;1957;2508.0
0163;2026 prel.K2;total;2042;2617.0
0180;2014K1;total;48139;5320.0
0180;2014K2;total;52320;5782.0
0180;2015K1;total;52271;5696.0
0180;2015K2;total;54943;5987.0
0180;2015K3;total;59530;6486.0
0180;2015K4;total;49256;5367.0
0180;2016K1;total;64484;6937.0
0180;2016K2;total;53737;5781.0
0180;2016K3;total;53211;5724.0
0180;2016K4;total;51863;5579.0
0180;2017K1;total;51677;5482.0
0180;2017K2;total;49904;5294.0
0180;2017K3;total;46609;4944.0
0180;2017K4;total;52169;5534.0
0180;2018K1;total;47767;4997.0
0180;2018K2;total;65244;6825.0
0180;2018K3;total;47789;4999.0
0180;2018K4;total;47621;4981.0
0180;2019K1;total;49733;5137.0
0180;2019K2;total;60491;6248.0
0180;2019K3;total;48774;5038.0
0180;2019K4;total;50496;5216.0
0180;2020K1;total;50101;5140.0
0180;2020K2;total;57752;5924.0
0180;2020K3;total;52905;5427.0
0180;2020K4;total;49434;5071.0
0180;2021K1;total;49090;5024.0
0180;2021K2;total;54986;5627.0
0180;2021K3;total;47693;4881.0
0180;2021K4;total;56441;5776.0
0180;2022K1;total;45868;4672.0
0180;2022K2;total;43563;4437.0
0180;2022K3;total;44702;4553.0
0180;2022K4;total;58302;5939.0
0180;2023K1;total;44995;4559.0
0180;2023K2;total;52889;5359.0
0180;2023K3;total;58294;5907.0
0180;2023K4;total;55030;5576.0
0180;2024K1;total;49596;4998.0
0180;2024K2;total;52828;5324.0
0180;2024K3;total;48800;4918.0
0180;2024K4;total;51387;5179.0
0180;2025K1;total;44319;4443.0
0180;2025K2;total;47635;4776.0
0180;2025K3;total;48956;4908.0
0180;2025K4;total;50180;5031.0
0180;2026 prel.K1;total;41163;4119.0
0180;2026 prel.K2;total;47915;4795.0
0181;2014K1;total;3527;3848.0
0181;2014K2;total;3606;3934.0
0181;2015K1;total;3814;4114.0
0181;2015K2;total;4689;5057.0
0181;2015K3;total;4589;4949.0
0181;2015K4;total;4131;4455.0
0181;2016K1;total;4649;4950.0
0181;2016K2;total;3615;3849.0
0181;2016K3;total;3629;3864.0
0181;2016K4;total;3607;3841.0
0181;2017K1;total;3658;3837.0
0181;2017K2;total;4052;4250.0
0181;2017K3;total;3792;3978.0
0181;2017K4;total;4042;4240.0
0181;2018K1;total;4036;4173.0
0181;2018K2;total;4217;4361.0
0181;2018K3;total;3227;3337.0
0181;2018K4;total;3876;4008.0
0181;2019K1;total;3691;3759.0
0181;2019K2;total;3876;3948.0
0181;2019K3;total;3018;3074.0
0181;2019K4;total;3539;3605.0
0181;2020K1;total;4351;4371.0
0181;2020K2;total;4911;4933.0
0181;2020K3;total;3988;4006.0
0181;2020K4;total;3629;3646.0
0181;2021K1;total;4431;4402.0
0181;2021K2;total;4157;4130.0
0181;2021K3;total;3232;3211.0
0181;2021K4;total;3751;3726.0
0181;2022K1;total;4053;3981.0
0181;2022K2;total;3605;3541.0
0181;2022K3;total;3256;3198.0
0181;2022K4;total;3988;3917.0
0181;2023K1;total;3284;3205.0
0181;2023K2;total;3418;3336.0
0181;2023K3;total;4198;4097.0
0181;2023K4;total;3706;3617.0
0181;2024K1;total;3803;3702.0
0181;2024K2;total;4372;4256.0
0181;2024K3;total;4398;4282.0
0181;2024K4;total;4374;4258.0
0181;2025K1;total;3796;3691.0
0181;2025K2;total;3461;3365.0
0181;2025K3;total;3553;3455.0
0181;2025K4;total;4088;3975.0
0181;2026 prel.K1;total;3571;3475.0
0181;2026 prel.K2;total;3692;3592.0
0182;2014K1;total;2898;3040.0
0182;2014K2;total;2344;2459.0
0182;2015K1;total;2399;2471.0
0182;2015K2;total;2265;2333.0
0182;2015K3;total;2357;2427.0
0182;2015K4;total;3285;3383.0
0182;2016K1;total;2809;2847.0
0182;2016K2;total;2610;2645.0
0182;2016K3;total;2369;2401.0
0182;2016K4;total;2462;2495.0
0182;2017K1;total;2446;2439.0
0182;2017K2;total;2297;2290.0
0182;2017K3;total;2172;2166.0
0182;2017K4;total;2693;2685.0
0182;2018K1;total;2095;2045.0
0182;2018K2;total;2286;2231.0
0182;2018K3;total;2346;2290.0
0182;2018K4;total;2575;2514.0
0182;2019K1;total;2352;2252.0
0182;2019K2;total;2800;2681.0
0182;2019K3;total;2589;2479.0
0182;2019K4;total;2725;2610.0
0182;2020K1;total;2391;2259.0
0182;2020K2;total;2994;2829.0
0182;2020K3;total;2867;2709.0
0182;2020K4;total;2702;2553.0
0182;2021K1;total;2882;2684.0
0182;2021K2;total;2601;2422.0
0182;2021K3;total;2215;2063.0
0182;2021K4;total;2543;2368.0
0182;2022K1;total;2042;1876.0
0182;2022K2;total;2680;2462.0
0182;2022K3;total;2009;1845.0
0182;2022K4;total;2401;2206.0
0182;2023K1;total;2154;1957.0
0182;2023K2;total;2355;2140.0
0182;2023K3;total;2301;2091.0
0182;2023K4;total;2192;1992.0
0182;2024K1;total;2340;2103.0
0182;2024K2;total;2423;2178.0
0182;2024K3;total;2384;2143.0
0182;2024K4;total;2434;2188.0
0182;2025K1;total;2296;2033.0
0182;2025K2;total;2979;2638.0
0182;2025K3;total;2997;2654.0
0182;2025K4;total;3003;2659.0
0182;2026 prel.K1;total;2321;2041.0
0182;2026 prel.K2;total;2718;2390.0
0183;2014K1;total;1789;4126.0
0183;2014K2;total;1878;4331.0
0183;2015K1;total;1867;4140.0
0183;2015K2;total;2464;5463.0
0183;2015K3;total;2312;5126.0
0183;2015K4;total;1886;4182.0
0183;2016K1;total;2145;4571.0
0183;2016K2;total;1953;4162.0
0183;2016K3;total;1830;3899.0
0183;2016K4;total;1577;3360.0
0183;2017K1;total;1700;3499.0
0183;2017K2;total;1955;4024.0
0183;2017K3;total;1737;3575.0
0183;2017K4;total;1832;3771.0
0183;2018K1;total;1751;3502.0
0183;2018K2;total;2907;5815.0
0183;2018K3;total;1638;3276.0
0183;2018K4;total;1786;3572.0
0183;2019K1;total;1930;3748.0
0183;2019K2;total;2082;4044.0
0183;2019K3;total;1588;3084.0
0183;2019K4;total;1814;3523.0
0183;2020K1;total;2005;3811.0
0183;2020K2;total;2211;4203.0
0183;2020K3;total;1945;3697.0
0183;2020K4;total;1876;3566.0
0183;2021K1;total;1901;3574.0
0183;2021K2;total;2261;4251.0
0183;2021K3;total;1466;2757.0
0183;2021K4;total;1588;2986.0
0183;2022K1;total;1553;2886.0
0183;2022K2;total;1600;2973.0
0183;2022K3;total;1539;2860.0
0183;2022K4;total;1647;3060.0
0183;2023K1;total;1621;2948.0
0183;2023K2;total;1708;3106.0
0183;2023K3;total;1894;3444.0
0183;2023K4;total;1816;3302.0
0183;2024K1;total;1834;3270.0
0183;2024K2;total;1967;3507.0
0183;2024K3;total;2109;3761.0
0183;2024K4;total;2276;4058.0
0183;2025K1;total;2106;3718.0
0183;2025K2;total;2007;3544.0
0183;2025K3;total;2001;3533.0
0183;2025K4;total;2024;3574.0
0183;2026 prel.K1;total;1608;2821.0
0183;2026 prel.K2;total;2001;3511.0
0184;2014K1;total;2588;3526.0
0184;2014K2;total;2708;3690.0
0184;2015K1;total;2992;3984.0
0184;2015K2;total;3224;4293.0
0184;2015K3;total;3194;4253.0
0184;2015K4;total;2893;3852.0
0184;2016K1;total;3526;4571.0
0184;2016K2;total;3344;4335.0
0184;2016K3;total;3215;4168.0
0184;2016K4;total;3148;4081.0
0184;2017K1;total;3078;3900.0
0184;2017K2;total;3213;4071.0
0184;2017K3;total;3008;3812.0
0184;2017K4;total;3214;4073.0
0184;2018K1;total;3098;3857.0
0184;2018K2;total;3919;4879.0
0184;2018K3;total;3026;3767.0
0184;2018K4;total;2962;3687.0
0184;2019K1;total;3179;3892.0
0184;2019K2;total;3619;4430.0
0184;2019K3;total;2941;3600.0
0184;2019K4;total;3215;3936.0
0184;2020K1;total;3168;3826.0
0184;2020K2;total;3612;4363.0
0184;2020K3;total;3294;3978.0
0184;2020K4;total;2704;3266.0
0184;2021K1;total;2559;3058.0
0184;2021K2;total;3105;3711.0
0184;2021K3;total;3125;3735.0
0184;2021K4;total;3210;3836.0
0184;2022K1;total;2847;3357.0
0184;2022K2;total;2836;3344.0
0184;2022K3;total;2575;3036.0
0184;2022K4;total;3269;3854.0
0184;2023K1;total;2904;3399.0
0184;2023K2;total;2963;3468.0
0184;2023K3;total;3417;3999.0
0184;2023K4;total;3239;3791.0
0184;2024K1;total;3277;3824.0
0184;2024K2;total;3748;4373.0
0184;2024K3;total;3365;3926.0
0184;2024K4;total;3420;3991.0
0184;2025K1;total;2981;3462.0
0184;2025K2;total;3056;3549.0
0184;2025K3;total;3201;3717.0
0184;2025K4;total;3173;3685.0
0184;2026 prel.K1;total;2641;3055.0
0184;2026 prel.K2;total;3131;3622.0
0186;2014K1;total;913;2014.0
0186;2014K2;total;793;1750.0
0186;2015K1;total;733;1598.0
0186;2015K2;total;806;1757.0
0186;2015K3;total;1058;2306.0
0186;2015K4;total;941;2051.0
0186;2016K1;total;928;1992.0
0186;2016K2;total;907;1947.0
0186;2016K3;total;881;1891.0
0186;2016K4;total;903;1939.0
0186;2017K1;total;927;1972.0
0186;2017K2;total;945;2010.0
0186;2017K3;total;824;1752.0
0186;2017K4;total;1135;2414.0
0186;2018K1;total;801;1686.0
0186;2018K2;total;936;1970.0
0186;2018K3;total;793;1669.0
0186;2018K4;total;699;1472.0
0186;2019K1;total;651;1357.0
0186;2019K2;total;1156;2410.0
0186;2019K3;total;810;1689.0
0186;2019K4;total;1013;2112.0
0186;2020K1;total;831;1729.0
0186;2020K2;total;810;1685.0
0186;2020K3;total;912;1897.0
0186;2020K4;total;846;1760.0
0186;2021K1;total;1289;2681.0
0186;2021K2;total;1089;2265.0
0186;2021K3;total;880;1830.0
0186;2021K4;total;864;1797.0
0186;2022K1;total;907;1878.0
0186;2022K2;total;840;1739.0
0186;2022K3;total;794;1644.0
0186;2022K4;total;986;2042.0
0186;2023K1;total;672;1389.0
0186;2023K2;total;834;1724.0
0186;2023K3;total;987;2040.0
0186;2023K4;total;937;1937.0
0186;2024K1;total;1083;2241.0
0186;2024K2;total;1012;2094.0
0186;2024K3;total;1163;2406.0
0186;2024K4;total;1186;2454.0
0186;2025K1;total;1146;2369.0
0186;2025K2;total;893;1846.0
0186;2025K3;total;1067;2206.0
0186;2025K4;total;1082;2237.0
0186;2026 prel.K1;total;976;2018.0
0186;2026 prel.K2;total;945;1954.0
0187;2014K1;total;148;1315.0
0187;2014K2;total;198;1759.0
0187;2015K1;total;172;1515.0
0187;2015K2;total;236;2078.0
0187;2015K3;total;235;2070.0
0187;2015K4;total;175;1541.0
0187;2016K1;total;175;1522.0
0187;2016K2;total;171;1487.0
0187;2016K3;total;204;1774.0
0187;2016K4;total;114;991.0
0187;2017K1;total;97;827.0
0187;2017K2;total;214;1825.0
0187;2017K3;total;161;1373.0
0187;2017K4;total;129;1100.0
0187;2018K1;total;133;1115.0
0187;2018K2;total;181;1518.0
0187;2018K3;total;186;1559.0
0187;2018K4;total;111;931.0
0187;2019K1;total;144;1199.0
0187;2019K2;total;170;1415.0
0187;2019K3;total;165;1374.0
0187;2019K4;total;160;1332.0
0187;2020K1;total;121;1013.0
0187;2020K2;total;144;1206.0
0187;2020K3;total;279;2336.0
0187;2020K4;total;177;1482.0
0187;2021K1;total;87;729.0
0187;2021K2;total;148;1239.0
0187;2021K3;total;154;1290.0
0187;2021K4;total;164;1373.0
0187;2022K1;total;108;904.0
0187;2022K2;total;132;1105.0
0187;2022K3;total;122;1021.0
0187;2022K4;total;118;988.0
0187;2023K1;total;93;784.0
0187;2023K2;total;139;1172.0
0187;2023K3;total;153;1290.0
0187;2023K4;total;137;1155.0
0187;2024K1;total;154;1304.0
0187;2024K2;total;224;1897.0
0187;2024K3;total;176;1491.0
0187;2024K4;total;129;1093.0
0187;2025K1;total;155;1322.0
0187;2025K2;total;165;1407.0
0187;2025K3;total;198;1688.0
0187;2025K4;total;145;1236.0
0187;2026 prel.K1;total;201;1727.0
0187;2026 prel.K2;total;160;1375.0
0188;2014K1;total;1592;2783.0
0188;2014K2;total;1781;3113.0
0188;2015K1;total;1500;2581.0
0188;2015K2;total;1632;2808.0
0188;2015K3;total;1988;3421.0
0188;2015K4;total;1643;2827.0
0188;2016K1;total;1402;2374.0
0188;2016K2;total;1626;2754.0
0188;2016K3;total;1683;2850.0
0188;2016K4;total;1555;2634.0
0188;2017K1;total;1584;2635.0
0188;2017K2;total;1877;3122.0
0188;2017K3;total;1927;3206.0
0188;2017K4;total;1972;3280.0
0188;2018K1;total;1508;2460.0
0188;2018K2;total;1829;2984.0
0188;2018K3;total;1673;2730.0
0188;2018K4;total;1720;2806.0
0188;2019K1;total;1613;2593.0
0188;2019K2;total;1783;2867.0
0188;2019K3;total;1963;3156.0
0188;2019K4;total;2072;3331.0
0188;2020K1;total;1950;3088.0
0188;2020K2;total;1980;3136.0
0188;2020K3;total;1916;3034.0
0188;2020K4;total;1886;2987.0
0188;2021K1;total;1607;2502.0
0188;2021K2;total;1737;2705.0
0188;2021K3;total;1858;2893.0
0188;2021K4;total;1811;2820.0
0188;2022K1;total;1749;2684.0
0188;2022K2;total;1860;2854.0
0188;2022K3;total;2174;3336.0
0188;2022K4;total;1896;2909.0
0188;2023K1;total;1712;2607.0
0188;2023K2;total;2027;3086.0
0188;2023K3;total;2123;3232.0
0188;2023K4;total;1957;2980.0
0188;2024K1;total;1779;2692.0
0188;2024K2;total;2010;3041.0
0188;2024K3;total;2354;3562.0
0188;2024K4;total;2171;3285.0
0188;2025K1;total;1978;2965.0
0188;2025K2;total;2106;3157.0
0188;2025K3;total;2327;3488.0
0188;2025K4;total;2121;3180.0
0188;2026 prel.K1;total;1830;2738.0
0188;2026 prel.K2;total;1934;2894.0
0191;2014K1;total;1617;3698.0
0191;2014K2;total;1791;4096.0
0191;2015K1;total;2011;4526.0
0191;2015K2;total;1942;4370.0
0191;2015K3;total;2011;4526.0
0191;2015K4;total;1812;4078.0
0191;2016K1;total;1831;4022.0
0191;2016K2;total;1870;4107.0
0191;2016K3;total;1896;4164.0
0191;2016K4;total;1837;4035.0
0191;2017K1;total;2517;5389.0
0191;2017K2;total;2115;4528.0
0191;2017K3;total;2136;4573.0
0191;2017K4;total;1852;3965.0
0191;2018K1;total;1565;3285.0
0191;2018K2;total;1939;4070.0
0191;2018K3;total;1481;3109.0
0191;2018K4;total;1799;3776.0
0191;2019K1;total;1666;3432.0
0191;2019K2;total;1892;3897.0
0191;2019K3;total;1646;3391.0
0191;2019K4;total;1845;3800.0
0191;2020K1;total;1903;3864.0
0191;2020K2;total;1709;3470.0
0191;2020K3;total;1698;3448.0
0191;2020K4;total;1681;3413.0
0191;2021K1;total;1796;3599.0
0191;2021K2;total;1656;3318.0
0191;2021K3;total;1512;3030.0
0191;2021K4;total;1956;3919.0
0191;2022K1;total;1835;3593.0
0191;2022K2;total;1912;3744.0
0191;2022K3;total;1716;3360.0
0191;2022K4;total;2075;4063.0
0191;2023K1;total;1743;3339.0
0191;2023K2;total;1877;3596.0
0191;2023K3;total;2345;4492.0
0191;2023K4;total;3005;5756.0
0191;2024K1;total;6056;11513.0
0191;2024K2;total;5302;10079.0
0191;2024K3;total;3187;6059.0
0191;2024K4;total;2831;5382.0
0191;2025K1;total;2477;4668.0
0191;2025K2;total;2294;4323.0
0191;2025K3;total;2381;4487.0
0191;2025K4;total;2503;4717.0
0191;2026 prel.K1;total;2090;3916.0
0191;2026 prel.K2;total;2602;4876.0
0192;2014K1;total;869;3228.0
0192;2014K2;total;805;2991.0
0192;2015K1;total;762;2794.0
0192;2015K2;total;1073;3935.0
0192;2015K3;total;1014;3718.0
0192;2015K4;total;787;2886.0
0192;2016K1;total;798;2889.0
0192;2016K2;total;856;3099.0
0192;2016K3;total;821;2972.0
0192;2016K4;total;775;2805.0
0192;2017K1;total;840;3007.0
0192;2017K2;total;762;2728.0
0192;2017K3;total;723;2589.0
0192;2017K4;total;836;2993.0
0192;2018K1;total;705;2500.0
0192;2018K2;total;885;3138.0
0192;2018K3;total;726;2575.0
0192;2018K4;total;779;2762.0
0192;2019K1;total;860;3025.0
0192;2019K2;total;891;3134.0
0192;2019K3;total;822;2891.0
0192;2019K4;total;936;3292.0
0192;2020K1;total;1052;3666.0
0192;2020K2;total;1157;4032.0
0192;2020K3;total;1093;3809.0
0192;2020K4;total;1235;4304.0
0192;2021K1;total;1210;4151.0
0192;2021K2;total;1151;3948.0
0192;2021K3;total;872;2991.0
0192;2021K4;total;953;3269.0
0192;2022K1;total;964;3238.0
0192;2022K2;total;957;3215.0
0192;2022K3;total;955;3208.0
0192;2022K4;total;1104;3709.0
0192;2023K1;total;928;3075.0
0192;2023K2;total;1130;3745.0
0192;2023K3;total;1340;4440.0
0192;2023K4;total;1380;4573.0
0192;2024K1;total;1102;3622.0
0192;2024K2;total;1256;4128.0
0192;2024K3;total;1160;3812.0
0192;2024K4;total;1256;4128.0
0192;2025K1;total;1064;3478.0
0192;2025K2;total;1148;3752.0
0192;2025K3;total;1115;3644.0
0192;2025K4;total;1203;3932.0
0192;2026 prel.K1;total;992;3241.0
0192;2026 prel.K2;total;1350;4410.0
0305;2014K1;total;492;2460.0
0305;2014K2;total;549;2745.0
0305;2015K1;total;545;2704.0
0305;2015K2;total;572;2838.0
0305;2015K3;total;599;2972.0
0305;2015K4;total;558;2768.0
0305;2016K1;total;411;2004.0
0305;2016K2;total;571;2784.0
0305;2016K3;total;570;2779.0
0305;2016K4;total;470;2292.0
0305;2017K1;total;556;2659.0
0305;2017K2;total;547;2616.0
0305;2017K3;total;500;2391.0
0305;2017K4;total;606;2898.0
0305;2018K1;total;460;2157.0
0305;2018K2;total;733;3438.0
0305;2018K3;total;583;2734.0
0305;2018K4;total;570;2673.0
0305;2019K1;total;462;2124.0
0305;2019K2;total;536;2464.0
0305;2019K3;total;744;3421.0
0305;2019K4;total;728;3347.0
0305;2020K1;total;630;2867.0
0305;2020K2;total;556;2530.0
0305;2020K3;total;539;2453.0
0305;2020K4;total;564;2566.0
0305;2021K1;total;483;2177.0
0305;2021K2;total;516;2326.0
0305;2021K3;total;526;2371.0
0305;2021K4;total;518;2335.0
0305;2022K1;total;481;2133.0
0305;2022K2;total;537;2381.0
0305;2022K3;total;538;2385.0
0305;2022K4;total;573;2541.0
0305;2023K1;total;511;2234.0
0305;2023K2;total;595;2602.0
0305;2023K3;total;551;2409.0
0305;2023K4;total;544;2379.0
0305;2024K1;total;552;2404.0
0305;2024K2;total;650;2831.0
0305;2024K3;total;626;2726.0
0305;2024K4;total;573;2496.0
0305;2025K1;total;530;2293.0
0305;2025K2;total;695;3007.0
0305;2025K3;total;623;2696.0
0305;2025K4;total;612;2648.0
0305;2026 prel.K1;total;549;2361.0
0305;2026 prel.K2;total;541;2327.0
0319;2014K1;total;172;1880.0
0319;2014K2;total;189;2065.0
0319;2015K1;total;234;2535.0
0319;2015K2;total;203;2199.0
0319;2015K3;total;206;2232.0
0319;2015K4;total;172;1863.0
0319;2016K1;total;196;2092.0
0319;2016K2;total;168;1793.0
0319;2016K3;total;212;2263.0
0319;2016K4;total;182;1943.0
0319;2017K1;total;204;2165.0
0319;2017K2;total;183;1942.0
0319;2017K3;total;188;1995.0
0319;2017K4;total;139;1475.0
0319;2018K1;total;127;1351.0
0319;2018K2;total;250;2660.0
0319;2018K3;total;213;2267.0
0319;2018K4;total;178;1894.0
0319;2019K1;total;208;2207.0
0319;2019K2;total;298;3162.0
0319;2019K3;total;253;2684.0
0319;2019K4;total;203;2154.0
0319;2020K1;total;222;2341.0
0319;2020K2;total;167;1761.0
0319;2020K3;total;230;2425.0
0319;2020K4;total;213;2246.0
0319;2021K1;total;178;1860.0
0319;2021K2;total;292;3052.0
0319;2021K3;total;242;2529.0
0319;2021K4;total;191;1996.0
0319;2022K1;total;210;2182.0
0319;2022K2;total;242;2514.0
0319;2022K3;total;196;2036.0
0319;2022K4;total;209;2171.0
0319;2023K1;total;234;2438.0
0319;2023K2;total;326;3396.0
0319;2023K3;total;297;3094.0
0319;2023K4;total;308;3209.0
0319;2024K1;total;210;2197.0
0319;2024K2;total;288;3013.0
0319;2024K3;total;208;2176.0
0319;2024K4;total;273;2856.0
0319;2025K1;total;326;3409.0
0319;2025K2;total;337;3524.0
0319;2025K3;total;351;3671.0
0319;2025K4;total;281;2939.0
0319;2026 prel.K1;total;304;3176.0
0319;2026 prel.K2;total;236;2465.0
0330;2014K1;total;198;1250.0
0330;2014K2;total;229;1445.0
0330;2015K1;total;258;1565.0
0330;2015K2;total;210;1274.0
0330;2015K3;total;283;1717.0
0330;2015K4;total;285;1729.0
0330;2016K1;total;327;1913.0
0330;2016K2;total;363;2123.0
0330;2016K3;total;384;2246.0
0330;2016K4;total;346;2024.0
0330;2017K1;total;302;1707.0
0330;2017K2;total;371;2097.0
0330;2017K3;total;292;1650.0
0330;2017K4;total;274;1549.0
0330;2018K1;total;322;1751.0
0330;2018K2;total;295;1604.0
0330;2018K3;total;270;1468.0
0330;2018K4;total;260;1414.0
0330;2019K1;total;257;1369.0
0330;2019K2;total;260;1385.0
0330;2019K3;total;283;1507.0
0330;2019K4;total;330;1757.0
0330;2020K1;total;318;1676.0
0330;2020K2;total;302;1592.0
0330;2020K3;total;313;1650.0
0330;2020K4;total;329;1734.0
0330;2021K1;total;353;1814.0
0330;2021K2;total;404;2076.0
0330;2021K3;total;297;1526.0
0330;2021K4;total;349;1793.0
0330;2022K1;total;304;1522.0
0330;2022K2;total;318;1592.0
0330;2022K3;total;312;1562.0
0330;2022K4;total;402;2012.0
0330;2023K1;total;371;1817.0
0330;2023K2;total;361;1768.0
0330;2023K3;total;411;2012.0
0330;2023K4;total;395;1934.0
0330;2024K1;total;369;1766.0
0330;2024K2;total;458;2192.0
0330;2024K3;total;434;2077.0
0330;2024K4;total;417;1996.0
0330;2025K1;total;395;1840.0
0330;2025K2;total;517;2409.0
0330;2025K3;total;469;2185.0
0330;2025K4;total;557;2595.0
0330;2026 prel.K1;total;426;1960.0
0330;2026 prel.K2;total;540;2485.0
0331;2014K1;total;259;1923.0
0331;2014K2;total;293;2175.0
0331;2015K1;total;251;1853.0
0331;2015K2;total;269;1986.0
0331;2015K3;total;255;1883.0
0331;2015K4;total;330;2437.0
0331;2016K1;total;199;1455.0
0331;2016K2;total;245;1792.0
0331;2016K3;total;301;2201.0
0331;2016K4;total;335;2450.0
0331;2017K1;total;268;1941.0
0331;2017K2;total;311;2253.0
0331;2017K3;total;254;1840.0
0331;2017K4;total;332;2405.0
0331;2018K1;total;248;1786.0
0331;2018K2;total;325;2341.0
0331;2018K3;total;329;2370.0
0331;2018K4;total;380;2737.0
0331;2019K1;total;271;1939.0
0331;2019K2;total;262;1874.0
0331;2019K3;total;252;1803.0
0331;2019K4;total;280;2003.0
0331;2020K1;total;314;2231.0
0331;2020K2;total;309;2196.0
0331;2020K3;total;254;1805.0
0331;2020K4;total;234;1663.0
0331;2021K1;total;235;1655.0
0331;2021K2;total;257;1810.0
0331;2021K3;total;307;2162.0
0331;2021K4;total;238;1676.0
0331;2022K1;total;231;1608.0
0331;2022K2;total;291;2026.0
0331;2022K3;total;263;1831.0
0331;2022K4;total;220;1532.0
0331;2023K1;total;268;1863.0
0331;2023K2;total;303;2107.0
0331;2023K3;total;273;1898.0
0331;2023K4;total;316;2197.0
0331;2024K1;total;257;1791.0
0331;2024K2;total;293;2042.0
0331;2024K3;total;378;2635.0
0331;2024K4;total;356;2481.0
0331;2025K1;total;220;1537.0
0331;2025K2;total;367;2565.0
0331;2025K3;total;447;3124.0
0331;2025K4;total;325;2271.0
0331;2026 prel.K1;total;243;1702.0
0331;2026 prel.K2;total;285;1996.0
0360;2014K1;total;412;2040.0
0360;2014K2;total;398;1971.0
0360;2015K1;total;456;2236.0
0360;2015K2;total;442;2167.0
0360;2015K3;total;494;2422.0
0360;2015K4;total;427;2094.0
0360;2016K1;total;490;2373.0
0360;2016K2;total;525;2543.0
0360;2016K3;total;447;2165.0
0360;2016K4;total;439;2126.0
0360;2017K1;total;419;2011.0
0360;2017K2;total;418;2006.0
0360;2017K3;total;460;2208.0
0360;2017K4;total;395;1896.0
0360;2018K1;total;455;2164.0
0360;2018K2;total;545;2592.0
0360;2018K3;total;556;2644.0
0360;2018K4;total;538;2558.0
0360;2019K1;total;431;2040.0
0360;2019K2;total;595;2816.0
0360;2019K3;total;553;2617.0
0360;2019K4;total;387;1831.0
0360;2020K1;total;500;2355.0
0360;2020K2;total;471;2218.0
0360;2020K3;total;628;2958.0
0360;2020K4;total;481;2266.0
0360;2021K1;total;659;3079.0
0360;2021K2;total;436;2037.0
0360;2021K3;total;503;2350.0
0360;2021K4;total;345;1612.0
0360;2022K1;total;404;1884.0
0360;2022K2;total;471;2196.0
0360;2022K3;total;428;1996.0
0360;2022K4;total;475;2215.0
0360;2023K1;total;518;2432.0
0360;2023K2;total;723;3394.0
0360;2023K3;total;589;2765.0
0360;2023K4;total;630;2958.0
0360;2024K1;total;515;2434.0
0360;2024K2;total;520;2458.0
0360;2024K3;total;536;2534.0
0360;2024K4;total;502;2373.0
0360;2025K1;total;641;3043.0
0360;2025K2;total;477;2264.0
0360;2025K3;total;553;2625.0
0360;2025K4;total;555;2635.0
0360;2026 prel.K1;total;412;1959.0
0360;2026 prel.K2;total;475;2259.0
0380;2014K1;total;5687;2757.0
0380;2014K2;total;6569;3184.0
0380;2015K1;total;5452;2612.0
0380;2015K2;total;5729;2745.0
0380;2015K3;total;5701;2731.0
0380;2015K4;total;5447;2609.0
0380;2016K1;total;5161;2431.0
0380;2016K2;total;6086;2866.0
0380;2016K3;total;5764;2714.0
0380;2016K4;total;5965;2809.0
0380;2017K1;total;6085;2801.0
0380;2017K2;total;6053;2786.0
0380;2017K3;total;5957;2742.0
0380;2017K4;total;6039;2780.0
0380;2018K1;total;5949;2673.0
0380;2018K2;total;5858;2632.0
0380;2018K3;total;5432;2441.0
0380;2018K4;total;5970;2683.0
0380;2019K1;total;5929;2601.0
0380;2019K2;total;7076;3104.0
0380;2019K3;total;6433;2822.0
0380;2019K4;total;5905;2590.0
0380;2020K1;total;6214;2675.0
0380;2020K2;total;6427;2767.0
0380;2020K3;total;6276;2702.0
0380;2020K4;total;5869;2526.0
0380;2021K1;total;5693;2415.0
0380;2021K2;total;6245;2649.0
0380;2021K3;total;6329;2685.0
0380;2021K4;total;6293;2670.0
0380;2022K1;total;5518;2300.0
0380;2022K2;total;6457;2692.0
0380;2022K3;total;6192;2581.0
0380;2022K4;total;5965;2487.0
0380;2023K1;total;5920;2429.0
0380;2023K2;total;6986;2866.0
0380;2023K3;total;6840;2806.0
0380;2023K4;total;6680;2741.0
0380;2024K1;total;6493;2633.0
0380;2024K2;total;7122;2888.0
0380;2024K3;total;7268;2947.0
0380;2024K4;total;6618;2683.0
0380;2025K1;total;7019;2820.0
0380;2025K2;total;7359;2957.0
0380;2025K3;total;7082;2846.0
0380;2025K4;total;6258;2515.0
0380;2026 prel.K1;total;5996;2401.0
0380;2026 prel.K2;total;6496;2601.0
0381;2014K1;total;1201;2936.0
0381;2014K2;total;1371;3351.0
0381;2015K1;total;1302;3135.0
0381;2015K2;total;1469;3537.0
0381;2015K3;total;1535;3696.0
0381;2015K4;total;1222;2943.0
0381;2016K1;total;1118;2634.0
0381;2016K2;total;1359;3202.0
0381;2016K3;total;1170;2757.0
0381;2016K4;total;1200;2827.0
0381;2017K1;total;1251;2883.0
0381;2017K2;total;1263;2911.0
0381;2017K3;total;1410;3249.0
0381;2017K4;total;1361;3136.0
0381;2018K1;total;1370;3106.0
0381;2018K2;total;1479;3353.0
0381;2018K3;total;1254;2843.0
0381;2018K4;total;1164;2639.0
0381;2019K1;total;1252;2791.0
0381;2019K2;total;1336;2978.0
0381;2019K3;total;1265;2820.0
0381;2019K4;total;1222;2724.0
0381;2020K1;total;1200;2622.0
0381;2020K2;total;1388;3033.0
0381;2020K3;total;1314;2871.0
0381;2020K4;total;1269;2773.0
0381;2021K1;total;1369;2921.0
0381;2021K2;total;1319;2814.0
0381;2021K3;total;1328;2834.0
0381;2021K4;total;1255;2678.0
0381;2022K1;total;1274;2673.0
0381;2022K2;total;1384;2903.0
0381;2022K3;total;1247;2616.0
0381;2022K4;total;1337;2805.0
0381;2023K1;total;1306;2717.0
0381;2023K2;total;1373;2856.0
0381;2023K3;total;1462;3041.0
0381;2023K4;total;1469;3056.0
0381;2024K1;total;1341;2769.0
0381;2024K2;total;1613;3331.0
0381;2024K3;total;1310;2705.0
0381;2024K4;total;1518;3135.0
0381;2025K1;total;1294;2657.0
0381;2025K2;total;1486;3051.0
0381;2025K3;total;1450;2978.0
0381;2025K4;total;1477;3033.0
0381;2026 prel.K1;total;1407;2883.0
0381;2026 prel.K2;total;1508;3090.0
0382;2014K1;total;258;1208.0
0382;2014K2;total;396;1854.0
0382;2015K1;total;217;1011.0
0382;2015K2;total;376;1751.0
0382;2015K3;total;429;1998.0
0382;2015K4;total;318;1481.0
0382;2016K1;total;285;1314.0
0382;2016K2;total;398;1835.0
0382;2016K3;total;411;1895.0
0382;2016K4;total;359;1655.0
0382;2017K1;total;349;1595.0
0382;2017K2;total;441;2016.0
0382;2017K3;total;498;2277.0
0382;2017K4;total;323;1477.0
0382;2018K1;total;362;1646.0
0382;2018K2;total;405;1842.0
0382;2018K3;total;439;1997.0
0382;2018K4;total;477;2169.0
0382;2019K1;total;385;1738.0
0382;2019K2;total;435;1964.0
0382;2019K3;total;545;2461.0
0382;2019K4;total;405;1829.0
0382;2020K1;total;447;2009.0
0382;2020K2;total;471;2117.0
0382;2020K3;total;446;2004.0
0382;2020K4;total;339;1524.0
0382;2021K1;total;254;1139.0
0382;2021K2;total;360;1614.0
0382;2021K3;total;450;2017.0
0382;2021K4;total;465;2085.0
0382;2022K1;total;340;1521.0
0382;2022K2;total;440;1968.0
0382;2022K3;total;446;1995.0
0382;2022K4;total;373;1669.0
0382;2023K1;total;387;1739.0
0382;2023K2;total;455;2044.0
0382;2023K3;total;527;2368.0
0382;2023K4;total;440;1977.0
0382;2024K1;total;301;1358.0
0382;2024K2;total;438;1976.0
0382;2024K3;total;483;2179.0
0382;2024K4;total;444;2003.0
0382;2025K1;total;354;1598.0
0382;2025K2;total;363;1638.0
0382;2025K3;total;419;1891.0
0382;2025K4;total;339;1530.0
0382;2026 prel.K1;total;343;1546.0
0382;2026 prel.K2;total;446;2011.0
0428;2014K1;total;188;2118.0
0428;2014K2;total;219;2467.0
0428;2015K1;total;211;2361.0
0428;2015K2;total;260;2910.0
0428;2015K3;total;243;2719.0
0428;2015K4;total;238;2663.0
0428;2016K1;total;185;2050.0
0428;2016K2;total;332;3678.0
0428;2016K3;total;212;2349.0
0428;2016K4;total;239;2648.0
0428;2017K1;total;224;2451.0
0428;2017K2;total;212;2320.0
0428;2017K3;total;242;2648.0
0428;2017K4;total;209;2287.0
0428;2018K1;total;232;2533.0
0428;2018K2;total;210;2293.0
0428;2018K3;total;240;2621.0
0428;2018K4;total;173;1889.0
0428;2019K1;total;216;2368.0
0428;2019K2;total;193;2115.0
0428;2019K3;total;191;2093.0
0428;2019K4;total;192;2104.0
0428;2020K1;total;196;2147.0
0428;2020K2;total;248;2717.0
0428;2020K3;total;245;2684.0
0428;2020K4;total;283;3101.0
0428;2021K1;total;161;1769.0
0428;2021K2;total;198;2175.0
0428;2021K3;total;135;1483.0
0428;2021K4;total;191;2098.0
0428;2022K1;total;166;1840.0
0428;2022K2;total;269;2982.0
0428;2022K3;total;257;2849.0
0428;2022K4;total;214;2372.0
0428;2023K1;total;227;2545.0
0428;2023K2;total;349;3913.0
0428;2023K3;total;285;3196.0
0428;2023K4;total;266;2983.0
0428;2024K1;total;269;3058.0
0428;2024K2;total;347;3945.0
0428;2024K3;total;229;2603.0
0428;2024K4;total;300;3410.0
0428;2025K1;total;210;2412.0
0428;2025K2;total;257;2951.0
0428;2025K3;total;266;3055.0
0428;2025K4;total;251;2882.0
0428;2026 prel.K1;total;170;1962.0
0428;2026 prel.K2;total;146;1685.0
0461;2014K1;total;161;1539.0
0461;2014K2;total;226;2160.0
0461;2015K1;total;199;1881.0
0461;2015K2;total;264;2495.0
0461;2015K3;total;261;2467.0
0461;2015K4;total;227;2145.0
0461;2016K1;total;174;1618.0
0461;2016K2;total;221;2055.0
0461;2016K3;total;238;2213.0
0461;2016K4;total;219;2036.0
0461;2017K1;total;191;1746.0
0461;2017K2;total;219;2002.0
0461;2017K3;total;170;1554.0
0461;2017K4;total;242;2212.0
0461;2018K1;total;293;2633.0
0461;2018K2;total;247;2220.0
0461;2018K3;total;178;1600.0
0461;2018K4;total;208;1869.0
0461;2019K1;total;150;1327.0
0461;2019K2;total;237;2097.0
0461;2019K3;total;236;2088.0
0461;2019K4;total;215;1902.0
0461;2020K1;total;362;3177.0
0461;2020K2;total;257;2256.0
0461;2020K3;total;219;1922.0
0461;2020K4;total;256;2247.0
0461;2021K1;total;206;1796.0
0461;2021K2;total;243;2119.0
0461;2021K3;total;273;2381.0
0461;2021K4;total;225;1962.0
0461;2022K1;total;293;2534.0
0461;2022K2;total;248;2145.0
0461;2022K3;total;266;2301.0
0461;2022K4;total;291;2517.0
0461;2023K1;total;318;2749.0
0461;2023K2;total;298;2577.0
0461;2023K3;total;276;2386.0
0461;2023K4;total;226;1954.0
0461;2024K1;total;268;2334.0
0461;2024K2;total;239;2081.0
0461;2024K3;total;290;2525.0
0461;2024K4;total;311;2708.0
0461;2025K1;total;265;2324.0
0461;2025K2;total;299;2623.0
0461;2025K3;total;245;2149.0
0461;2025K4;total;236;2070.0
0461;2026 prel.K1;total;350;3086.0
0461;2026 prel.K2;total;266;2345.0
0480;2014K1;total;1699;3189.0
0480;2014K2;total;2009;3771.0
0480;2015K1;total;1933;3587.0
0480;2015K2;total;1937;3595.0
0480;2015K3;total;1898;3522.0
0480;2015K4;total;1910;3545.0
0480;2016K1;total;1677;3072.0
0480;2016K2;total;2060;3773.0
0480;2016K3;total;2110;3865.0
0480;2016K4;total;1947;3566.0
0480;2017K1;total;1566;2837.0
0480;2017K2;total;2012;3645.0
0480;2017K3;total;1834;3323.0
0480;2017K4;total;1747;3165.0
0480;2018K1;total;1462;2623.0
0480;2018K2;total;1790;3211.0
0480;2018K3;total;1771;3177.0
0480;2018K4;total;1857;3332.0
0480;2019K1;total;1511;2684.0
0480;2019K2;total;1702;3023.0
0480;2019K3;total;2005;3561.0
0480;2019K4;total;1793;3185.0
0480;2020K1;total;1636;2879.0
0480;2020K2;total;1768;3111.0
0480;2020K3;total;2001;3521.0
0480;2020K4;total;1667;2933.0
0480;2021K1;total;1647;2872.0
0480;2021K2;total;1859;3241.0
0480;2021K3;total;1899;3311.0
0480;2021K4;total;1933;3370.0
0480;2022K1;total;1846;3192.0
0480;2022K2;total;1709;2955.0
0480;2022K3;total;1751;3028.0
0480;2022K4;total;2068;3576.0
0480;2023K1;total;1910;3287.0
0480;2023K2;total;2228;3834.0
0480;2023K3;total;2204;3793.0
0480;2023K4;total;1859;3199.0
0480;2024K1;total;1917;3290.0
0480;2024K2;total;1987;3410.0
0480;2024K3;total;2114;3628.0
0480;2024K4;total;1995;3424.0
0480;2025K1;total;1819;3119.0
0480;2025K2;total;2157;3698.0
0480;2025K3;total;2125;3643.0
0480;2025K4;total;1852;3175.0
0480;2026 prel.K1;total;1716;2943.0
0480;2026 prel.K2;total;1860;3190.0
0481;2014K1;total;295;2570.0
0481;2014K2;total;299;2605.0
0481;2015K1;total;303;2606.0
0481;2015K2;total;296;2546.0
0481;2015K3;total;338;2907.0
0481;2015K4;total;271;2331.0
0481;2016K1;total;224;1897.0
0481;2016K2;total;283;2396.0
0481;2016K3;total;252;2134.0
0481;2016K4;total;312;2642.0
0481;2017K1;total;353;2950.0
0481;2017K2;total;235;1964.0
0481;2017K3;total;210;1755.0
0481;2017K4;total;507;4238.0
0481;2018K1;total;249;2069.0
0481;2018K2;total;206;1712.0
0481;2018K3;total;242;2011.0
0481;2018K4;total;265;2202.0
0481;2019K1;total;560;4658.0
0481;2019K2;total;238;1980.0
0481;2019K3;total;250;2079.0
0481;2019K4;total;251;2088.0
0481;2020K1;total;234;1952.0
0481;2020K2;total;212;1768.0
0481;2020K3;total;233;1943.0
0481;2020K4;total;314;2619.0
0481;2021K1;total;219;1815.0
0481;2021K2;total;300;2487.0
0481;2021K3;total;303;2512.0
0481;2021K4;total;321;2661.0
0481;2022K1;total;280;2312.0
0481;2022K2;total;334;2758.0
0481;2022K3;total;307;2535.0
0481;2022K4;total;276;2279.0
0481;2023K1;total;321;2654.0
0481;2023K2;total;319;2637.0
0481;2023K3;total;324;2679.0
0481;2023K4;total;321;2654.0
0481;2024K1;total;347;2875.0
0481;2024K2;total;468;3878.0
0481;2024K3;total;424;3514.0
0481;2024K4;total;291;2411.0
0481;2025K1;total;298;2484.0
0481;2025K2;total;312;2601.0
0481;2025K3;total;339;2826.0
0481;2025K4;total;385;3209.0
0481;2026 prel.K1;total;289;2416.0
0481;2026 prel.K2;total;394;3294.0
0482;2014K1;total;465;2871.0
0482;2014K2;total;564;3482.0
0482;2015K1;total;477;2919.0
0482;2015K2;total;616;3770.0
0482;2015K3;total;600;3672.0
0482;2015K4;total;481;2944.0
0482;2016K1;total;538;3234.0
0482;2016K2;total;596;3583.0
0482;2016K3;total;526;3162.0
0482;2016K4;total;499;3000.0
0482;2017K1;total;734;4357.0
0482;2017K2;total;515;3057.0
0482;2017K3;total;420;2493.0
0482;2017K4;total;414;2457.0
0482;2018K1;total;395;2353.0
0482;2018K2;total;461;2747.0
0482;2018K3;total;482;2872.0
0482;2018K4;total;438;2610.0
0482;2019K1;total;429;2577.0
0482;2019K2;total;478;2872.0
0482;2019K3;total;429;2577.0
0482;2019K4;total;438;2631.0
0482;2020K1;total;453;2744.0
0482;2020K2;total;454;2750.0
0482;2020K3;total;506;3065.0
0482;2020K4;total;531;3217.0
0482;2021K1;total;376;2296.0
0482;2021K2;total;430;2626.0
0482;2021K3;total;341;2083.0
0482;2021K4;total;503;3072.0
0482;2022K1;total;395;2440.0
0482;2022K2;total;466;2879.0
0482;2022K3;total;421;2601.0
0482;2022K4;total;544;3361.0
0482;2023K1;total;539;3398.0
0482;2023K2;total;505;3184.0
0482;2023K3;total;591;3726.0
0482;2023K4;total;486;3064.0
0482;2024K1;total;445;2864.0
0482;2024K2;total;550;3540.0
0482;2024K3;total;483;3109.0
0482;2024K4;total;502;3231.0
0482;2025K1;total;412;2705.0
0482;2025K2;total;472;3099.0
0482;2025K3;total;599;3933.0
0482;2025K4;total;482;3165.0
0482;2026 prel.K1;total;411;2723.0
0482;2026 prel.K2;total;451;2988.0
0483;2014K1;total;1106;3341.0
0483;2014K2;total;1201;3629.0
0483;2015K1;total;1009;3024.0
0483;2015K2;total;1299;3893.0
0483;2015K3;total;1219;3654.0
0483;2015K4;total;1169;3504.0
0483;2016K1;total;1123;3343.0
0483;2016K2;total;1268;3775.0
0483;2016K3;total;1201;3575.0
0483;2016K4;total;1185;3528.0
0483;2017K1;total;1333;3929.0
0483;2017K2;total;1152;3395.0
0483;2017K3;total;1060;3124.0
0483;2017K4;total;1049;3092.0
0483;2018K1;total;952;2772.0
0483;2018K2;total;994;2894.0
0483;2018K3;total;881;2565.0
0483;2018K4;total;1323;3852.0
0483;2019K1;total;883;2548.0
0483;2019K2;total;834;2407.0
0483;2019K3;total;1068;3082.0
0483;2019K4;total;958;2765.0
0483;2020K1;total;968;2785.0
0483;2020K2;total;1108;3188.0
0483;2020K3;total;1064;3061.0
0483;2020K4;total;1033;2972.0
0483;2021K1;total;836;2405.0
0483;2021K2;total;912;2623.0
0483;2021K3;total;988;2842.0
0483;2021K4;total;952;2738.0
0483;2022K1;total;946;2727.0
0483;2022K2;total;1049;3024.0
0483;2022K3;total;1195;3445.0
0483;2022K4;total;1127;3249.0
0483;2023K1;total;949;2754.0
0483;2023K2;total;1175;3409.0
0483;2023K3;total;1259;3653.0
0483;2023K4;total;1042;3023.0
0483;2024K1;total;1376;4014.0
0483;2024K2;total;1212;3535.0
0483;2024K3;total;1199;3498.0
0483;2024K4;total;960;2800.0
0483;2025K1;total;1167;3425.0
0483;2025K2;total;1307;3836.0
0483;2025K3;total;1233;3619.0
0483;2025K4;total;1225;3596.0
0483;2026 prel.K1;total;966;2843.0
0483;2026 prel.K2;total;1502;4420.0
0484;2014K1;total;3649;3637.0
0484;2014K2;total;3921;3908.0
0484;2015K1;total;3379;3329.0
0484;2015K2;total;4565;4498.0
0484;2015K3;total;4403;4338.0
0484;2015K4;total;3973;3915.0
0484;2016K1;total;4044;3931.0
0484;2016K2;total;4249;4130.0
0484;2016K3;total;4202;4085.0
0484;2016K4;total;3700;3597.0
0484;2017K1;total;3736;3586.0
0484;2017K2;total;4220;4050.0
0484;2017K3;total;3855;3700.0
0484;2017K4;total;3452;3313.0
0484;2018K1;total;3052;2898.0
0484;2018K2;total;3603;3421.0
0484;2018K3;total;3689;3503.0
0484;2018K4;total;3490;3314.0
0484;2019K1;total;3401;3197.0
0484;2019K2;total;3854;3622.0
0484;2019K3;total;3706;3483.0
0484;2019K4;total;3427;3221.0
0484;2020K1;total;3805;3559.0
0484;2020K2;total;3936;3681.0
0484;2020K3;total;4197;3925.0
0484;2020K4;total;3962;3706.0
0484;2021K1;total;3722;3469.0
0484;2021K2;total;4223;3936.0
0484;2021K3;total;3914;3648.0
0484;2021K4;total;3657;3409.0
0484;2022K1;total;3601;3342.0
0484;2022K2;total;4310;4000.0
0484;2022K3;total;4247;3941.0
0484;2022K4;total;4290;3981.0
0484;2023K1;total;3899;3620.0
0484;2023K2;total;4294;3987.0
0484;2023K3;total;4509;4187.0
0484;2023K4;total;4068;3777.0
0484;2024K1;total;3797;3535.0
0484;2024K2;total;4169;3881.0
0484;2024K3;total;4130;3845.0
0484;2024K4;total;4056;3776.0
0484;2025K1;total;3730;3486.0
0484;2025K2;total;4350;4066.0
0484;2025K3;total;4129;3859.0
0484;2025K4;total;3826;3576.0
0484;2026 prel.K1;total;3347;3134.0
0484;2026 prel.K2;total;3989;3735.0
0486;2014K1;total;687;2043.0
0486;2014K2;total;857;2548.0
0486;2015K1;total;823;2421.0
0486;2015K2;total;976;2871.0
0486;2015K3;total;964;2836.0
0486;2015K4;total;883;2598.0
0486;2016K1;total;816;2375.0
0486;2016K2;total;1007;2931.0
0486;2016K3;total;897;2611.0
0486;2016K4;total;828;2410.0
0486;2017K1;total;918;2636.0
0486;2017K2;total;1005;2886.0
0486;2017K3;total;931;2673.0
0486;2017K4;total;959;2754.0
0486;2018K1;total;781;2206.0
0486;2018K2;total;1012;2859.0
0486;2018K3;total;946;2672.0
0486;2018K4;total;984;2779.0
0486;2019K1;total;871;2409.0
0486;2019K2;total;884;2445.0
0486;2019K3;total;883;2442.0
0486;2019K4;total;826;2285.0
0486;2020K1;total;877;2376.0
0486;2020K2;total;1040;2817.0
0486;2020K3;total;1006;2725.0
0486;2020K4;total;906;2454.0
0486;2021K1;total;808;2143.0
0486;2021K2;total;948;2514.0
0486;2021K3;total;986;2615.0
0486;2021K4;total;897;2379.0
0486;2022K1;total;879;2293.0
0486;2022K2;total;884;2306.0
0486;2022K3;total;1079;2815.0
0486;2022K4;total;1135;2961.0
0486;2023K1;total;961;2482.0
0486;2023K2;total;1062;2743.0
0486;2023K3;total;1094;2825.0
0486;2023K4;total;863;2229.0
0486;2024K1;total;1048;2680.0
0486;2024K2;total;1029;2632.0
0486;2024K3;total;1008;2578.0
0486;2024K4;total;1038;2655.0
0486;2025K1;total;879;2234.0
0486;2025K2;total;961;2442.0
0486;2025K3;total;960;2440.0
0486;2025K4;total;884;2247.0
0486;2026 prel.K1;total;869;2206.0
0486;2026 prel.K2;total;1072;2722.0
0488;2014K1;total;246;2090.0
0488;2014K2;total;306;2599.0
0488;2015K1;total;186;1554.0
0488;2015K2;total;214;1788.0
0488;2015K3;total;220;1838.0
0488;2015K4;total;219;1829.0
0488;2016K1;total;220;1794.0
0488;2016K2;total;262;2137.0
0488;2016K3;total;326;2659.0
0488;2016K4;total;256;2088.0
0488;2017K1;total;213;1680.0
0488;2017K2;total;342;2697.0
0488;2017K3;total;313;2468.0
0488;2017K4;total;269;2121.0
0488;2018K1;total;179;1365.0
0488;2018K2;total;245;1868.0
0488;2018K3;total;276;2105.0
0488;2018K4;total;266;2029.0
0488;2019K1;total;209;1545.0
0488;2019K2;total;292;2158.0
0488;2019K3;total;273;2018.0
0488;2019K4;total;283;2092.0
0488;2020K1;total;256;1825.0
0488;2020K2;total;275;1960.0
0488;2020K3;total;288;2053.0
0488;2020K4;total;354;2524.0
0488;2021K1;total;260;1795.0
0488;2021K2;total;288;1988.0
0488;2021K3;total;271;1871.0
0488;2021K4;total;282;1947.0
0488;2022K1;total;204;1387.0
0488;2022K2;total;734;4990.0
0488;2022K3;total;247;1679.0
0488;2022K4;total;329;2237.0
0488;2023K1;total;278;1876.0
0488;2023K2;total;321;2166.0
0488;2023K3;total;364;2456.0
0488;2023K4;total;278;1876.0
0488;2024K1;total;293;1967.0
0488;2024K2;total;309;2075.0
0488;2024K3;total;296;1987.0
0488;2024K4;total;264;1773.0
0488;2025K1;total;328;2199.0
0488;2025K2;total;299;2005.0
0488;2025K3;total;276;1851.0
0488;2025K4;total;284;1904.0
0488;2026 prel.K1;total;319;2141.0
0488;2026 prel.K2;total;284;1906.0
0509;2014K1;total;66;1268.0
0509;2014K2;total;114;2189.0
0509;2015K1;total;69;1317.0
0509;2015K2;total;90;1718.0
0509;2015K3;total;85;1623.0
0509;2015K4;total;104;1985.0
0509;2016K1;total;110;2081.0
0509;2016K2;total;118;2233.0
0509;2016K3;total;149;2819.0
0509;2016K4;total;93;1760.0
0509;2017K1;total;92;1723.0
0509;2017K2;total;189;3540.0
0509;2017K3;total;142;2660.0
0509;2017K4;total;109;2042.0
0509;2018K1;total;105;1969.0
0509;2018K2;total;117;2194.0
0509;2018K3;total;102;1913.0
0509;2018K4;total;82;1538.0
0509;2019K1;total;65;1220.0
0509;2019K2;total;103;1932.0
0509;2019K3;total;90;1689.0
0509;2019K4;total;79;1482.0
0509;2020K1;total;59;1105.0
0509;2020K2;total;83;1555.0
0509;2020K3;total;94;1761.0
0509;2020K4;total;121;2267.0
0509;2021K1;total;107;2010.0
0509;2021K2;total;99;1860.0
0509;2021K3;total;90;1691.0
0509;2021K4;total;93;1747.0
0509;2022K1;total;99;1863.0
0509;2022K2;total;98;1845.0
0509;2022K3;total;126;2372.0
0509;2022K4;total;109;2052.0
0509;2023K1;total;111;2095.0
0509;2023K2;total;136;2567.0
0509;2023K3;total;115;2171.0
0509;2023K4;total;96;1812.0
0509;2024K1;total;125;2374.0
0509;2024K2;total;113;2146.0
0509;2024K3;total;164;3114.0
0509;2024K4;total;122;2317.0
0509;2025K1;total;97;1855.0
0509;2025K2;total;141;2697.0
0509;2025K3;total;155;2964.0
0509;2025K4;total;163;3117.0
0509;2026 prel.K1;total;93;1781.0
0509;2026 prel.K2;total;66;1264.0
0512;2014K1;total;30;825.0
0512;2014K2;total;38;1044.0
0512;2015K1;total;47;1285.0
0512;2015K2;total;30;820.0
0512;2015K3;total;51;1394.0
0512;2015K4;total;52;1421.0
0512;2016K1;total;29;791.0
0512;2016K2;total;38;1036.0
0512;2016K3;total;56;1527.0
0512;2016K4;total;47;1282.0
0512;2017K1;total;28;756.0
0512;2017K2;total;41;1107.0
0512;2017K3;total;48;1296.0
0512;2017K4;total;44;1188.0
0512;2018K1;total;29;776.0
0512;2018K2;total;27;722.0
0512;2018K3;total;60;1605.0
0512;2018K4;total;103;2755.0
0512;2019K1;total;54;1442.0
0512;2019K2;total;72;1923.0
0512;2019K3;total;58;1549.0
0512;2019K4;total;34;908.0
0512;2020K1;total;25;669.0
0512;2020K2;total;41;1097.0
0512;2020K3;total;66;1766.0
0512;2020K4;total;42;1124.0
0512;2021K1;total;15;404.0
0512;2021K2;total;31;835.0
0512;2021K3;total;76;2048.0
0512;2021K4;total;22;593.0
0512;2022K1;total;18;488.0
0512;2022K2;total;31;840.0
0512;2022K3;total;41;1111.0
0512;2022K4;total;43;1166.0
0512;2023K1;total;41;1120.0
0512;2023K2;total;36;984.0
0512;2023K3;total;35;956.0
0512;2023K4;total;50;1366.0
0512;2024K1;total;57;1569.0
0512;2024K2;total;53;1459.0
0512;2024K3;total;45;1239.0
0512;2024K4;total;57;1569.0
0512;2025K1;total;46;1270.0
0512;2025K2;total;50;1380.0
0512;2025K3;total;51;1408.0
0512;2025K4;total;61;1684.0
0512;2026 prel.K1;total;32;884.0
0512;2026 prel.K2;total;35;967.0
0513;2014K1;total;131;1337.0
0513;2014K2;total;140;1429.0
0513;2015K1;total;87;888.0
0513;2015K2;total;138;1409.0
0513;2015K3;total;187;1909.0
0513;2015K4;total;141;1440.0
0513;2016K1;total;119;1210.0
0513;2016K2;total;184;1871.0
0513;2016K3;total;128;1302.0
0513;2016K4;total;136;1383.0
0513;2017K1;total;147;1488.0
0513;2017K2;total;109;1103.0
0513;2017K3;total;128;1296.0
0513;2017K4;total;180;1822.0
0513;2018K1;total;117;1182.0
0513;2018K2;total;156;1576.0
0513;2018K3;total;165;1667.0
0513;2018K4;total;103;1041.0
0513;2019K1;total;116;1168.0
0513;2019K2;total;173;1743.0
0513;2019K3;total;233;2347.0
0513;2019K4;total;125;1259.0
0513;2020K1;total;149;1495.0
0513;2020K2;total;122;1224.0
0513;2020K3;total;156;1565.0
0513;2020K4;total;198;1987.0
0513;2021K1;total;155;1547.0
0513;2021K2;total;158;1577.0
0513;2021K3;total;169;1687.0
0513;2021K4;total;153;1527.0
0513;2022K1;total;105;1044.0
0513;2022K2;total;144;1432.0
0513;2022K3;total;134;1332.0
0513;2022K4;total;144;1432.0
0513;2023K1;total;160;1595.0
0513;2023K2;total;149;1486.0
0513;2023K3;total;182;1815.0
0513;2023K4;total;167;1665.0
0513;2024K1;total;143;1433.0
0513;2024K2;total;141;1413.0
0513;2024K3;total;135;1353.0
0513;2024K4;total;135;1353.0
0513;2025K1;total;121;1217.0
0513;2025K2;total;138;1388.0
0513;2025K3;total;135;1358.0
0513;2025K4;total;141;1418.0
0513;2026 prel.K1;total;144;1451.0
0513;2026 prel.K2;total;162;1632.0
0560;2014K1;total;98;1849.0
0560;2014K2;total;66;1245.0
0560;2015K1;total;57;1070.0
0560;2015K2;total;60;1127.0
0560;2015K3;total;89;1671.0
0560;2015K4;total;78;1465.0
0560;2016K1;total;73;1364.0
0560;2016K2;total;84;1570.0
0560;2016K3;total;90;1682.0
0560;2016K4;total;96;1794.0
0560;2017K1;total;102;1884.0
0560;2017K2;total;85;1570.0
0560;2017K3;total;88;1626.0
0560;2017K4;total;64;1182.0
0560;2018K1;total;60;1101.0
0560;2018K2;total;58;1064.0
0560;2018K3;total;90;1651.0
0560;2018K4;total;95;1743.0
0560;2019K1;total;115;2105.0
0560;2019K2;total;96;1757.0
0560;2019K3;total;91;1666.0
0560;2019K4;total;80;1465.0
0560;2020K1;total;101;1850.0
0560;2020K2;total;90;1649.0
0560;2020K3;total;123;2253.0
0560;2020K4;total;120;2198.0
0560;2021K1;total;97;1771.0
0560;2021K2;total;79;1443.0
0560;2021K3;total;45;822.0
0560;2021K4;total;45;822.0
0560;2022K1;total;64;1163.0
0560;2022K2;total;77;1399.0
0560;2022K3;total;91;1653.0
0560;2022K4;total;99;1798.0
0560;2023K1;total;102;1851.0
0560;2023K2;total;110;1996.0
0560;2023K3;total;121;2196.0
0560;2023K4;total;152;2758.0
0560;2024K1;total;103;1866.0
0560;2024K2;total;139;2519.0
0560;2024K3;total;111;2011.0
0560;2024K4;total;127;2301.0
0560;2025K1;total;87;1586.0
0560;2025K2;total;115;2097.0
0560;2025K3;total;84;1532.0
0560;2025K4;total;95;1732.0
0560;2026 prel.K1;total;96;1761.0
0560;2026 prel.K2;total;127;2330.0
0561;2014K1;total;170;1483.0
0561;2014K2;total;146;1273.0
0561;2015K1;total;120;1043.0
0561;2015K2;total;177;1538.0
0561;2015K3;total;176;1529.0
0561;2015K4;total;130;1130.0
0561;2016K1;total;134;1157.0
0561;2016K2;total;178;1537.0
0561;2016K3;total;180;1554.0
0561;2016K4;total;219;1891.0
0561;2017K1;total;185;1592.0
0561;2017K2;total;249;2142.0
0561;2017K3;total;206;1772.0
0561;2017K4;total;209;1798.0
0561;2018K1;total;158;1364.0
0561;2018K2;total;187;1614.0
0561;2018K3;total;221;1908.0
0561;2018K4;total;166;1433.0
0561;2019K1;total;129;1120.0
0561;2019K2;total;170;1476.0
0561;2019K3;total;139;1207.0
0561;2019K4;total;156;1354.0
0561;2020K1;total;161;1404.0
0561;2020K2;total;169;1474.0
0561;2020K3;total;177;1544.0
0561;2020K4;total;134;1169.0
0561;2021K1;total;128;1118.0
0561;2021K2;total;162;1416.0
0561;2021K3;total;141;1232.0
0561;2021K4;total;166;1450.0
0561;2022K1;total;135;1176.0
0561;2022K2;total;170;1480.0
0561;2022K3;total;154;1341.0
0561;2022K4;total;227;1977.0
0561;2023K1;total;244;2125.0
0561;2023K2;total;176;1533.0
0561;2023K3;total;186;1620.0
0561;2023K4;total;221;1925.0
0561;2024K1;total;208;1816.0
0561;2024K2;total;270;2357.0
0561;2024K3;total;297;2593.0
0561;2024K4;total;208;1816.0
0561;2025K1;total;277;2413.0
0561;2025K2;total;258;2248.0
0561;2025K3;total;286;2492.0
0561;2025K4;total;237;2065.0
0561;2026 prel.K1;total;221;1923.0
0561;2026 prel.K2;total;207;1802.0
0562;2014K1;total;496;2359.0
0562;2014K2;total;397;1888.0
0562;2015K1;total;409;1932.0
0562;2015K2;total;573;2706.0
0562;2015K3;total;656;3098.0
0562;2015K4;total;473;2234.0
0562;2016K1;total;382;1788.0
0562;2016K2;total;445;2083.0
0562;2016K3;total;444;2078.0
0562;2016K4;total;481;2252.0
0562;2017K1;total;458;2125.0
0562;2017K2;total;379;1759.0
0562;2017K3;total;418;1940.0
0562;2017K4;total;422;1958.0
0562;2018K1;total;381;1758.0
0562;2018K2;total;297;1371.0
0562;2018K3;total;440;2031.0
0562;2018K4;total;483;2229.0
0562;2019K1;total;405;1855.0
0562;2019K2;total;367;1681.0
0562;2019K3;total;403;1846.0
0562;2019K4;total;387;1772.0
0562;2020K1;total;372;1703.0
0562;2020K2;total;404;1850.0
0562;2020K3;total;464;2125.0
0562;2020K4;total;346;1584.0
0562;2021K1;total;312;1429.0
0562;2021K2;total;418;1915.0
0562;2021K3;total;326;1494.0
0562;2021K4;total;439;2011.0
0562;2022K1;total;337;1539.0
0562;2022K2;total;513;2343.0
0562;2022K3;total;536;2448.0
0562;2022K4;total;538;2457.0
0562;2023K1;total;539;2473.0
0562;2023K2;total;569;2610.0
0562;2023K3;total;499;2289.0
0562;2023K4;total;461;2115.0
0562;2024K1;total;532;2455.0
0562;2024K2;total;636;2935.0
0562;2024K3;total;525;2423.0
0562;2024K4;total;556;2566.0
0562;2025K1;total;507;2351.0
0562;2025K2;total;438;2031.0
0562;2025K3;total;560;2597.0
0562;2025K4;total;523;2426.0
0562;2026 prel.K1;total;480;2232.0
0562;2026 prel.K2;total;574;2670.0
0563;2014K1;total;132;1732.0
0563;2014K2;total;132;1732.0
0563;2015K1;total;100;1298.0
0563;2015K2;total;130;1688.0
0563;2015K3;total;127;1649.0
0563;2015K4;total;134;1740.0
0563;2016K1;total;154;1980.0
0563;2016K2;total;150;1929.0
0563;2016K3;total;173;2224.0
0563;2016K4;total;146;1877.0
0563;2017K1;total;148;1882.0
0563;2017K2;total;165;2098.0
0563;2017K3;total;185;2352.0
0563;2017K4;total;214;2721.0
0563;2018K1;total;164;2066.0
0563;2018K2;total;191;2406.0
0563;2018K3;total;148;1864.0
0563;2018K4;total;136;1713.0
0563;2019K1;total;171;2161.0
0563;2019K2;total;176;2224.0
0563;2019K3;total;185;2337.0
0563;2019K4;total;105;1327.0
0563;2020K1;total;119;1525.0
0563;2020K2;total;132;1691.0
0563;2020K3;total;157;2012.0
0563;2020K4;total;93;1192.0
0563;2021K1;total;78;1013.0
0563;2021K2;total;150;1948.0
0563;2021K3;total;100;1299.0
0563;2021K4;total;122;1585.0
0563;2022K1;total;117;1530.0
0563;2022K2;total;85;1112.0
0563;2022K3;total;120;1570.0
0563;2022K4;total;119;1557.0
0563;2023K1;total;133;1753.0
0563;2023K2;total;134;1767.0
0563;2023K3;total;175;2307.0
0563;2023K4;total;174;2294.0
0563;2024K1;total;176;2333.0
0563;2024K2;total;194;2572.0
0563;2024K3;total;160;2121.0
0563;2024K4;total;154;2041.0
0563;2025K1;total;136;1807.0
0563;2025K2;total;188;2498.0
0563;2025K3;total;177;2352.0
0563;2025K4;total;210;2791.0
0563;2026 prel.K1;total;183;2432.0
0563;2026 prel.K2;total;342;4544.0
0580;2014K1;total;3663;2425.0
0580;2014K2;total;4485;2969.0
0580;2015K1;total;3713;2436.0
0580;2015K2;total;4419;2899.0
0580;2015K3;total;3938;2584.0
0580;2015K4;total;3939;2584.0
0580;2016K1;total;3664;2373.0
0580;2016K2;total;4501;2915.0
0580;2016K3;total;4341;2812.0
0580;2016K4;total;4198;2719.0
0580;2017K1;total;4101;2609.0
0580;2017K2;total;4600;2927.0
0580;2017K3;total;4556;2899.0
0580;2017K4;total;4547;2893.0
0580;2018K1;total;3921;2454.0
0580;2018K2;total;4344;2719.0
0580;2018K3;total;4582;2868.0
0580;2018K4;total;4548;2846.0
0580;2019K1;total;4383;2705.0
0580;2019K2;total;4355;2688.0
0580;2019K3;total;4566;2818.0
0580;2019K4;total;4271;2636.0
0580;2020K1;total;4466;2726.0
0580;2020K2;total;4659;2844.0
0580;2020K3;total;4703;2871.0
0580;2020K4;total;4516;2756.0
0580;2021K1;total;3894;2359.0
0580;2021K2;total;4023;2437.0
0580;2021K3;total;4280;2593.0
0580;2021K4;total;3801;2303.0
0580;2022K1;total;3499;2107.0
0580;2022K2;total;4191;2523.0
0580;2022K3;total;4328;2606.0
0580;2022K4;total;4203;2530.0
0580;2023K1;total;4511;2701.0
0580;2023K2;total;4797;2872.0
0580;2023K3;total;4832;2893.0
0580;2023K4;total;4312;2581.0
0580;2024K1;total;4298;2562.0
0580;2024K2;total;4864;2899.0
0580;2024K3;total;4709;2807.0
0580;2024K4;total;4607;2746.0
0580;2025K1;total;4226;2510.0
0580;2025K2;total;4740;2815.0
0580;2025K3;total;4356;2587.0
0580;2025K4;total;4057;2410.0
0580;2026 prel.K1;total;3816;2262.0
0580;2026 prel.K2;total;3944;2338.0
0581;2014K1;total;4721;3510.0
0581;2014K2;total;4971;3695.0
0581;2015K1;total;3743;2749.0
0581;2015K2;total;4822;3541.0
0581;2015K3;total;4451;3269.0
0581;2015K4;total;4406;3236.0
0581;2016K1;total;3862;2795.0
0581;2016K2;total;4472;3236.0
0581;2016K3;total;4759;3444.0
0581;2016K4;total;4635;3354.0
0581;2017K1;total;3928;2803.0
0581;2017K2;total;4808;3431.0
0581;2017K3;total;4816;3436.0
0581;2017K4;total;4349;3103.0
0581;2018K1;total;3821;2704.0
0581;2018K2;total;4213;2982.0
0581;2018K3;total;4156;2941.0
0581;2018K4;total;4423;3130.0
0581;2019K1;total;3853;2705.0
0581;2019K2;total;4081;2865.0
0581;2019K3;total;3889;2731.0
0581;2019K4;total;3824;2685.0
0581;2020K1;total;4026;2809.0
0581;2020K2;total;4344;3031.0
0581;2020K3;total;4416;3081.0
0581;2020K4;total;4048;2824.0
0581;2021K1;total;3730;2591.0
0581;2021K2;total;3987;2769.0
0581;2021K3;total;4422;3072.0
0581;2021K4;total;4166;2894.0
0581;2022K1;total;4681;3233.0
0581;2022K2;total;4398;3038.0
0581;2022K3;total;4954;3422.0
0581;2022K4;total;5158;3562.0
0581;2023K1;total;5007;3450.0
0581;2023K2;total;4834;3331.0
0581;2023K3;total;5425;3738.0
0581;2023K4;total;4947;3408.0
0581;2024K1;total;4702;3241.0
0581;2024K2;total;5340;3680.0
0581;2024K3;total;4805;3312.0
0581;2024K4;total;4752;3275.0
0581;2025K1;total;4537;3130.0
0581;2025K2;total;4692;3237.0
0581;2025K3;total;4804;3314.0
0581;2025K4;total;4566;3150.0
0581;2026 prel.K1;total;4412;3045.0
0581;2026 prel.K2;total;4354;3005.0
0582;2014K1;total;162;1138.0
0582;2014K2;total;240;1686.0
0582;2015K1;total;126;884.0
0582;2015K2;total;228;1600.0
0582;2015K3;total;244;1712.0
0582;2015K4;total;218;1529.0
0582;2016K1;total;155;1082.0
0582;2016K2;total;216;1508.0
0582;2016K3;total;233;1627.0
0582;2016K4;total;177;1236.0
0582;2017K1;total;195;1348.0
0582;2017K2;total;239;1653.0
0582;2017K3;total;210;1452.0
0582;2017K4;total;250;1729.0
0582;2018K1;total;237;1627.0
0582;2018K2;total;228;1565.0
0582;2018K3;total;212;1455.0
0582;2018K4;total;214;1469.0
0582;2019K1;total;161;1101.0
0582;2019K2;total;164;1122.0
0582;2019K3;total;187;1279.0
0582;2019K4;total;199;1361.0
0582;2020K1;total;187;1279.0
0582;2020K2;total;209;1429.0
0582;2020K3;total;211;1443.0
0582;2020K4;total;177;1211.0
0582;2021K1;total;198;1352.0
0582;2021K2;total;229;1564.0
0582;2021K3;total;192;1311.0
0582;2021K4;total;216;1475.0
0582;2022K1;total;120;813.0
0582;2022K2;total;204;1383.0
0582;2022K3;total;315;2135.0
0582;2022K4;total;263;1783.0
0582;2023K1;total;222;1495.0
0582;2023K2;total;274;1845.0
0582;2023K3;total;253;1704.0
0582;2023K4;total;299;2013.0
0582;2024K1;total;278;1874.0
0582;2024K2;total;259;1746.0
0582;2024K3;total;255;1719.0
0582;2024K4;total;298;2008.0
0582;2025K1;total;264;1788.0
0582;2025K2;total;270;1829.0
0582;2025K3;total;251;1700.0
0582;2025K4;total;222;1504.0
0582;2026 prel.K1;total;198;1343.0
0582;2026 prel.K2;total;222;1506.0
0583;2014K1;total;839;1980.0
0583;2014K2;total;1001;2362.0
0583;2015K1;total;814;1905.0
0583;2015K2;total;904;2116.0
0583;2015K3;total;967;2263.0
0583;2015K4;total;927;2169.0
0583;2016K1;total;897;2082.0
0583;2016K2;total;1103;2560.0
0583;2016K3;total;1157;2686.0
0583;2016K4;total;1021;2370.0
0583;2017K1;total;846;1949.0
0583;2017K2;total;1021;2352.0
0583;2017K3;total;1060;2442.0
0583;2017K4;total;1113;2564.0
0583;2018K1;total;1017;2332.0
0583;2018K2;total;1247;2859.0
0583;2018K3;total;1279;2932.0
0583;2018K4;total;1043;2391.0
0583;2019K1;total;978;2239.0
0583;2019K2;total;1136;2601.0
0583;2019K3;total;1183;2708.0
0583;2019K4;total;1153;2640.0
0583;2020K1;total;1104;2529.0
0583;2020K2;total;1135;2600.0
0583;2020K3;total;1096;2511.0
0583;2020K4;total;1125;2577.0
0583;2021K1;total;990;2268.0
0583;2021K2;total;1144;2620.0
0583;2021K3;total;1111;2545.0
0583;2021K4;total;1249;2861.0
0583;2022K1;total;1102;2522.0
0583;2022K2;total;1125;2574.0
0583;2022K3;total;1418;3245.0
0583;2022K4;total;1360;3112.0
0583;2023K1;total;1256;2872.0
0583;2023K2;total;1452;3321.0
0583;2023K3;total;1392;3183.0
0583;2023K4;total;1430;3270.0
0583;2024K1;total;1083;2481.0
0583;2024K2;total;1446;3313.0
0583;2024K3;total;1623;3718.0
0583;2024K4;total;1488;3409.0
0583;2025K1;total;1285;2966.0
0583;2025K2;total;1427;3294.0
0583;2025K3;total;1429;3299.0
0583;2025K4;total;1181;2726.0
0583;2026 prel.K1;total;1126;2611.0
0583;2026 prel.K2;total;1264;2931.0
0584;2014K1;total;114;1543.0
0584;2014K2;total;97;1313.0
0584;2015K1;total;100;1351.0
0584;2015K2;total;187;2527.0
0584;2015K3;total;102;1378.0
0584;2015K4;total;157;2122.0
0584;2016K1;total;123;1667.0
0584;2016K2;total;177;2399.0
0584;2016K3;total;170;2304.0
0584;2016K4;total;109;1477.0
0584;2017K1;total;69;934.0
0584;2017K2;total;111;1503.0
0584;2017K3;total;165;2234.0
0584;2017K4;total;131;1774.0
0584;2018K1;total;112;1500.0
0584;2018K2;total;164;2196.0
0584;2018K3;total;176;2357.0
0584;2018K4;total;126;1687.0
0584;2019K1;total;80;1071.0
0584;2019K2;total;109;1459.0
0584;2019K3;total;228;3052.0
0584;2019K4;total;110;1472.0
0584;2020K1;total;82;1104.0
0584;2020K2;total;117;1576.0
0584;2020K3;total;139;1872.0
0584;2020K4;total;116;1562.0
0584;2021K1;total;139;1859.0
0584;2021K2;total;151;2020.0
0584;2021K3;total;97;1298.0
0584;2021K4;total;102;1364.0
0584;2022K1;total;118;1572.0
0584;2022K2;total;126;1679.0
0584;2022K3;total;151;2012.0
0584;2022K4;total;187;2492.0
0584;2023K1;total;128;1716.0
0584;2023K2;total;126;1690.0
0584;2023K3;total;156;2092.0
0584;2023K4;total;137;1837.0
0584;2024K1;total;130;1743.0
0584;2024K2;total;141;1890.0
0584;2024K3;total;135;1810.0
0584;2024K4;total;157;2105.0
0584;2025K1;total;127;1696.0
0584;2025K2;total;202;2698.0
0584;2025K3;total;166;2217.0
0584;2025K4;total;165;2204.0
0584;2026 prel.K1;total;129;1724.0
0584;2026 prel.K2;total;142;1897.0
0586;2014K1;total;476;1805.0
0586;2014K2;total;640;2427.0
0586;2015K1;total;454;1712.0
0586;2015K2;total;547;2063.0
0586;2015K3;total;416;1569.0
0586;2015K4;total;492;1856.0
0586;2016K1;total;525;1970.0
0586;2016K2;total;537;2015.0
0586;2016K3;total;470;1763.0
0586;2016K4;total;481;1805.0
0586;2017K1;total;500;1861.0
0586;2017K2;total;608;2263.0
0586;2017K3;total;561;2088.0
0586;2017K4;total;576;2144.0
0586;2018K1;total;524;1927.0
0586;2018K2;total;631;2320.0
0586;2018K3;total;677;2489.0
0586;2018K4;total;631;2320.0
0586;2019K1;total;470;1705.0
0586;2019K2;total;613;2224.0
0586;2019K3;total;639;2318.0
0586;2019K4;total;782;2837.0
0586;2020K1;total;656;2355.0
0586;2020K2;total;717;2574.0
0586;2020K3;total;757;2717.0
0586;2020K4;total;840;3015.0
0586;2021K1;total;658;2340.0
0586;2021K2;total;616;2191.0
0586;2021K3;total;626;2227.0
0586;2021K4;total;720;2561.0
0586;2022K1;total;642;2263.0
0586;2022K2;total;636;2242.0
0586;2022K3;total;673;2372.0
0586;2022K4;total;721;2541.0
0586;2023K1;total;604;2118.0
0586;2023K2;total;717;2514.0
0586;2023K3;total;729;2556.0
0586;2023K4;total;844;2959.0
0586;2024K1;total;679;2372.0
0586;2024K2;total;867;3028.0
0586;2024K3;total;758;2647.0
0586;2024K4;total;719;2511.0
0586;2025K1;total;710;2469.0
0586;2025K2;total;759;2639.0
0586;2025K3;total;709;2465.0
0586;2025K4;total;697;2424.0
0586;2026 prel.K1;total;590;2047.0
0586;2026 prel.K2;total;719;2495.0
0604;2014K1;total;93;1453.0
0604;2014K2;total;102;1594.0
0604;2015K1;total;98;1512.0
0604;2015K2;total;149;2299.0
0604;2015K3;total;117;1805.0
0604;2015K4;total;121;1867.0
0604;2016K1;total;139;2116.0
0604;2016K2;total;115;1750.0
0604;2016K3;total;182;2770.0
0604;2016K4;total;147;2237.0
0604;2017K1;total;257;3842.0
0604;2017K2;total;126;1884.0
0604;2017K3;total;152;2272.0
0604;2017K4;total;125;1869.0
0604;2018K1;total;102;1499.0
0604;2018K2;total;115;1690.0
0604;2018K3;total;96;1411.0
0604;2018K4;total;104;1529.0
0604;2019K1;total;98;1433.0
0604;2019K2;total;142;2076.0
0604;2019K3;total;131;1915.0
0604;2019K4;total;144;2105.0
0604;2020K1;total;101;1478.0
0604;2020K2;total;122;1785.0
0604;2020K3;total;101;1478.0
0604;2020K4;total;107;1566.0
0604;2021K1;total;84;1225.0
0604;2021K2;total;111;1619.0
0604;2021K3;total;117;1706.0
0604;2021K4;total;87;1269.0
0604;2022K1;total;95;1385.0
0604;2022K2;total;94;1371.0
0604;2022K3;total;121;1764.0
0604;2022K4;total;103;1502.0
0604;2023K1;total;129;1887.0
0604;2023K2;total;135;1974.0
0604;2023K3;total;144;2106.0
0604;2023K4;total;155;2267.0
0604;2024K1;total;140;2052.0
0604;2024K2;total;152;2228.0
0604;2024K3;total;168;2462.0
0604;2024K4;total;129;1891.0
0604;2025K1;total;132;1934.0
0604;2025K2;total;140;2052.0
0604;2025K3;total;137;2008.0
0604;2025K4;total;120;1758.0
0604;2026 prel.K1;total;140;2043.0
0604;2026 prel.K2;total;128;1868.0
0617;2014K1;total;143;1512.0
0617;2014K2;total;192;2030.0
0617;2015K1;total;195;2050.0
0617;2015K2;total;186;1956.0
0617;2015K3;total;182;1913.0
0617;2015K4;total;138;1451.0
0617;2016K1;total;144;1506.0
0617;2016K2;total;160;1673.0
0617;2016K3;total;204;2133.0
0617;2016K4;total;155;1621.0
0617;2017K1;total;142;1468.0
0617;2017K2;total;177;1830.0
0617;2017K3;total;161;1664.0
0617;2017K4;total;144;1489.0
0617;2018K1;total;205;2102.0
0617;2018K2;total;191;1958.0
0617;2018K3;total;161;1651.0
0617;2018K4;total;191;1958.0
0617;2019K1;total;194;1991.0
0617;2019K2;total;141;1447.0
0617;2019K3;total;173;1775.0
0617;2019K4;total;167;1714.0
0617;2020K1;total;201;2080.0
0617;2020K2;total;178;1842.0
0617;2020K3;total;183;1894.0
0617;2020K4;total;153;1583.0
0617;2021K1;total;151;1574.0
0617;2021K2;total;162;1689.0
0617;2021K3;total;226;2356.0
0617;2021K4;total;156;1626.0
0617;2022K1;total;137;1441.0
0617;2022K2;total;146;1536.0
0617;2022K3;total;222;2336.0
0617;2022K4;total;182;1915.0
0617;2023K1;total;178;1905.0
0617;2023K2;total;266;2847.0
0617;2023K3;total;168;1798.0
0617;2023K4;total;168;1798.0
0617;2024K1;total;152;1652.0
0617;2024K2;total;180;1957.0
0617;2024K3;total;150;1631.0
0617;2024K4;total;144;1565.0
0617;2025K1;total;161;1775.0
0617;2025K2;total;142;1566.0
0617;2025K3;total;157;1731.0
0617;2025K4;total;122;1345.0
0617;2026 prel.K1;total;169;1876.0
0617;2026 prel.K2;total;179;1987.0
0642;2014K1;total;89;1258.0
0642;2014K2;total;142;2007.0
0642;2015K1;total;139;1949.0
0642;2015K2;total;147;2061.0
0642;2015K3;total;135;1893.0
0642;2015K4;total;127;1780.0
0642;2016K1;total;89;1238.0
0642;2016K2;total;154;2141.0
0642;2016K3;total;144;2002.0
0642;2016K4;total;167;2322.0
0642;2017K1;total;120;1649.0
0642;2017K2;total;155;2130.0
0642;2017K3;total;144;1979.0
0642;2017K4;total;153;2103.0
0642;2018K1;total;109;1488.0
0642;2018K2;total;134;1829.0
0642;2018K3;total;118;1611.0
0642;2018K4;total;143;1952.0
0642;2019K1;total;120;1642.0
0642;2019K2;total;118;1615.0
0642;2019K3;total;140;1916.0
0642;2019K4;total;114;1560.0
0642;2020K1;total;103;1404.0
0642;2020K2;total;159;2167.0
0642;2020K3;total;176;2399.0
0642;2020K4;total;132;1799.0
0642;2021K1;total;163;2200.0
0642;2021K2;total;181;2443.0
0642;2021K3;total;142;1917.0
0642;2021K4;total;115;1552.0
0642;2022K1;total;143;1912.0
0642;2022K2;total;141;1885.0
0642;2022K3;total;151;2018.0
0642;2022K4;total;168;2246.0
0642;2023K1;total;109;1443.0
0642;2023K2;total;147;1946.0
0642;2023K3;total;132;1747.0
0642;2023K4;total;154;2039.0
0642;2024K1;total;125;1649.0
0642;2024K2;total;138;1821.0
0642;2024K3;total;143;1887.0
0642;2024K4;total;163;2150.0
0642;2025K1;total;131;1731.0
0642;2025K2;total;135;1783.0
0642;2025K3;total;114;1506.0
0642;2025K4;total;124;1638.0
0642;2026 prel.K1;total;85;1126.0
0642;2026 prel.K2;total;150;1988.0
0643;2014K1;total;119;1078.0
0643;2014K2;total;110;996.0
0643;2015K1;total;110;981.0
0643;2015K2;total;148;1320.0
0643;2015K3;total;134;1195.0
0643;2015K4;total;134;1195.0
0643;2016K1;total;152;1328.0
0643;2016K2;total;142;1240.0
0643;2016K3;total;128;1118.0
0643;2016K4;total;144;1258.0
0643;2017K1;total;118;1007.0
0643;2017K2;total;108;922.0
0643;2017K3;total;134;1144.0
0643;2017K4;total;145;1238.0
0643;2018K1;total;95;792.0
0643;2018K2;total;150;1251.0
0643;2018K3;total;132;1101.0
0643;2018K4;total;98;817.0
0643;2019K1;total;89;724.0
0643;2019K2;total;135;1099.0
0643;2019K3;total;135;1099.0
0643;2019K4;total;130;1058.0
0643;2020K1;total;100;799.0
0643;2020K2;total;137;1095.0
0643;2020K3;total;129;1031.0
0643;2020K4;total;123;983.0
0643;2021K1;total;106;835.0
0643;2021K2;total;109;858.0
0643;2021K3;total;114;898.0
0643;2021K4;total;132;1039.0
0643;2022K1;total;100;771.0
0643;2022K2;total;126;972.0
0643;2022K3;total;96;740.0
0643;2022K4;total;154;1187.0
0643;2023K1;total;163;1235.0
0643;2023K2;total;202;1530.0
0643;2023K3;total;203;1538.0
0643;2023K4;total;200;1515.0
0643;2024K1;total;213;1596.0
0643;2024K2;total;198;1483.0
0643;2024K3;total;196;1468.0
0643;2024K4;total;175;1311.0
0643;2025K1;total;181;1342.0
0643;2025K2;total;174;1290.0
0643;2025K3;total;157;1164.0
0643;2025K4;total;174;1290.0
0643;2026 prel.K1;total;144;1066.0
0643;2026 prel.K2;total;155;1147.0
0662;2014K1;total;464;1615.0
0662;2014K2;total;645;2245.0
0662;2015K1;total;523;1803.0
0662;2015K2;total;591;2038.0
0662;2015K3;total;618;2131.0
0662;2015K4;total;656;2262.0
0662;2016K1;total;544;1852.0
0662;2016K2;total;663;2257.0
0662;2016K3;total;644;2192.0
0662;2016K4;total;747;2543.0
0662;2017K1;total;595;2013.0
0662;2017K2;total;681;2304.0
0662;2017K3;total;533;1804.0
0662;2017K4;total;506;1712.0
0662;2018K1;total;582;1957.0
0662;2018K2;total;586;1970.0
0662;2018K3;total;619;2081.0
0662;2018K4;total;690;2320.0
0662;2019K1;total;506;1692.0
0662;2019K2;total;828;2768.0
0662;2019K3;total;622;2080.0
0662;2019K4;total;571;1909.0
0662;2020K1;total;651;2185.0
0662;2020K2;total;896;3007.0
0662;2020K3;total;744;2497.0
0662;2020K4;total;737;2473.0
0662;2021K1;total;542;1831.0
0662;2021K2;total;599;2024.0
0662;2021K3;total;522;1764.0
0662;2021K4;total;518;1750.0
0662;2022K1;total;558;1890.0
0662;2022K2;total;544;1843.0
0662;2022K3;total;597;2022.0
0662;2022K4;total;593;2009.0
0662;2023K1;total;670;2291.0
0662;2023K2;total;762;2605.0
0662;2023K3;total;721;2465.0
0662;2023K4;total;727;2486.0
0662;2024K1;total;579;1999.0
0662;2024K2;total;707;2441.0
0662;2024K3;total;712;2459.0
0662;2024K4;total;609;2103.0
0662;2025K1;total;707;2456.0
0662;2025K2;total;762;2647.0
0662;2025K3;total;775;2692.0
0662;2025K4;total;653;2268.0
0662;2026 prel.K1;total;739;2580.0
0662;2026 prel.K2;total;746;2605.0
0665;2014K1;total;247;1869.0
0665;2014K2;total;251;1899.0
0665;2015K1;total;305;2293.0
0665;2015K2;total;327;2459.0
0665;2015K3;total;240;1804.0
0665;2015K4;total;335;2519.0
0665;2016K1;total;246;1821.0
0665;2016K2;total;283;2095.0
0665;2016K3;total;242;1792.0
0665;2016K4;total;200;1481.0
0665;2017K1;total;272;1979.0
0665;2017K2;total;251;1827.0
0665;2017K3;total;246;1790.0
0665;2017K4;total;259;1885.0
0665;2018K1;total;245;1761.0
0665;2018K2;total;258;1855.0
0665;2018K3;total;304;2185.0
0665;2018K4;total;267;1919.0
0665;2019K1;total;186;1317.0
0665;2019K2;total;225;1593.0
0665;2019K3;total;385;2725.0
0665;2019K4;total;381;2697.0
0665;2020K1;total;246;1708.0
0665;2020K2;total;305;2118.0
0665;2020K3;total;278;1930.0
0665;2020K4;total;275;1909.0
0665;2021K1;total;339;2316.0
0665;2021K2;total;281;1920.0
0665;2021K3;total;254;1735.0
0665;2021K4;total;224;1530.0
0665;2022K1;total;271;1831.0
0665;2022K2;total;279;1885.0
0665;2022K3;total;318;2149.0
0665;2022K4;total;345;2331.0
0665;2023K1;total;375;2528.0
0665;2023K2;total;294;1982.0
0665;2023K3;total;330;2225.0
0665;2023K4;total;256;1726.0
0665;2024K1;total;246;1660.0
0665;2024K2;total;281;1896.0
0665;2024K3;total;227;1532.0
0665;2024K4;total;289;1950.0
0665;2025K1;total;258;1733.0
0665;2025K2;total;258;1733.0
0665;2025K3;total;278;1868.0
0665;2025K4;total;281;1888.0
0665;2026 prel.K1;total;258;1727.0
0665;2026 prel.K2;total;348;2329.0
0680;2014K1;total;3112;2367.0
0680;2014K2;total;3535;2689.0
0680;2015K1;total;3052;2299.0
0680;2015K2;total;3554;2678.0
0680;2015K3;total;4097;3087.0
0680;2015K4;total;4219;3179.0
0680;2016K1;total;3674;2736.0
0680;2016K2;total;3725;2774.0
0680;2016K3;total;4001;2979.0
0680;2016K4;total;3898;2902.0
0680;2017K1;total;3268;2396.0
0680;2017K2;total;3831;2809.0
0680;2017K3;total;3655;2680.0
0680;2017K4;total;3703;2715.0
0680;2018K1;total;2802;2025.0
0680;2018K2;total;3615;2613.0
0680;2018K3;total;3372;2437.0
0680;2018K4;total;3428;2478.0
0680;2019K1;total;2947;2103.0
0680;2019K2;total;3230;2305.0
0680;2019K3;total;3362;2399.0
0680;2019K4;total;3176;2266.0
0680;2020K1;total;2920;2060.0
0680;2020K2;total;3574;2521.0
0680;2020K3;total;3351;2364.0
0680;2020K4;total;3719;2624.0
0680;2021K1;total;2929;2048.0
0680;2021K2;total;3052;2134.0
0680;2021K3;total;3277;2292.0
0680;2021K4;total;3087;2159.0
0680;2022K1;total;2908;2015.0
0680;2022K2;total;3285;2276.0
0680;2022K3;total;3324;2303.0
0680;2022K4;total;3690;2556.0
0680;2023K1;total;3389;2327.0
0680;2023K2;total;3967;2724.0
0680;2023K3;total;3884;2667.0
0680;2023K4;total;4132;2837.0
0680;2024K1;total;3810;2595.0
0680;2024K2;total;3895;2652.0
0680;2024K3;total;3846;2619.0
0680;2024K4;total;3712;2528.0
0680;2025K1;total;3635;2458.0
0680;2025K2;total;3855;2606.0
0680;2025K3;total;3437;2324.0
0680;2025K4;total;3541;2394.0
0680;2026 prel.K1;total;3101;2093.0
0680;2026 prel.K2;total;3633;2452.0
0682;2014K1;total;890;2995.0
0682;2014K2;total;1085;3652.0
0682;2015K1;total;726;2406.0
0682;2015K2;total;936;3101.0
0682;2015K3;total;782;2591.0
0682;2015K4;total;841;2787.0
0682;2016K1;total;701;2288.0
0682;2016K2;total;1033;3372.0
0682;2016K3;total;811;2647.0
0682;2016K4;total;757;2471.0
0682;2017K1;total;648;2090.0
0682;2017K2;total;766;2471.0
0682;2017K3;total;702;2265.0
0682;2017K4;total;903;2913.0
0682;2018K1;total;654;2088.0
0682;2018K2;total;771;2461.0
0682;2018K3;total;794;2535.0
0682;2018K4;total;715;2282.0
0682;2019K1;total;853;2707.0
0682;2019K2;total;794;2520.0
0682;2019K3;total;798;2533.0
0682;2019K4;total;702;2228.0
0682;2020K1;total;793;2513.0
0682;2020K2;total;783;2482.0
0682;2020K3;total;901;2856.0
0682;2020K4;total;958;3036.0
0682;2021K1;total;899;2838.0
0682;2021K2;total;898;2835.0
0682;2021K3;total;860;2715.0
0682;2021K4;total;768;2425.0
0682;2022K1;total;611;1918.0
0682;2022K2;total;764;2398.0
0682;2022K3;total;838;2630.0
0682;2022K4;total;863;2708.0
0682;2023K1;total;814;2560.0
0682;2023K2;total;934;2937.0
0682;2023K3;total;1064;3346.0
0682;2023K4;total;954;3000.0
0682;2024K1;total;973;3076.0
0682;2024K2;total;931;2943.0
0682;2024K3;total;928;2934.0
0682;2024K4;total;794;2510.0
0682;2025K1;total;881;2794.0
0682;2025K2;total;886;2810.0
0682;2025K3;total;872;2766.0
0682;2025K4;total;915;2902.0
0682;2026 prel.K1;total;787;2500.0
0682;2026 prel.K2;total;856;2720.0
0683;2014K1;total;764;2298.0
0683;2014K2;total;661;1988.0
0683;2015K1;total;725;2170.0
0683;2015K2;total;881;2637.0
0683;2015K3;total;920;2754.0
0683;2015K4;total;894;2676.0
0683;2016K1;total;634;1882.0
0683;2016K2;total;879;2609.0
0683;2016K3;total;825;2449.0
0683;2016K4;total;773;2294.0
0683;2017K1;total;876;2572.0
0683;2017K2;total;919;2698.0
0683;2017K3;total;724;2126.0
0683;2017K4;total;807;2370.0
0683;2018K1;total;741;2159.0
0683;2018K2;total;760;2215.0
0683;2018K3;total;881;2567.0
0683;2018K4;total;854;2489.0
0683;2019K1;total;872;2528.0
0683;2019K2;total;679;1968.0
0683;2019K3;total;720;2087.0
0683;2019K4;total;739;2142.0
0683;2020K1;total;821;2377.0
0683;2020K2;total;927;2683.0
0683;2020K3;total;747;2162.0
0683;2020K4;total;906;2623.0
0683;2021K1;total;786;2272.0
0683;2021K2;total;797;2304.0
0683;2021K3;total;685;1980.0
0683;2021K4;total;870;2515.0
0683;2022K1;total;796;2296.0
0683;2022K2;total;753;2171.0
0683;2022K3;total;875;2523.0
0683;2022K4;total;1058;3051.0
0683;2023K1;total;915;2641.0
0683;2023K2;total;1016;2932.0
0683;2023K3;total;983;2837.0
0683;2023K4;total;805;2323.0
0683;2024K1;total;906;2621.0
0683;2024K2;total;934;2702.0
0683;2024K3;total;929;2688.0
0683;2024K4;total;862;2494.0
0683;2025K1;total;848;2455.0
0683;2025K2;total;940;2722.0
0683;2025K3;total;916;2652.0
0683;2025K4;total;959;2777.0
0683;2026 prel.K1;total;983;2846.0
0683;2026 prel.K2;total;881;2551.0
0684;2014K1;total;260;2356.0
0684;2014K2;total;217;1967.0
0684;2015K1;total;209;1872.0
0684;2015K2;total;243;2177.0
0684;2015K3;total;238;2132.0
0684;2015K4;total;211;1890.0
0684;2016K1;total;263;2325.0
0684;2016K2;total;237;2095.0
0684;2016K3;total;247;2184.0
0684;2016K4;total;203;1795.0
0684;2017K1;total;218;1905.0
0684;2017K2;total;223;1948.0
0684;2017K3;total;202;1765.0
0684;2017K4;total;216;1887.0
0684;2018K1;total;224;1937.0
0684;2018K2;total;243;2101.0
0684;2018K3;total;211;1825.0
0684;2018K4;total;243;2101.0
0684;2019K1;total;205;1759.0
0684;2019K2;total;203;1742.0
0684;2019K3;total;188;1613.0
0684;2019K4;total;199;1708.0
0684;2020K1;total;180;1539.0
0684;2020K2;total;246;2103.0
0684;2020K3;total;179;1530.0
0684;2020K4;total;190;1624.0
0684;2021K1;total;185;1579.0
0684;2021K2;total;164;1400.0
0684;2021K3;total;203;1733.0
0684;2021K4;total;224;1912.0
0684;2022K1;total;183;1559.0
0684;2022K2;total;239;2036.0
0684;2022K3;total;172;1465.0
0684;2022K4;total;249;2121.0
0684;2023K1;total;231;1971.0
0684;2023K2;total;268;2287.0
0684;2023K3;total;288;2457.0
0684;2023K4;total;254;2167.0
0684;2024K1;total;237;2041.0
0684;2024K2;total;343;2954.0
0684;2024K3;total;344;2962.0
0684;2024K4;total;309;2661.0
0684;2025K1;total;274;2373.0
0684;2025K2;total;353;3057.0
0684;2025K3;total;281;2434.0
0684;2025K4;total;276;2390.0
0684;2026 prel.K1;total;289;2506.0
0684;2026 prel.K2;total;289;2506.0
0685;2014K1;total;507;1911.0
0685;2014K2;total;448;1688.0
0685;2015K1;total;418;1562.0
0685;2015K2;total;485;1812.0
0685;2015K3;total;588;2197.0
0685;2015K4;total;506;1891.0
0685;2016K1;total;527;1948.0
0685;2016K2;total;557;2059.0
0685;2016K3;total;484;1789.0
0685;2016K4;total;440;1626.0
0685;2017K1;total;431;1577.0
0685;2017K2;total;532;1947.0
0685;2017K3;total;484;1771.0
0685;2017K4;total;509;1863.0
0685;2018K1;total;809;2946.0
0685;2018K2;total;578;2105.0
0685;2018K3;total;525;1912.0
0685;2018K4;total;440;1602.0
0685;2019K1;total;394;1434.0
0685;2019K2;total;430;1564.0
0685;2019K3;total;425;1546.0
0685;2019K4;total;390;1419.0
0685;2020K1;total;453;1648.0
0685;2020K2;total;500;1819.0
0685;2020K3;total;524;1907.0
0685;2020K4;total;448;1630.0
0685;2021K1;total;374;1357.0
0685;2021K2;total;464;1684.0
0685;2021K3;total;478;1734.0
0685;2021K4;total;356;1292.0
0685;2022K1;total;383;1385.0
0685;2022K2;total;539;1950.0
0685;2022K3;total;586;2120.0
0685;2022K4;total;605;2188.0
0685;2023K1;total;686;2487.0
0685;2023K2;total;721;2614.0
0685;2023K3;total;765;2773.0
0685;2023K4;total;600;2175.0
0685;2024K1;total;531;1929.0
0685;2024K2;total;568;2064.0
0685;2024K3;total;580;2107.0
0685;2024K4;total;530;1926.0
0685;2025K1;total;638;2327.0
0685;2025K2;total;542;1977.0
0685;2025K3;total;610;2225.0
0685;2025K4;total;604;2203.0
0685;2026 prel.K1;total;520;1904.0
0685;2026 prel.K2;total;582;2131.0
0686;2014K1;total;426;2577.0
0686;2014K2;total;451;2728.0
0686;2015K1;total;451;2702.0
0686;2015K2;total;481;2881.0
0686;2015K3;total;469;2809.0
0686;2015K4;total;504;3019.0
0686;2016K1;total;384;2264.0
0686;2016K2;total;483;2848.0
0686;2016K3;total;563;3320.0
0686;2016K4;total;431;2541.0
0686;2017K1;total;302;1748.0
0686;2017K2;total;450;2605.0
0686;2017K3;total;471;2727.0
0686;2017K4;total;502;2906.0
0686;2018K1;total;378;2155.0
0686;2018K2;total;415;2366.0
0686;2018K3;total;515;2936.0
0686;2018K4;total;414;2360.0
0686;2019K1;total;387;2185.0
0686;2019K2;total;425;2400.0
0686;2019K3;total;514;2902.0
0686;2019K4;total;480;2710.0
0686;2020K1;total;458;2577.0
0686;2020K2;total;446;2510.0
0686;2020K3;total;459;2583.0
0686;2020K4;total;565;3179.0
0686;2021K1;total;510;2863.0
0686;2021K2;total;513;2880.0
0686;2021K3;total;440;2470.0
0686;2021K4;total;423;2375.0
0686;2022K1;total;450;2522.0
0686;2022K2;total;465;2606.0
0686;2022K3;total;514;2880.0
0686;2022K4;total;535;2998.0
0686;2023K1;total;585;3286.0
0686;2023K2;total;580;3258.0
0686;2023K3;total;598;3359.0
0686;2023K4;total;545;3061.0
0686;2024K1;total;530;2985.0
0686;2024K2;total;590;3323.0
0686;2024K3;total;600;3379.0
0686;2024K4;total;505;2844.0
0686;2025K1;total;518;2922.0
0686;2025K2;total;532;3001.0
0686;2025K3;total;544;3069.0
0686;2025K4;total;508;2866.0
0686;2026 prel.K1;total;480;2718.0
0686;2026 prel.K2;total;465;2633.0
0687;2014K1;total;396;2163.0
0687;2014K2;total;526;2873.0
0687;2015K1;total;441;2386.0
0687;2015K2;total;518;2803.0
0687;2015K3;total;560;3030.0
0687;2015K4;total;500;2705.0
0687;2016K1;total;387;2073.0
0687;2016K2;total;517;2769.0
0687;2016K3;total;421;2255.0
0687;2016K4;total;475;2544.0
0687;2017K1;total;398;2112.0
0687;2017K2;total;456;2420.0
0687;2017K3;total;339;1799.0
0687;2017K4;total;331;1757.0
0687;2018K1;total;357;1885.0
0687;2018K2;total;411;2170.0
0687;2018K3;total;362;1911.0
0687;2018K4;total;301;1589.0
0687;2019K1;total;362;1906.0
0687;2019K2;total;474;2495.0
0687;2019K3;total;455;2395.0
0687;2019K4;total;492;2590.0
0687;2020K1;total;411;2169.0
0687;2020K2;total;450;2374.0
0687;2020K3;total;388;2047.0
0687;2020K4;total;541;2854.0
0687;2021K1;total;384;2033.0
0687;2021K2;total;428;2266.0
0687;2021K3;total;400;2118.0
0687;2021K4;total;542;2869.0
0687;2022K1;total;442;2346.0
0687;2022K2;total;404;2144.0
0687;2022K3;total;519;2755.0
0687;2022K4;total;485;2574.0
0687;2023K1;total;482;2567.0
0687;2023K2;total;555;2955.0
0687;2023K3;total;649;3456.0
0687;2023K4;total;545;2902.0
0687;2024K1;total;486;2599.0
0687;2024K2;total;521;2786.0
0687;2024K3;total;573;3064.0
0687;2024K4;total;448;2396.0
0687;2025K1;total;478;2573.0
0687;2025K2;total;425;2287.0
0687;2025K3;total;523;2815.0
0687;2025K4;total;498;2680.0
0687;2026 prel.K1;total;438;2361.0
0687;2026 prel.K2;total;480;2587.0
0760;2014K1;total;130;1405.0
0760;2014K2;total;162;1750.0
0760;2015K1;total;160;1726.0
0760;2015K2;total;212;2287.0
0760;2015K3;total;142;1532.0
0760;2015K4;total;150;1618.0
0760;2016K1;total;154;1636.0
0760;2016K2;total;186;1976.0
0760;2016K3;total;142;1508.0
0760;2016K4;total;120;1275.0
0760;2017K1;total;135;1416.0
0760;2017K2;total;134;1405.0
0760;2017K3;total;137;1437.0
0760;2017K4;total;149;1563.0
0760;2018K1;total;115;1202.0
0760;2018K2;total;186;1943.0
0760;2018K3;total;174;1818.0
0760;2018K4;total;180;1881.0
0760;2019K1;total;169;1763.0
0760;2019K2;total;186;1941.0
0760;2019K3;total;168;1753.0
0760;2019K4;total;175;1826.0
0760;2020K1;total;184;1928.0
0760;2020K2;total;206;2159.0
0760;2020K3;total;200;2096.0
0760;2020K4;total;141;1478.0
0760;2021K1;total;144;1520.0
0760;2021K2;total;155;1636.0
0760;2021K3;total;212;2238.0
0760;2021K4;total;170;1794.0
0760;2022K1;total;150;1590.0
0760;2022K2;total;196;2078.0
0760;2022K3;total;175;1855.0
0760;2022K4;total;149;1579.0
0760;2023K1;total;129;1381.0
0760;2023K2;total;161;1724.0
0760;2023K3;total;190;2034.0
0760;2023K4;total;196;2098.0
0760;2024K1;total;153;1668.0
0760;2024K2;total;180;1962.0
0760;2024K3;total;230;2507.0
0760;2024K4;total;242;2638.0
0760;2025K1;total;310;3450.0
0760;2025K2;total;270;3005.0
0760;2025K3;total;247;2749.0
0760;2025K4;total;209;2326.0
0760;2026 prel.K1;total;183;2054.0
0760;2026 prel.K2;total;191;2143.0
0761;2014K1;total;145;1778.0
0761;2014K2;total;193;2366.0
0761;2015K1;total;125;1491.0
0761;2015K2;total;248;2957.0
0761;2015K3;total;184;2194.0
0761;2015K4;total;157;1872.0
0761;2016K1;total;106;1227.0
0761;2016K2;total;194;2246.0
0761;2016K3;total;199;2304.0
0761;2016K4;total;161;1864.0
0761;2017K1;total;117;1332.0
0761;2017K2;total;170;1936.0
0761;2017K3;total;173;1970.0
0761;2017K4;total;162;1844.0
0761;2018K1;total;150;1706.0
0761;2018K2;total;172;1956.0
0761;2018K3;total;178;2024.0
0761;2018K4;total;161;1831.0
0761;2019K1;total;191;2181.0
0761;2019K2;total;203;2318.0
0761;2019K3;total;370;4225.0
0761;2019K4;total;217;2478.0
0761;2020K1;total;182;2093.0
0761;2020K2;total;260;2991.0
0761;2020K3;total;255;2933.0
0761;2020K4;total;184;2116.0
0761;2021K1;total;181;2101.0
0761;2021K2;total;245;2844.0
0761;2021K3;total;258;2995.0
0761;2021K4;total;215;2496.0
0761;2022K1;total;228;2673.0
0761;2022K2;total;194;2274.0
0761;2022K3;total;214;2509.0
0761;2022K4;total;210;2462.0
0761;2023K1;total;185;2199.0
0761;2023K2;total;262;3114.0
0761;2023K3;total;196;2330.0
0761;2023K4;total;240;2853.0
0761;2024K1;total;180;2165.0
0761;2024K2;total;218;2622.0
0761;2024K3;total;192;2309.0
0761;2024K4;total;154;1852.0
0761;2025K1;total;211;2573.0
0761;2025K2;total;208;2536.0
0761;2025K3;total;223;2719.0
0761;2025K4;total;200;2438.0
0761;2026 prel.K1;total;191;2354.0
0761;2026 prel.K2;total;195;2403.0
0763;2014K1;total;208;1708.0
0763;2014K2;total;274;2250.0
0763;2015K1;total;253;2069.0
0763;2015K2;total;327;2674.0
0763;2015K3;total;309;2527.0
0763;2015K4;total;264;2159.0
0763;2016K1;total;232;1882.0
0763;2016K2;total;249;2020.0
0763;2016K3;total;282;2288.0
0763;2016K4;total;273;2215.0
0763;2017K1;total;206;1658.0
0763;2017K2;total;261;2101.0
0763;2017K3;total;230;1852.0
0763;2017K4;total;273;2198.0
0763;2018K1;total;249;2003.0
0763;2018K2;total;256;2060.0
0763;2018K3;total;285;2293.0
0763;2018K4;total;253;2036.0
0763;2019K1;total;227;1831.0
0763;2019K2;total;298;2403.0
0763;2019K3;total;356;2871.0
0763;2019K4;total;228;1839.0
0763;2020K1;total;262;2116.0
0763;2020K2;total;255;2060.0
0763;2020K3;total;292;2358.0
0763;2020K4;total;234;1890.0
0763;2021K1;total;203;1645.0
0763;2021K2;total;262;2122.0
0763;2021K3;total;301;2438.0
0763;2021K4;total;237;1920.0
0763;2022K1;total;240;1950.0
0763;2022K2;total;260;2112.0
0763;2022K3;total;344;2795.0
0763;2022K4;total;330;2681.0
0763;2023K1;total;399;3264.0
0763;2023K2;total;389;3182.0
0763;2023K3;total;382;3124.0
0763;2023K4;total;330;2699.0
0763;2024K1;total;346;2867.0
0763;2024K2;total;374;3099.0
0763;2024K3;total;364;3016.0
0763;2024K4;total;379;3141.0
0763;2025K1;total;374;3135.0
0763;2025K2;total;364;3051.0
0763;2025K3;total;307;2573.0
0763;2025K4;total;284;2380.0
0763;2026 prel.K1;total;281;2362.0
0763;2026 prel.K2;total;483;4060.0
0764;2014K1;total;300;1547.0
0764;2014K2;total;394;2032.0
0764;2015K1;total;380;1945.0
0764;2015K2;total;428;2190.0
0764;2015K3;total;471;2410.0
0764;2015K4;total;343;1755.0
0764;2016K1;total;335;1699.0
0764;2016K2;total;354;1796.0
0764;2016K3;total;356;1806.0
0764;2016K4;total;334;1694.0
0764;2017K1;total;375;1881.0
0764;2017K2;total;450;2257.0
0764;2017K3;total;402;2016.0
0764;2017K4;total;383;1921.0
0764;2018K1;total;314;1563.0
0764;2018K2;total;393;1956.0
0764;2018K3;total;419;2086.0
0764;2018K4;total;310;1543.0
0764;2019K1;total;357;1772.0
0764;2019K2;total;321;1594.0
0764;2019K3;total;279;1385.0
0764;2019K4;total;308;1529.0
0764;2020K1;total;334;1655.0
0764;2020K2;total;370;1834.0
0764;2020K3;total;412;2042.0
0764;2020K4;total;482;2389.0
0764;2021K1;total;411;2029.0
0764;2021K2;total;342;1688.0
0764;2021K3;total;374;1846.0
0764;2021K4;total;360;1777.0
0764;2022K1;total;382;1884.0
0764;2022K2;total;424;2092.0
0764;2022K3;total;423;2087.0
0764;2022K4;total;400;1973.0
0764;2023K1;total;370;1836.0
0764;2023K2;total;508;2521.0
0764;2023K3;total;514;2551.0
0764;2023K4;total;353;1752.0
0764;2024K1;total;468;2344.0
0764;2024K2;total;535;2679.0
0764;2024K3;total;506;2534.0
0764;2024K4;total;416;2083.0
0764;2025K1;total;433;2191.0
0764;2025K2;total;416;2105.0
0764;2025K3;total;439;2222.0
0764;2025K4;total;360;1822.0
0764;2026 prel.K1;total;461;2342.0
0764;2026 prel.K2;total;445;2260.0
0765;2014K1;total;260;1642.0
0765;2014K2;total;369;2331.0
0765;2015K1;total;281;1752.0
0765;2015K2;total;327;2039.0
0765;2015K3;total;335;2089.0
0765;2015K4;total;300;1871.0
0765;2016K1;total;282;1720.0
0765;2016K2;total;321;1958.0
0765;2016K3;total;302;1842.0
0765;2016K4;total;350;2135.0
0765;2017K1;total;307;1818.0
0765;2017K2;total;403;2387.0
0765;2017K3;total;348;2061.0
0765;2017K4;total;277;1641.0
0765;2018K1;total;334;1924.0
0765;2018K2;total;335;1930.0
0765;2018K3;total;371;2137.0
0765;2018K4;total;324;1867.0
0765;2019K1;total;357;2027.0
0765;2019K2;total;292;1658.0
0765;2019K3;total;264;1499.0
0765;2019K4;total;307;1743.0
0765;2020K1;total;341;1919.0
0765;2020K2;total;310;1745.0
0765;2020K3;total;290;1632.0
0765;2020K4;total;262;1475.0
0765;2021K1;total;323;1802.0
0765;2021K2;total;455;2539.0
0765;2021K3;total;325;1813.0
0765;2021K4;total;279;1557.0
0765;2022K1;total;326;1808.0
0765;2022K2;total;397;2202.0
0765;2022K3;total;405;2247.0
0765;2022K4;total;478;2652.0
0765;2023K1;total;305;1693.0
0765;2023K2;total;446;2476.0
0765;2023K3;total;348;1932.0
0765;2023K4;total;323;1793.0
0765;2024K1;total;354;1989.0
0765;2024K2;total;367;2062.0
0765;2024K3;total;427;2399.0
0765;2024K4;total;539;3028.0
0765;2025K1;total;379;2151.0
0765;2025K2;total;426;2418.0
0765;2025K3;total;449;2549.0
0765;2025K4;total;511;2901.0
0765;2026 prel.K1;total;442;2514.0
0765;2026 prel.K2;total;373;2122.0
0767;2014K1;total;184;1930.0
0767;2014K2;total;310;3252.0
0767;2015K1;total;241;2494.0
0767;2015K2;total;283;2928.0
0767;2015K3;total;282;2918.0
0767;2015K4;total;220;2276.0
0767;2016K1;total;235;2377.0
0767;2016K2;total;290;2934.0
0767;2016K3;total;241;2438.0
0767;2016K4;total;231;2337.0
0767;2017K1;total;220;2182.0
0767;2017K2;total;294;2917.0
0767;2017K3;total;261;2589.0
0767;2017K4;total;274;2718.0
0767;2018K1;total;345;3377.0
0767;2018K2;total;372;3642.0
0767;2018K3;total;433;4239.0
0767;2018K4;total;275;2692.0
0767;2019K1;total;288;2799.0
0767;2019K2;total;236;2293.0
0767;2019K3;total;267;2595.0
0767;2019K4;total;338;3285.0
0767;2020K1;total;301;2909.0
0767;2020K2;total;320;3093.0
0767;2020K3;total;351;3392.0
0767;2020K4;total;316;3054.0
0767;2021K1;total;279;2697.0
0767;2021K2;total;309;2987.0
0767;2021K3;total;390;3769.0
0767;2021K4;total;377;3644.0
0767;2022K1;total;307;2997.0
0767;2022K2;total;317;3095.0
0767;2022K3;total;317;3095.0
0767;2022K4;total;456;4452.0
0767;2023K1;total;274;2707.0
0767;2023K2;total;331;3270.0
0767;2023K3;total;334;3300.0
0767;2023K4;total;299;2954.0
0767;2024K1;total;347;3463.0
0767;2024K2;total;397;3962.0
0767;2024K3;total;383;3822.0
0767;2024K4;total;317;3164.0
0767;2025K1;total;277;2798.0
0767;2025K2;total;266;2687.0
0767;2025K3;total;292;2949.0
0767;2025K4;total;286;2889.0
0767;2026 prel.K1;total;249;2525.0
0767;2026 prel.K2;total;375;3802.0
0780;2014K1;total;1970;2280.0
0780;2014K2;total;2451;2837.0
0780;2015K1;total;2215;2530.0
0780;2015K2;total;2362;2698.0
0780;2015K3;total;2212;2527.0
0780;2015K4;total;2215;2530.0
0780;2016K1;total;1998;2250.0
0780;2016K2;total;2434;2741.0
0780;2016K3;total;2339;2634.0
0780;2016K4;total;2181;2456.0
0780;2017K1;total;1897;2101.0
0780;2017K2;total;2370;2625.0
0780;2017K3;total;2351;2604.0
0780;2017K4;total;2367;2622.0
0780;2018K1;total;1850;2015.0
0780;2018K2;total;2266;2468.0
0780;2018K3;total;2207;2404.0
0780;2018K4;total;2138;2329.0
0780;2019K1;total;1998;2140.0
0780;2019K2;total;2343;2510.0
0780;2019K3;total;2348;2515.0
0780;2019K4;total;2071;2219.0
0780;2020K1;total;2221;2350.0
0780;2020K2;total;2312;2447.0
0780;2020K3;total;2331;2467.0
0780;2020K4;total;2185;2312.0
0780;2021K1;total;2122;2224.0
0780;2021K2;total;2351;2464.0
0780;2021K3;total;2366;2479.0
0780;2021K4;total;2068;2167.0
0780;2022K1;total;1964;2034.0
0780;2022K2;total;2292;2374.0
0780;2022K3;total;2540;2630.0
0780;2022K4;total;2149;2225.0
0780;2023K1;total;2291;2353.0
0780;2023K2;total;2635;2707.0
0780;2023K3;total;2794;2870.0
0780;2023K4;total;2467;2534.0
0780;2024K1;total;2354;2404.0
0780;2024K2;total;3002;3065.0
0780;2024K3;total;2674;2730.0
0780;2024K4;total;2853;2913.0
0780;2025K1;total;2958;2999.0
0780;2025K2;total;3019;3061.0
0780;2025K3;total;3013;3055.0
0780;2025K4;total;2969;3010.0
0780;2026 prel.K1;total;2467;2493.0
0780;2026 prel.K2;total;2924;2955.0
0781;2014K1;total;558;2037.0
0781;2014K2;total;713;2602.0
0781;2015K1;total;511;1853.0
0781;2015K2;total;560;2030.0
0781;2015K3;total;582;2110.0
0781;2015K4;total;634;2299.0
0781;2016K1;total;508;1826.0
0781;2016K2;total;673;2419.0
0781;2016K3;total;598;2149.0
0781;2016K4;total;612;2200.0
0781;2017K1;total;539;1915.0
0781;2017K2;total;673;2391.0
0781;2017K3;total;758;2692.0
0781;2017K4;total;771;2739.0
0781;2018K1;total;612;2152.0
0781;2018K2;total;740;2602.0
0781;2018K3;total;616;2166.0
0781;2018K4;total;581;2043.0
0781;2019K1;total;504;1766.0
0781;2019K2;total;532;1864.0
0781;2019K3;total;587;2056.0
0781;2019K4;total;590;2067.0
0781;2020K1;total;617;2168.0
0781;2020K2;total;621;2182.0
0781;2020K3;total;785;2758.0
0781;2020K4;total;646;2270.0
0781;2021K1;total;547;1925.0
0781;2021K2;total;665;2340.0
0781;2021K3;total;611;2150.0
0781;2021K4;total;595;2094.0
0781;2022K1;total;627;2203.0
0781;2022K2;total;686;2411.0
0781;2022K3;total;756;2657.0
0781;2022K4;total;700;2460.0
0781;2023K1;total;606;2134.0
0781;2023K2;total;714;2515.0
0781;2023K3;total;742;2613.0
0781;2023K4;total;697;2455.0
0781;2024K1;total;616;2178.0
0781;2024K2;total;714;2524.0
0781;2024K3;total;821;2902.0
0781;2024K4;total;731;2584.0
0781;2025K1;total;801;2840.0
0781;2025K2;total;785;2783.0
0781;2025K3;total;828;2936.0
0781;2025K4;total;662;2347.0
0781;2026 prel.K1;total;718;2552.0
0781;2026 prel.K2;total;650;2311.0
0821;2014K1;total;103;1791.0
0821;2014K2;total;172;2991.0
0821;2015K1;total;136;2337.0
0821;2015K2;total;154;2646.0
0821;2015K3;total;132;2268.0
0821;2015K4;total;170;2921.0
0821;2016K1;total;129;2161.0
0821;2016K2;total;172;2882.0
0821;2016K3;total;138;2312.0
0821;2016K4;total;135;2262.0
0821;2017K1;total;158;2597.0
0821;2017K2;total;184;3025.0
0821;2017K3;total;167;2745.0
0821;2017K4;total;144;2367.0
0821;2018K1;total;173;2840.0
0821;2018K2;total;176;2890.0
0821;2018K3;total;182;2988.0
0821;2018K4;total;167;2742.0
0821;2019K1;total;138;2297.0
0821;2019K2;total;196;3263.0
0821;2019K3;total;209;3479.0
0821;2019K4;total;150;2497.0
0821;2020K1;total;169;2901.0
0821;2020K2;total;183;3141.0
0821;2020K3;total;132;2266.0
0821;2020K4;total;172;2952.0
0821;2021K1;total;136;2391.0
0821;2021K2;total;202;3551.0
0821;2021K3;total;198;3481.0
0821;2021K4;total;164;2883.0
0821;2022K1;total;163;2903.0
0821;2022K2;total;147;2618.0
0821;2022K3;total;178;3170.0
0821;2022K4;total;154;2743.0
0821;2023K1;total;159;2885.0
0821;2023K2;total;199;3611.0
0821;2023K3;total;185;3357.0
0821;2023K4;total;138;2504.0
0821;2024K1;total;164;3045.0
0821;2024K2;total;189;3509.0
0821;2024K3;total;210;3899.0
0821;2024K4;total;162;3008.0
0821;2025K1;total;120;2296.0
0821;2025K2;total;174;3329.0
0821;2025K3;total;112;2143.0
0821;2025K4;total;138;2640.0
0821;2026 prel.K1;total;134;2610.0
0821;2026 prel.K2;total;187;3642.0
0834;2014K1;total;91;1318.0
0834;2014K2;total;187;2709.0
0834;2015K1;total;150;2163.0
0834;2015K2;total;172;2481.0
0834;2015K3;total;265;3822.0
0834;2015K4;total;145;2091.0
0834;2016K1;total;171;2442.0
0834;2016K2;total;123;1756.0
0834;2016K3;total;159;2270.0
0834;2016K4;total;98;1399.0
0834;2017K1;total;182;2573.0
0834;2017K2;total;176;2488.0
0834;2017K3;total;180;2545.0
0834;2017K4;total;139;1965.0
0834;2018K1;total;146;2059.0
0834;2018K2;total;184;2595.0
0834;2018K3;total;132;1862.0
0834;2018K4;total;187;2637.0
0834;2019K1;total;214;3009.0
0834;2019K2;total;172;2419.0
0834;2019K3;total;161;2264.0
0834;2019K4;total;195;2742.0
0834;2020K1;total;190;2662.0
0834;2020K2;total;130;1821.0
0834;2020K3;total;270;3783.0
0834;2020K4;total;159;2228.0
0834;2021K1;total;114;1599.0
0834;2021K2;total;138;1935.0
0834;2021K3;total;101;1416.0
0834;2021K4;total;101;1416.0
0834;2022K1;total;129;1823.0
0834;2022K2;total;119;1681.0
0834;2022K3;total;110;1554.0
0834;2022K4;total;126;1780.0
0834;2023K1;total;144;2051.0
0834;2023K2;total;154;2193.0
0834;2023K3;total;171;2435.0
0834;2023K4;total;155;2207.0
0834;2024K1;total;106;1516.0
0834;2024K2;total;111;1587.0
0834;2024K3;total;198;2831.0
0834;2024K4;total;195;2789.0
0834;2025K1;total;134;1928.0
0834;2025K2;total;148;2129.0
0834;2025K3;total;174;2503.0
0834;2025K4;total;158;2273.0
0834;2026 prel.K1;total;105;1518.0
0834;2026 prel.K2;total;143;2067.0
0840;2014K1;total;149;1032.0
0840;2014K2;total;194;1344.0
0840;2015K1;total;187;1282.0
0840;2015K2;total;170;1166.0
0840;2015K3;total;300;2057.0
0840;2015K4;total;137;939.0
0840;2016K1;total;175;1183.0
0840;2016K2;total;211;1426.0
0840;2016K3;total;243;1643.0
0840;2016K4;total;145;980.0
0840;2017K1;total;141;943.0
0840;2017K2;total;256;1711.0
0840;2017K3;total;232;1551.0
0840;2017K4;total;174;1163.0
0840;2018K1;total;172;1145.0
0840;2018K2;total;226;1504.0
0840;2018K3;total;529;3521.0
0840;2018K4;total;192;1278.0
0840;2019K1;total;145;957.0
0840;2019K2;total;175;1155.0
0840;2019K3;total;330;2178.0
0840;2019K4;total;194;1281.0
0840;2020K1;total;196;1275.0
0840;2020K2;total;190;1236.0
0840;2020K3;total;232;1510.0
0840;2020K4;total;157;1022.0
0840;2021K1;total;151;968.0
0840;2021K2;total;239;1532.0
0840;2021K3;total;262;1679.0
0840;2021K4;total;166;1064.0
0840;2022K1;total;185;1167.0
0840;2022K2;total;252;1590.0
0840;2022K3;total;293;1848.0
0840;2022K4;total;241;1520.0
0840;2023K1;total;175;1089.0
0840;2023K2;total;269;1674.0
0840;2023K3;total;305;1899.0
0840;2023K4;total;244;1519.0
0840;2024K1;total;314;1943.0
0840;2024K2;total;262;1621.0
0840;2024K3;total;375;2320.0
0840;2024K4;total;197;1219.0
0840;2025K1;total;297;1826.0
0840;2025K2;total;219;1346.0
0840;2025K3;total;330;2029.0
0840;2025K4;total;237;1457.0
0840;2026 prel.K1;total;200;1227.0
0840;2026 prel.K2;total;260;1595.0
0860;2014K1;total;270;1973.0
0860;2014K2;total;272;1987.0
0860;2015K1;total;360;2603.0
0860;2015K2;total;329;2379.0
0860;2015K3;total;424;3066.0
0860;2015K4;total;348;2517.0
0860;2016K1;total;303;2124.0
0860;2016K2;total;310;2173.0
0860;2016K3;total;312;2187.0
0860;2016K4;total;295;2068.0
0860;2017K1;total;307;2104.0
0860;2017K2;total;358;2453.0
0860;2017K3;total;318;2179.0
0860;2017K4;total;252;1727.0
0860;2018K1;total;283;1956.0
0860;2018K2;total;425;2937.0
0860;2018K3;total;338;2336.0
0860;2018K4;total;399;2758.0
0860;2019K1;total;347;2428.0
0860;2019K2;total;388;2715.0
0860;2019K3;total;437;3058.0
0860;2019K4;total;393;2750.0
0860;2020K1;total;367;2591.0
0860;2020K2;total;372;2626.0
0860;2020K3;total;356;2513.0
0860;2020K4;total;373;2633.0
0860;2021K1;total;328;2329.0
0860;2021K2;total;416;2954.0
0860;2021K3;total;374;2656.0
0860;2021K4;total;344;2443.0
0860;2022K1;total;403;2866.0
0860;2022K2;total;447;3179.0
0860;2022K3;total;394;2802.0
0860;2022K4;total;313;2226.0
0860;2023K1;total;328;2347.0
0860;2023K2;total;408;2920.0
0860;2023K3;total;535;3829.0
0860;2023K4;total;456;3263.0
0860;2024K1;total;486;3527.0
0860;2024K2;total;473;3432.0
0860;2024K3;total;529;3839.0
0860;2024K4;total;417;3026.0
0860;2025K1;total;351;2585.0
0860;2025K2;total;391;2880.0
0860;2025K3;total;442;3255.0
0860;2025K4;total;381;2806.0
0860;2026 prel.K1;total;329;2440.0
0860;2026 prel.K2;total;339;2514.0
0861;2014K1;total;164;1261.0
0861;2014K2;total;222;1707.0
0861;2015K1;total;233;1779.0
0861;2015K2;total;267;2038.0
0861;2015K3;total;303;2313.0
0861;2015K4;total;221;1687.0
0861;2016K1;total;256;1929.0
0861;2016K2;total;278;2095.0
0861;2016K3;total;266;2005.0
0861;2016K4;total;301;2268.0
0861;2017K1;total;231;1718.0
0861;2017K2;total;295;2194.0
0861;2017K3;total;483;3592.0
0861;2017K4;total;271;2015.0
0861;2018K1;total;264;1951.0
0861;2018K2;total;260;1921.0
0861;2018K3;total;272;2010.0
0861;2018K4;total;224;1655.0
0861;2019K1;total;237;1756.0
0861;2019K2;total;303;2245.0
0861;2019K3;total;312;2312.0
0861;2019K4;total;326;2415.0
0861;2020K1;total;270;2023.0
0861;2020K2;total;286;2143.0
0861;2020K3;total;245;1836.0
0861;2020K4;total;267;2000.0
0861;2021K1;total;271;2044.0
0861;2021K2;total;343;2587.0
0861;2021K3;total;308;2323.0
0861;2021K4;total;311;2345.0
0861;2022K1;total;235;1771.0
0861;2022K2;total;287;2163.0
0861;2022K3;total;267;2013.0
0861;2022K4;total;368;2774.0
0861;2023K1;total;338;2560.0
0861;2023K2;total;328;2484.0
0861;2023K3;total;314;2378.0
0861;2023K4;total;295;2234.0
0861;2024K1;total;310;2366.0
0861;2024K2;total;232;1771.0
0861;2024K3;total;332;2534.0
0861;2024K4;total;232;1771.0
0861;2025K1;total;232;1781.0
0861;2025K2;total;310;2380.0
0861;2025K3;total;274;2104.0
0861;2025K4;total;235;1804.0
0861;2026 prel.K1;total;223;1718.0
0861;2026 prel.K2;total;370;2851.0
0862;2014K1;total;168;1869.0
0862;2014K2;total;197;2192.0
0862;2015K1;total;247;2729.0
0862;2015K2;total;395;4365.0
0862;2015K3;total;476;5260.0
0862;2015K4;total;285;3149.0
0862;2016K1;total;268;2907.0
0862;2016K2;total;251;2723.0
0862;2016K3;total;656;7116.0
0862;2016K4;total;278;3016.0
0862;2017K1;total;165;1763.0
0862;2017K2;total;235;2511.0
0862;2017K3;total;710;7587.0
0862;2017K4;total;193;2062.0
0862;2018K1;total;202;2153.0
0862;2018K2;total;198;2110.0
0862;2018K3;total;802;8546.0
0862;2018K4;total;270;2877.0
0862;2019K1;total;264;2802.0
0862;2019K2;total;310;3290.0
0862;2019K3;total;298;3163.0
0862;2019K4;total;316;3354.0
0862;2020K1;total;229;2436.0
0862;2020K2;total;291;3095.0
0862;2020K3;total;281;2989.0
0862;2020K4;total;276;2935.0
0862;2021K1;total;156;1669.0
0862;2021K2;total;220;2354.0
0862;2021K3;total;302;3232.0
0862;2021K4;total;268;2868.0
0862;2022K1;total;219;2345.0
0862;2022K2;total;271;2902.0
0862;2022K3;total;248;2656.0
0862;2022K4;total;269;2881.0
0862;2023K1;total;322;3499.0
0862;2023K2;total;208;2261.0
0862;2023K3;total;237;2576.0
0862;2023K4;total;157;1706.0
0862;2024K1;total;179;1979.0
0862;2024K2;total;248;2741.0
0862;2024K3;total;214;2366.0
0862;2024K4;total;214;2366.0
0862;2025K1;total;234;2627.0
0862;2025K2;total;226;2537.0
0862;2025K3;total;273;3065.0
0862;2025K4;total;260;2919.0
0862;2026 prel.K1;total;198;2248.0
0862;2026 prel.K2;total;274;3111.0
0880;2014K1;total;1512;2352.0
0880;2014K2;total;1553;2416.0
0880;2015K1;total;1661;2548.0
0880;2015K2;total;1671;2563.0
0880;2015K3;total;1729;2652.0
0880;2015K4;total;1685;2585.0
0880;2016K1;total;1514;2289.0
0880;2016K2;total;1716;2595.0
0880;2016K3;total;1567;2369.0
0880;2016K4;total;1365;2064.0
0880;2017K1;total;1620;2418.0
0880;2017K2;total;1772;2644.0
0880;2017K3;total;1851;2762.0
0880;2017K4;total;1816;2710.0
0880;2018K1;total;1853;2726.0
0880;2018K2;total;1791;2635.0
0880;2018K3;total;1936;2848.0
0880;2018K4;total;1916;2818.0
0880;2019K1;total;1651;2393.0
0880;2019K2;total;1579;2289.0
0880;2019K3;total;2050;2972.0
0880;2019K4;total;1936;2806.0
0880;2020K1;total;2122;3036.0
0880;2020K2;total;2181;3120.0
0880;2020K3;total;2434;3482.0
0880;2020K4;total;2421;3464.0
0880;2021K1;total;2044;2886.0
0880;2021K2;total;2206;3115.0
0880;2021K3;total;2590;3657.0
0880;2021K4;total;2009;2836.0
0880;2022K1;total;2146;2994.0
0880;2022K2;total;2538;3541.0
0880;2022K3;total;2442;3407.0
0880;2022K4;total;2205;3076.0
0880;2023K1;total;2098;2907.0
0880;2023K2;total;2298;3185.0
0880;2023K3;total;2286;3168.0
0880;2023K4;total;2179;3020.0
0880;2024K1;total;2274;3136.0
0880;2024K2;total;2288;3155.0
0880;2024K3;total;2541;3504.0
0880;2024K4;total;2183;3010.0
0880;2025K1;total;2051;2814.0
0880;2025K2;total;2528;3468.0
0880;2025K3;total;2552;3501.0
0880;2025K4;total;2177;2987.0
0880;2026 prel.K1;total;1911;2615.0
0880;2026 prel.K2;total;2006;2745.0
0881;2014K1;total;492;2510.0
0881;2014K2;total;427;2178.0
0881;2015K1;total;469;2377.0
0881;2015K2;total;565;2863.0
0881;2015K3;total;624;3162.0
0881;2015K4;total;508;2574.0
0881;2016K1;total;459;2291.0
0881;2016K2;total;547;2731.0
0881;2016K3;total;666;3325.0
0881;2016K4;total;502;2506.0
0881;2017K1;total;424;2083.0
0881;2017K2;total;517;2539.0
0881;2017K3;total;430;2112.0
0881;2017K4;total;480;2358.0
0881;2018K1;total;454;2228.0
0881;2018K2;total;483;2370.0
0881;2018K3;total;511;2508.0
0881;2018K4;total;547;2684.0
0881;2019K1;total;510;2508.0
0881;2019K2;total;626;3079.0
0881;2019K3;total;698;3433.0
0881;2019K4;total;671;3300.0
0881;2020K1;total;600;2956.0
0881;2020K2;total;684;3370.0
0881;2020K3;total;590;2907.0
0881;2020K4;total;583;2873.0
0881;2021K1;total;480;2367.0
0881;2021K2;total;490;2416.0
0881;2021K3;total;458;2259.0
0881;2021K4;total;607;2993.0
0881;2022K1;total;492;2424.0
0881;2022K2;total;554;2730.0
0881;2022K3;total;592;2917.0
0881;2022K4;total;555;2735.0
0881;2023K1;total;424;2097.0
0881;2023K2;total;581;2873.0
0881;2023K3;total;469;2319.0
0881;2023K4;total;483;2388.0
0881;2024K1;total;557;2776.0
0881;2024K2;total;565;2816.0
0881;2024K3;total;538;2681.0
0881;2024K4;total;531;2646.0
0881;2025K1;total;592;2978.0
0881;2025K2;total;664;3341.0
0881;2025K3;total;630;3169.0
0881;2025K4;total;485;2440.0
0881;2026 prel.K1;total;427;2156.0
0881;2026 prel.K2;total;526;2656.0
0882;2014K1;total;375;1428.0
0882;2014K2;total;458;1744.0
0882;2015K1;total;353;1338.0
0882;2015K2;total;459;1740.0
0882;2015K3;total;475;1801.0
0882;2015K4;total;428;1623.0
0882;2016K1;total;385;1440.0
0882;2016K2;total;575;2151.0
0882;2016K3;total;542;2028.0
0882;2016K4;total;539;2017.0
0882;2017K1;total;454;1684.0
0882;2017K2;total;616;2284.0
0882;2017K3;total;653;2421.0
0882;2017K4;total;614;2277.0
0882;2018K1;total;450;1671.0
0882;2018K2;total;648;2406.0
0882;2018K3;total;531;1972.0
0882;2018K4;total;443;1645.0
0882;2019K1;total;696;2576.0
0882;2019K2;total;533;1973.0
0882;2019K3;total;673;2491.0
0882;2019K4;total;578;2140.0
0882;2020K1;total;650;2396.0
0882;2020K2;total;542;1998.0
0882;2020K3;total;515;1899.0
0882;2020K4;total;676;2492.0
0882;2021K1;total;485;1784.0
0882;2021K2;total;590;2170.0
0882;2021K3;total;655;2410.0
0882;2021K4;total;590;2170.0
0882;2022K1;total;501;1847.0
0882;2022K2;total;571;2105.0
0882;2022K3;total;564;2079.0
0882;2022K4;total;471;1736.0
0882;2023K1;total;621;2302.0
0882;2023K2;total;658;2439.0
0882;2023K3;total;703;2606.0
0882;2023K4;total;540;2002.0
0882;2024K1;total;569;2113.0
0882;2024K2;total;627;2328.0
0882;2024K3;total;662;2458.0
0882;2024K4;total;555;2061.0
0882;2025K1;total;732;2727.0
0882;2025K2;total;610;2273.0
0882;2025K3;total;625;2328.0
0882;2025K4;total;570;2123.0
0882;2026 prel.K1;total;423;1581.0
0882;2026 prel.K2;total;522;1951.0
0883;2014K1;total;666;1855.0
0883;2014K2;total;798;2223.0
0883;2015K1;total;607;1687.0
0883;2015K2;total;721;2004.0
0883;2015K3;total;1011;2810.0
0883;2015K4;total;751;2087.0
0883;2016K1;total;629;1735.0
0883;2016K2;total;848;2340.0
0883;2016K3;total;957;2640.0
0883;2016K4;total;779;2149.0
0883;2017K1;total;773;2118.0
0883;2017K2;total;913;2502.0
0883;2017K3;total;800;2192.0
0883;2017K4;total;865;2370.0
0883;2018K1;total;627;1712.0
0883;2018K2;total;737;2013.0
0883;2018K3;total;789;2155.0
0883;2018K4;total;658;1797.0
0883;2019K1;total;664;1810.0
0883;2019K2;total;800;2181.0
0883;2019K3;total;736;2007.0
0883;2019K4;total;680;1854.0
0883;2020K1;total;678;1849.0
0883;2020K2;total;827;2255.0
0883;2020K3;total;855;2332.0
0883;2020K4;total;798;2176.0
0883;2021K1;total;630;1717.0
0883;2021K2;total;723;1970.0
0883;2021K3;total;761;2074.0
0883;2021K4;total;699;1905.0
0883;2022K1;total;611;1665.0
0883;2022K2;total;855;2330.0
0883;2022K3;total;1050;2861.0
0883;2022K4;total;884;2409.0
0883;2023K1;total;904;2474.0
0883;2023K2;total;1007;2756.0
0883;2023K3;total;1138;3114.0
0883;2023K4;total;925;2531.0
0883;2024K1;total;851;2337.0
0883;2024K2;total;863;2370.0
0883;2024K3;total;1149;3155.0
0883;2024K4;total;911;2502.0
0883;2025K1;total;819;2253.0
0883;2025K2;total;895;2462.0
0883;2025K3;total;1147;3155.0
0883;2025K4;total;840;2310.0
0883;2026 prel.K1;total;847;2335.0
0883;2026 prel.K2;total;887;2446.0
0884;2014K1;total;239;1563.0
0884;2014K2;total;239;1563.0
0884;2015K1;total;236;1537.0
0884;2015K2;total;274;1784.0
0884;2015K3;total;305;1986.0
0884;2015K4;total;205;1335.0
0884;2016K1;total;255;1642.0
0884;2016K2;total;280;1803.0
0884;2016K3;total;220;1417.0
0884;2016K4;total;293;1887.0
0884;2017K1;total;267;1703.0
0884;2017K2;total;329;2098.0
0884;2017K3;total;343;2187.0
0884;2017K4;total;422;2691.0
0884;2018K1;total;203;1289.0
0884;2018K2;total;393;2496.0
0884;2018K3;total;340;2159.0
0884;2018K4;total;298;1893.0
0884;2019K1;total;300;1910.0
0884;2019K2;total;301;1917.0
0884;2019K3;total;355;2260.0
0884;2019K4;total;312;1987.0
0884;2020K1;total;322;2056.0
0884;2020K2;total;308;1967.0
0884;2020K3;total;315;2012.0
0884;2020K4;total;229;1462.0
0884;2021K1;total;271;1734.0
0884;2021K2;total;271;1734.0
0884;2021K3;total;298;1907.0
0884;2021K4;total;239;1530.0
0884;2022K1;total;273;1754.0
0884;2022K2;total;302;1940.0
0884;2022K3;total;332;2133.0
0884;2022K4;total;377;2422.0
0884;2023K1;total;301;1941.0
0884;2023K2;total;359;2315.0
0884;2023K3;total;376;2424.0
0884;2023K4;total;480;3095.0
0884;2024K1;total;434;2814.0
0884;2024K2;total;516;3346.0
0884;2024K3;total;478;3099.0
0884;2024K4;total;369;2393.0
0884;2025K1;total;378;2462.0
0884;2025K2;total;407;2651.0
0884;2025K3;total;400;2605.0
0884;2025K4;total;431;2807.0
0884;2026 prel.K1;total;466;3040.0
0884;2026 prel.K2;total;392;2558.0
0885;2014K1;total;159;1493.0
0885;2014K2;total;290;2723.0
0885;2015K1;total;133;1245.0
0885;2015K2;total;238;2228.0
0885;2015K3;total;345;3230.0
0885;2015K4;total;220;2060.0
0885;2016K1;total;261;2415.0
0885;2016K2;total;319;2952.0
0885;2016K3;total;327;3026.0
0885;2016K4;total;177;1638.0
0885;2017K1;total;120;1102.0
0885;2017K2;total;250;2295.0
0885;2017K3;total;380;3488.0
0885;2017K4;total;234;2148.0
0885;2018K1;total;148;1362.0
0885;2018K2;total;284;2614.0
0885;2018K3;total;371;3415.0
0885;2018K4;total;169;1555.0
0885;2019K1;total;153;1409.0
0885;2019K2;total;207;1907.0
0885;2019K3;total;383;3528.0
0885;2019K4;total;189;1741.0
0885;2020K1;total;136;1255.0
0885;2020K2;total;229;2113.0
0885;2020K3;total;339;3128.0
0885;2020K4;total;138;1273.0
0885;2021K1;total;124;1141.0
0885;2021K2;total;209;1924.0
0885;2021K3;total;408;3755.0
0885;2021K4;total;123;1132.0
0885;2022K1;total;156;1434.0
0885;2022K2;total;252;2317.0
0885;2022K3;total;366;3365.0
0885;2022K4;total;189;1738.0
0885;2023K1;total;180;1666.0
0885;2023K2;total;311;2879.0
0885;2023K3;total;378;3499.0
0885;2023K4;total;161;1490.0
0885;2024K1;total;240;2241.0
0885;2024K2;total;239;2232.0
0885;2024K3;total;392;3660.0
0885;2024K4;total;205;1914.0
0885;2025K1;total;250;2348.0
0885;2025K2;total;356;3344.0
0885;2025K3;total;405;3804.0
0885;2025K4;total;245;2301.0
0885;2026 prel.K1;total;232;2183.0
0885;2026 prel.K2;total;276;2597.0
0980;2014K1;total;1255;2194.0
0980;2014K2;total;1613;2820.0
0980;2015K1;total;1394;2432.0
0980;2015K2;total;1406;2453.0
0980;2015K3;total;1699;2964.0
0980;2015K4;total;1213;2116.0
0980;2016K1;total;1234;2139.0
0980;2016K2;total;1514;2624.0
0980;2016K3;total;1698;2943.0
0980;2016K4;total;1398;2423.0
0980;2017K1;total;1210;2076.0
0980;2017K2;total;1683;2887.0
0980;2017K3;total;1838;3153.0
0980;2017K4;total;1342;2302.0
0980;2018K1;total;1537;2609.0
0980;2018K2;total;1383;2347.0
0980;2018K3;total;1600;2715.0
0980;2018K4;total;1451;2463.0
0980;2019K1;total;1139;1915.0
0980;2019K2;total;1285;2161.0
0980;2019K3;total;1596;2684.0
0980;2019K4;total;1478;2485.0
0980;2020K1;total;1316;2197.0
0980;2020K2;total;1282;2140.0
0980;2020K3;total;1701;2839.0
0980;2020K4;total;1244;2077.0
0980;2021K1;total;1195;1973.0
0980;2021K2;total;1378;2275.0
0980;2021K3;total;1496;2470.0
0980;2021K4;total;1356;2239.0
0980;2022K1;total;1351;2212.0
0980;2022K2;total;1569;2568.0
0980;2022K3;total;1652;2704.0
0980;2022K4;total;1501;2457.0
0980;2023K1;total;1434;2347.0
0980;2023K2;total;1377;2254.0
0980;2023K3;total;1820;2979.0
0980;2023K4;total;1363;2231.0
0980;2024K1;total;1280;2098.0
0980;2024K2;total;1470;2409.0
0980;2024K3;total;1978;3242.0
0980;2024K4;total;1552;2544.0
0980;2025K1;total;1385;2274.0
0980;2025K2;total;1617;2655.0
0980;2025K3;total;1900;3119.0
0980;2025K4;total;1702;2794.0
0980;2026 prel.K1;total;1306;2146.0
0980;2026 prel.K2;total;1638;2692.0
1060;2014K1;total;278;2144.0
1060;2014K2;total;303;2337.0
1060;2015K1;total;233;1779.0
1060;2015K2;total;265;2023.0
1060;2015K3;total;259;1977.0
1060;2015K4;total;290;2214.0
1060;2016K1;total;299;2249.0
1060;2016K2;total;338;2543.0
1060;2016K3;total;301;2264.0
1060;2016K4;total;301;2264.0
1060;2017K1;total;224;1665.0
1060;2017K2;total;312;2320.0
1060;2017K3;total;178;1323.0
1060;2017K4;total;344;2558.0
1060;2018K1;total;236;1748.0
1060;2018K2;total;354;2622.0
1060;2018K3;total;339;2511.0
1060;2018K4;total;344;2548.0
1060;2019K1;total;270;2004.0
1060;2019K2;total;347;2576.0
1060;2019K3;total;267;1982.0
1060;2019K4;total;221;1641.0
1060;2020K1;total;314;2349.0
1060;2020K2;total;233;1743.0
1060;2020K3;total;396;2962.0
1060;2020K4;total;337;2521.0
1060;2021K1;total;274;2062.0
1060;2021K2;total;348;2619.0
1060;2021K3;total;355;2672.0
1060;2021K4;total;264;1987.0
1060;2022K1;total;336;2543.0
1060;2022K2;total;365;2763.0
1060;2022K3;total;335;2536.0
1060;2022K4;total;352;2664.0
1060;2023K1;total;315;2403.0
1060;2023K2;total;359;2738.0
1060;2023K3;total;338;2578.0
1060;2023K4;total;339;2586.0
1060;2024K1;total;251;1925.0
1060;2024K2;total;439;3367.0
1060;2024K3;total;377;2892.0
1060;2024K4;total;370;2838.0
1060;2025K1;total;363;2809.0
1060;2025K2;total;410;3173.0
1060;2025K3;total;367;2840.0
1060;2025K4;total;352;2724.0
1060;2026 prel.K1;total;234;1822.0
1060;2026 prel.K2;total;284;2211.0
1080;2014K1;total;1336;2083.0
1080;2014K2;total;1494;2330.0
1080;2015K1;total;1324;2041.0
1080;2015K2;total;1545;2382.0
1080;2015K3;total;1607;2477.0
1080;2015K4;total;1359;2095.0
1080;2016K1;total;1306;1984.0
1080;2016K2;total;1373;2086.0
1080;2016K3;total;1580;2400.0
1080;2016K4;total;1412;2145.0
1080;2017K1;total;1300;1956.0
1080;2017K2;total;1426;2146.0
1080;2017K3;total;1613;2427.0
1080;2017K4;total;1418;2133.0
1080;2018K1;total;1468;2202.0
1080;2018K2;total;1617;2425.0
1080;2018K3;total;1764;2646.0
1080;2018K4;total;1611;2416.0
1080;2019K1;total;1338;2008.0
1080;2019K2;total;1539;2309.0
1080;2019K3;total;1628;2443.0
1080;2019K4;total;1363;2045.0
1080;2020K1;total;1282;1926.0
1080;2020K2;total;1338;2010.0
1080;2020K3;total;1520;2283.0
1080;2020K4;total;1344;2019.0
1080;2021K1;total;1006;1510.0
1080;2021K2;total;1335;2004.0
1080;2021K3;total;1483;2226.0
1080;2021K4;total;1304;1958.0
1080;2022K1;total;1370;2054.0
1080;2022K2;total;1447;2170.0
1080;2022K3;total;1487;2230.0
1080;2022K4;total;1546;2318.0
1080;2023K1;total;1475;2216.0
1080;2023K2;total;1424;2140.0
1080;2023K3;total;1804;2711.0
1080;2023K4;total;1688;2536.0
1080;2024K1;total;1551;2337.0
1080;2024K2;total;1705;2569.0
1080;2024K3;total;1792;2700.0
1080;2024K4;total;1760;2651.0
1080;2025K1;total;1771;2677.0
1080;2025K2;total;1704;2576.0
1080;2025K3;total;1864;2817.0
1080;2025K4;total;1554;2349.0
1080;2026 prel.K1;total;1240;1878.0
1080;2026 prel.K2;total;1516;2296.0
1081;2014K1;total;541;1929.0
1081;2014K2;total;635;2264.0
1081;2015K1;total;595;2091.0
1081;2015K2;total;832;2924.0
1081;2015K3;total;664;2333.0
1081;2015K4;total;638;2242.0
1081;2016K1;total;606;2093.0
1081;2016K2;total;770;2660.0
1081;2016K3;total;693;2394.0
1081;2016K4;total;703;2428.0
1081;2017K1;total;722;2457.0
1081;2017K2;total;678;2307.0
1081;2017K3;total;672;2287.0
1081;2017K4;total;758;2579.0
1081;2018K1;total;618;2086.0
1081;2018K2;total;621;2096.0
1081;2018K3;total;833;2811.0
1081;2018K4;total;779;2629.0
1081;2019K1;total;546;1841.0
1081;2019K2;total;682;2299.0
1081;2019K3;total;598;2016.0
1081;2019K4;total;504;1699.0
1081;2020K1;total;539;1827.0
1081;2020K2;total;526;1783.0
1081;2020K3;total;662;2244.0
1081;2020K4;total;675;2288.0
1081;2021K1;total;466;1591.0
1081;2021K2;total;653;2230.0
1081;2021K3;total;723;2469.0
1081;2021K4;total;633;2161.0
1081;2022K1;total;630;2159.0
1081;2022K2;total;655;2244.0
1081;2022K3;total;721;2470.0
1081;2022K4;total;800;2741.0
1081;2023K1;total;713;2451.0
1081;2023K2;total;956;3286.0
1081;2023K3;total;1077;3702.0
1081;2023K4;total;864;2970.0
1081;2024K1;total;988;3419.0
1081;2024K2;total;957;3312.0
1081;2024K3;total;1014;3509.0
1081;2024K4;total;922;3191.0
1081;2025K1;total;802;2792.0
1081;2025K2;total;891;3102.0
1081;2025K3;total;967;3366.0
1081;2025K4;total;710;2472.0
1081;2026 prel.K1;total;621;2163.0
1081;2026 prel.K2;total;710;2473.0
1082;2014K1;total;619;1969.0
1082;2014K2;total;700;2227.0
1082;2015K1;total;693;2185.0
1082;2015K2;total;823;2594.0
1082;2015K3;total;869;2739.0
1082;2015K4;total;802;2528.0
1082;2016K1;total;623;1948.0
1082;2016K2;total;701;2191.0
1082;2016K3;total;819;2560.0
1082;2016K4;total;820;2563.0
1082;2017K1;total;731;2273.0
1082;2017K2;total;759;2360.0
1082;2017K3;total;764;2375.0
1082;2017K4;total;815;2534.0
1082;2018K1;total;632;1959.0
1082;2018K2;total;875;2712.0
1082;2018K3;total;773;2396.0
1082;2018K4;total;819;2538.0
1082;2019K1;total;696;2148.0
1082;2019K2;total;804;2481.0
1082;2019K3;total;849;2620.0
1082;2019K4;total;870;2685.0
1082;2020K1;total;865;2667.0
1082;2020K2;total;888;2738.0
1082;2020K3;total;783;2414.0
1082;2020K4;total;733;2260.0
1082;2021K1;total;769;2380.0
1082;2021K2;total;809;2504.0
1082;2021K3;total;831;2572.0
1082;2021K4;total;760;2352.0
1082;2022K1;total;618;1918.0
1082;2022K2;total;731;2269.0
1082;2022K3;total;859;2666.0
1082;2022K4;total;742;2303.0
1082;2023K1;total;852;2654.0
1082;2023K2;total;946;2946.0
1082;2023K3;total;924;2878.0
1082;2023K4;total;878;2735.0
1082;2024K1;total;739;2317.0
1082;2024K2;total;900;2821.0
1082;2024K3;total;1060;3323.0
1082;2024K4;total;960;3009.0
1082;2025K1;total;859;2710.0
1082;2025K2;total;867;2735.0
1082;2025K3;total;1069;3373.0
1082;2025K4;total;786;2480.0
1082;2026 prel.K1;total;643;2032.0
1082;2026 prel.K2;total;759;2399.0
1083;2014K1;total;294;1742.0
1083;2014K2;total;465;2755.0
1083;2015K1;total;473;2773.0
1083;2015K2;total;616;3611.0
1083;2015K3;total;532;3118.0
1083;2015K4;total;482;2825.0
1083;2016K1;total;369;2133.0
1083;2016K2;total;689;3983.0
1083;2016K3;total;621;3590.0
1083;2016K4;total;379;2191.0
1083;2017K1;total;314;1800.0
1083;2017K2;total;644;3691.0
1083;2017K3;total;432;2476.0
1083;2017K4;total;327;1874.0
1083;2018K1;total;296;1695.0
1083;2018K2;total;536;3070.0
1083;2018K3;total;465;2663.0
1083;2018K4;total;421;2411.0
1083;2019K1;total;381;2182.0
1083;2019K2;total;503;2881.0
1083;2019K3;total;504;2887.0
1083;2019K4;total;404;2314.0
1083;2020K1;total;484;2773.0
1083;2020K2;total;423;2424.0
1083;2020K3;total;384;2200.0
1083;2020K4;total;395;2263.0
1083;2021K1;total;377;2155.0
1083;2021K2;total;410;2343.0
1083;2021K3;total;435;2486.0
1083;2021K4;total;430;2457.0
1083;2022K1;total;302;1723.0
1083;2022K2;total;537;3064.0
1083;2022K3;total;533;3041.0
1083;2022K4;total;503;2870.0
1083;2023K1;total;449;2567.0
1083;2023K2;total;506;2892.0
1083;2023K3;total;526;3007.0
1083;2023K4;total;425;2429.0
1083;2024K1;total;479;2744.0
1083;2024K2;total;597;3420.0
1083;2024K3;total;584;3346.0
1083;2024K4;total;467;2676.0
1083;2025K1;total;388;2228.0
1083;2025K2;total;693;3979.0
1083;2025K3;total;488;2802.0
1083;2025K4;total;458;2630.0
1083;2026 prel.K1;total;413;2373.0
1083;2026 prel.K2;total;508;2919.0
1214;2014K1;total;381;2844.0
1214;2014K2;total;468;3494.0
1214;2015K1;total;284;2095.0
1214;2015K2;total;415;3061.0
1214;2015K3;total;406;2995.0
1214;2015K4;total;401;2958.0
1214;2016K1;total;344;2495.0
1214;2016K2;total;420;3046.0
1214;2016K3;total;344;2495.0
1214;2016K4;total;298;2161.0
1214;2017K1;total;379;2713.0
1214;2017K2;total;334;2390.0
1214;2017K3;total;353;2526.0
1214;2017K4;total;427;3056.0
1214;2018K1;total;332;2359.0
1214;2018K2;total;299;2124.0
1214;2018K3;total;292;2075.0
1214;2018K4;total;285;2025.0
1214;2019K1;total;382;2691.0
1214;2019K2;total;358;2522.0
1214;2019K3;total;410;2888.0
1214;2019K4;total;334;2353.0
1214;2020K1;total;356;2494.0
1214;2020K2;total;385;2698.0
1214;2020K3;total;303;2123.0
1214;2020K4;total;284;1990.0
1214;2021K1;total;311;2168.0
1214;2021K2;total;295;2057.0
1214;2021K3;total;305;2126.0
1214;2021K4;total;343;2391.0
1214;2022K1;total;327;2265.0
1214;2022K2;total;337;2334.0
1214;2022K3;total;434;3006.0
1214;2022K4;total;394;2729.0
1214;2023K1;total;360;2482.0
1214;2023K2;total;357;2461.0
1214;2023K3;total;364;2509.0
1214;2023K4;total;372;2565.0
1214;2024K1;total;358;2463.0
1214;2024K2;total;314;2161.0
1214;2024K3;total;309;2126.0
1214;2024K4;total;323;2222.0
1214;2025K1;total;318;2192.0
1214;2025K2;total;380;2619.0
1214;2025K3;total;343;2364.0
1214;2025K4;total;403;2778.0
1214;2026 prel.K1;total;350;2418.0
1214;2026 prel.K2;total;390;2694.0
1230;2014K1;total;470;2058.0
1230;2014K2;total;496;2172.0
1230;2015K1;total;454;1969.0
1230;2015K2;total;541;2346.0
1230;2015K3;total;455;1973.0
1230;2015K4;total;550;2385.0
1230;2016K1;total;401;1717.0
1230;2016K2;total;529;2265.0
1230;2016K3;total;504;2158.0
1230;2016K4;total;497;2128.0
1230;2017K1;total;483;2022.0
1230;2017K2;total;460;1926.0
1230;2017K3;total;531;2223.0
1230;2017K4;total;544;2278.0
1230;2018K1;total;503;2058.0
1230;2018K2;total;401;1640.0
1230;2018K3;total;465;1902.0
1230;2018K4;total;375;1534.0
1230;2019K1;total;428;1708.0
1230;2019K2;total;410;1636.0
1230;2019K3;total;413;1648.0
1230;2019K4;total;460;1836.0
1230;2020K1;total;395;1541.0
1230;2020K2;total;529;2063.0
1230;2020K3;total;426;1661.0
1230;2020K4;total;490;1911.0
1230;2021K1;total;481;1846.0
1230;2021K2;total;509;1953.0
1230;2021K3;total;463;1776.0
1230;2021K4;total;402;1542.0
1230;2022K1;total;420;1584.0
1230;2022K2;total;475;1792.0
1230;2022K3;total;538;2029.0
1230;2022K4;total;485;1829.0
1230;2023K1;total;498;1847.0
1230;2023K2;total;545;2021.0
1230;2023K3;total;554;2055.0
1230;2023K4;total;498;1847.0
1230;2024K1;total;472;1734.0
1230;2024K2;total;578;2124.0
1230;2024K3;total;565;2076.0
1230;2024K4;total;545;2002.0
1230;2025K1;total;524;1913.0
1230;2025K2;total;553;2019.0
1230;2025K3;total;560;2044.0
1230;2025K4;total;517;1887.0
1230;2026 prel.K1;total;463;1685.0
1230;2026 prel.K2;total;576;2096.0
1231;2014K1;total;619;3607.0
1231;2014K2;total;555;3234.0
1231;2015K1;total;535;3089.0
1231;2015K2;total;528;3048.0
1231;2015K3;total;451;2604.0
1231;2015K4;total;585;3378.0
1231;2016K1;total;483;2754.0
1231;2016K2;total;614;3501.0
1231;2016K3;total;547;3119.0
1231;2016K4;total;495;2822.0
1231;2017K1;total;520;2912.0
1231;2017K2;total;620;3472.0
1231;2017K3;total;527;2951.0
1231;2017K4;total;592;3315.0
1231;2018K1;total;503;2761.0
1231;2018K2;total;548;3008.0
1231;2018K3;total;512;2811.0
1231;2018K4;total;627;3442.0
1231;2019K1;total;685;3656.0
1231;2019K2;total;452;2412.0
1231;2019K3;total;476;2541.0
1231;2019K4;total;562;3000.0
1231;2020K1;total;595;3097.0
1231;2020K2;total;642;3342.0
1231;2020K3;total;654;3404.0
1231;2020K4;total;626;3258.0
1231;2021K1;total;623;3190.0
1231;2021K2;total;630;3225.0
1231;2021K3;total;623;3190.0
1231;2021K4;total;545;2790.0
1231;2022K1;total;566;2856.0
1231;2022K2;total;678;3421.0
1231;2022K3;total;648;3270.0
1231;2022K4;total;717;3618.0
1231;2023K1;total;767;3861.0
1231;2023K2;total;627;3157.0
1231;2023K3;total;666;3353.0
1231;2023K4;total;673;3388.0
1231;2024K1;total;757;3796.0
1231;2024K2;total;814;4082.0
1231;2024K3;total;750;3761.0
1231;2024K4;total;733;3675.0
1231;2025K1;total;657;3241.0
1231;2025K2;total;667;3290.0
1231;2025K3;total;725;3576.0
1231;2025K4;total;798;3936.0
1231;2026 prel.K1;total;800;3913.0
1231;2026 prel.K2;total;856;4187.0
1233;2014K1;total;524;1543.0
1233;2014K2;total;418;1231.0
1233;2015K1;total;471;1370.0
1233;2015K2;total;508;1477.0
1233;2015K3;total;640;1861.0
1233;2015K4;total;469;1364.0
1233;2016K1;total;479;1370.0
1233;2016K2;total;581;1662.0
1233;2016K3;total;669;1914.0
1233;2016K4;total;579;1656.0
1233;2017K1;total;470;1323.0
1233;2017K2;total;515;1450.0
1233;2017K3;total;537;1512.0
1233;2017K4;total;499;1405.0
1233;2018K1;total;501;1386.0
1233;2018K2;total;609;1685.0
1233;2018K3;total;784;2169.0
1233;2018K4;total;501;1386.0
1233;2019K1;total;474;1296.0
1233;2019K2;total;507;1387.0
1233;2019K3;total;698;1909.0
1233;2019K4;total;548;1499.0
1233;2020K1;total;490;1333.0
1233;2020K2;total;504;1371.0
1233;2020K3;total;698;1898.0
1233;2020K4;total;556;1512.0
1233;2021K1;total;433;1164.0
1233;2021K2;total;577;1552.0
1233;2021K3;total;546;1468.0
1233;2021K4;total;454;1221.0
1233;2022K1;total;355;943.0
1233;2022K2;total;552;1467.0
1233;2022K3;total;642;1706.0
1233;2022K4;total;560;1488.0
1233;2023K1;total;559;1480.0
1233;2023K2;total;515;1363.0
1233;2023K3;total;628;1662.0
1233;2023K4;total;554;1466.0
1233;2024K1;total;551;1457.0
1233;2024K2;total;596;1577.0
1233;2024K3;total;785;2076.0
1233;2024K4;total;632;1672.0
1233;2025K1;total;574;1518.0
1233;2025K2;total;638;1687.0
1233;2025K3;total;665;1758.0
1233;2025K4;total;662;1750.0
1233;2026 prel.K1;total;616;1628.0
1233;2026 prel.K2;total;847;2239.0
1256;2014K1;total;217;1575.0
1256;2014K2;total;287;2083.0
1256;2015K1;total;311;2224.0
1256;2015K2;total;305;2181.0
1256;2015K3;total;343;2453.0
1256;2015K4;total;322;2303.0
1256;2016K1;total;298;2091.0
1256;2016K2;total;324;2273.0
1256;2016K3;total;328;2301.0
1256;2016K4;total;369;2589.0
1256;2017K1;total;324;2225.0
1256;2017K2;total;327;2246.0
1256;2017K3;total;275;1889.0
1256;2017K4;total;338;2321.0
1256;2018K1;total;297;2005.0
1256;2018K2;total;414;2794.0
1256;2018K3;total;392;2646.0
1256;2018K4;total;348;2349.0
1256;2019K1;total;311;2079.0
1256;2019K2;total;308;2059.0
1256;2019K3;total;373;2493.0
1256;2019K4;total;424;2834.0
1256;2020K1;total;324;2158.0
1256;2020K2;total;443;2951.0
1256;2020K3;total;406;2705.0
1256;2020K4;total;317;2112.0
1256;2021K1;total;350;2337.0
1256;2021K2;total;419;2797.0
1256;2021K3;total;380;2537.0
1256;2021K4;total;359;2397.0
1256;2022K1;total;380;2575.0
1256;2022K2;total;362;2453.0
1256;2022K3;total;383;2595.0
1256;2022K4;total;354;2399.0
1256;2023K1;total;315;2179.0
1256;2023K2;total;362;2504.0
1256;2023K3;total;418;2892.0
1256;2023K4;total;377;2608.0
1256;2024K1;total;280;1975.0
1256;2024K2;total;362;2554.0
1256;2024K3;total;391;2758.0
1256;2024K4;total;343;2420.0
1256;2025K1;total;471;3401.0
1256;2025K2;total;358;2585.0
1256;2025K3;total;344;2484.0
1256;2025K4;total;399;2881.0
1256;2026 prel.K1;total;316;2304.0
1256;2026 prel.K2;total;317;2311.0
1257;2014K1;total;297;3064.0
1257;2014K2;total;355;3662.0
1257;2015K1;total;342;3496.0
1257;2015K2;total;390;3987.0
1257;2015K3;total;372;3803.0
1257;2015K4;total;361;3690.0
1257;2016K1;total;323;3264.0
1257;2016K2;total;309;3123.0
1257;2016K3;total;331;3345.0
1257;2016K4;total;348;3517.0
1257;2017K1;total;365;3649.0
1257;2017K2;total;348;3479.0
1257;2017K3;total;312;3119.0
1257;2017K4;total;348;3479.0
1257;2018K1;total;278;2750.0
1257;2018K2;total;328;3244.0
1257;2018K3;total;333;3294.0
1257;2018K4;total;289;2858.0
1257;2019K1;total;334;3266.0
1257;2019K2;total;340;3325.0
1257;2019K3;total;273;2669.0
1257;2019K4;total;420;4107.0
1257;2020K1;total;348;3357.0
1257;2020K2;total;363;3502.0
1257;2020K3;total;329;3174.0
1257;2020K4;total;299;2885.0
1257;2021K1;total;336;3208.0
1257;2021K2;total;285;2721.0
1257;2021K3;total;267;2549.0
1257;2021K4;total;282;2692.0
1257;2022K1;total;293;2797.0
1257;2022K2;total;296;2825.0
1257;2022K3;total;297;2835.0
1257;2022K4;total;288;2749.0
1257;2023K1;total;275;2633.0
1257;2023K2;total;285;2729.0
1257;2023K3;total;321;3074.0
1257;2023K4;total;280;2681.0
1257;2024K1;total;409;3943.0
1257;2024K2;total;357;3442.0
1257;2024K3;total;334;3220.0
1257;2024K4;total;418;4030.0
1257;2025K1;total;284;2761.0
1257;2025K2;total;314;3053.0
1257;2025K3;total;435;4229.0
1257;2025K4;total;320;3111.0
1257;2026 prel.K1;total;328;3187.0
1257;2026 prel.K2;total;281;2730.0
1260;2014K1;total;568;3826.0
1260;2014K2;total;625;4209.0
1260;2015K1;total;493;3303.0
1260;2015K2;total;467;3128.0
1260;2015K3;total;427;2860.0
1260;2015K4;total;455;3048.0
1260;2016K1;total;416;2758.0
1260;2016K2;total;418;2772.0
1260;2016K3;total;470;3116.0
1260;2016K4;total;432;2864.0
1260;2017K1;total;455;2971.0
1260;2017K2;total;546;3565.0
1260;2017K3;total;474;3095.0
1260;2017K4;total;432;2821.0
1260;2018K1;total;371;2399.0
1260;2018K2;total;417;2696.0
1260;2018K3;total;434;2806.0
1260;2018K4;total;443;2865.0
1260;2019K1;total;454;2909.0
1260;2019K2;total;474;3037.0
1260;2019K3;total;449;2877.0
1260;2019K4;total;353;2262.0
1260;2020K1;total;486;3094.0
1260;2020K2;total;607;3865.0
1260;2020K3;total;452;2878.0
1260;2020K4;total;518;3298.0
1260;2021K1;total;426;2701.0
1260;2021K2;total;533;3380.0
1260;2021K3;total;412;2613.0
1260;2021K4;total;437;2771.0
1260;2022K1;total;393;2464.0
1260;2022K2;total;449;2815.0
1260;2022K3;total;520;3260.0
1260;2022K4;total;539;3379.0
1260;2023K1;total;434;2710.0
1260;2023K2;total;477;2978.0
1260;2023K3;total;474;2960.0
1260;2023K4;total;437;2729.0
1260;2024K1;total;475;2974.0
1260;2024K2;total;462;2893.0
1260;2024K3;total;521;3262.0
1260;2024K4;total;513;3212.0
1260;2025K1;total;676;4220.0
1260;2025K2;total;544;3396.0
1260;2025K3;total;478;2984.0
1260;2025K4;total;514;3209.0
1260;2026 prel.K1;total;490;3053.0
1260;2026 prel.K2;total;477;2972.0
1261;2014K1;total;700;2357.0
1261;2014K2;total;780;2626.0
1261;2015K1;total;678;2263.0
1261;2015K2;total;760;2537.0
1261;2015K3;total;676;2257.0
1261;2015K4;total;657;2193.0
1261;2016K1;total;638;2104.0
1261;2016K2;total;716;2362.0
1261;2016K3;total;611;2015.0
1261;2016K4;total;641;2114.0
1261;2017K1;total;587;1909.0
1261;2017K2;total;745;2423.0
1261;2017K3;total;630;2049.0
1261;2017K4;total;550;1789.0
1261;2018K1;total;507;1624.0
1261;2018K2;total;633;2027.0
1261;2018K3;total;606;1941.0
1261;2018K4;total;502;1608.0
1261;2019K1;total;611;1934.0
1261;2019K2;total;654;2070.0
1261;2019K3;total;630;1994.0
1261;2019K4;total;650;2057.0
1261;2020K1;total;604;1896.0
1261;2020K2;total;601;1886.0
1261;2020K3;total;653;2049.0
1261;2020K4;total;567;1780.0
1261;2021K1;total;554;1722.0
1261;2021K2;total;643;1998.0
1261;2021K3;total;649;2017.0
1261;2021K4;total;642;1995.0
1261;2022K1;total;598;1845.0
1261;2022K2;total;692;2135.0
1261;2022K3;total;691;2132.0
1261;2022K4;total;663;2046.0
1261;2023K1;total;664;2046.0
1261;2023K2;total;586;1806.0
1261;2023K3;total;707;2179.0
1261;2023K4;total;607;1871.0
1261;2024K1;total;600;1847.0
1261;2024K2;total;684;2106.0
1261;2024K3;total;740;2278.0
1261;2024K4;total;738;2272.0
1261;2025K1;total;592;1818.0
1261;2025K2;total;714;2192.0
1261;2025K3;total;688;2113.0
1261;2025K4;total;723;2220.0
1261;2026 prel.K1;total;596;1825.0
1261;2026 prel.K2;total;735;2251.0
1262;2014K1;total;342;1505.0
1262;2014K2;total;426;1875.0
1262;2015K1;total;332;1435.0
1262;2015K2;total;515;2226.0
1262;2015K3;total;485;2096.0
1262;2015K4;total;432;1867.0
1262;2016K1;total;354;1500.0
1262;2016K2;total;493;2088.0
1262;2016K3;total;444;1881.0
1262;2016K4;total;371;1572.0
1262;2017K1;total;324;1346.0
1262;2017K2;total;402;1670.0
1262;2017K3;total;451;1873.0
1262;2017K4;total;400;1661.0
1262;2018K1;total;352;1436.0
1262;2018K2;total;347;1416.0
1262;2018K3;total;401;1636.0
1262;2018K4;total;302;1232.0
1262;2019K1;total;271;1093.0
1262;2019K2;total;432;1742.0
1262;2019K3;total;417;1682.0
1262;2019K4;total;342;1379.0
1262;2020K1;total;311;1251.0
1262;2020K2;total;354;1424.0
1262;2020K3;total;389;1565.0
1262;2020K4;total;412;1658.0
1262;2021K1;total;277;1119.0
1262;2021K2;total;407;1644.0
1262;2021K3;total;358;1446.0
1262;2021K4;total;362;1462.0
1262;2022K1;total;343;1390.0
1262;2022K2;total;488;1977.0
1262;2022K3;total;452;1831.0
1262;2022K4;total;470;1904.0
1262;2023K1;total;411;1666.0
1262;2023K2;total;441;1787.0
1262;2023K3;total;559;2266.0
1262;2023K4;total;439;1779.0
1262;2024K1;total;345;1400.0
1262;2024K2;total;428;1737.0
1262;2024K3;total;457;1855.0
1262;2024K4;total;440;1786.0
1262;2025K1;total;494;2000.0
1262;2025K2;total;525;2126.0
1262;2025K3;total;477;1931.0
1262;2025K4;total;389;1575.0
1262;2026 prel.K1;total;371;1503.0
1262;2026 prel.K2;total;424;1718.0
1263;2014K1;total;365;1811.0
1263;2014K2;total;411;2039.0
1263;2015K1;total;342;1680.0
1263;2015K2;total;439;2157.0
1263;2015K3;total;687;3375.0
1263;2015K4;total;525;2579.0
1263;2016K1;total;362;1756.0
1263;2016K2;total;425;2061.0
1263;2016K3;total;459;2226.0
1263;2016K4;total;419;2032.0
1263;2017K1;total;403;1926.0
1263;2017K2;total;453;2165.0
1263;2017K3;total;441;2108.0
1263;2017K4;total;517;2471.0
1263;2018K1;total;355;1665.0
1263;2018K2;total;399;1871.0
1263;2018K3;total;374;1754.0
1263;2018K4;total;344;1613.0
1263;2019K1;total;408;1863.0
1263;2019K2;total;383;1749.0
1263;2019K3;total;341;1557.0
1263;2019K4;total;381;1740.0
1263;2020K1;total;319;1421.0
1263;2020K2;total;373;1662.0
1263;2020K3;total;311;1385.0
1263;2020K4;total;380;1693.0
1263;2021K1;total;308;1342.0
1263;2021K2;total;461;2009.0
1263;2021K3;total;437;1905.0
1263;2021K4;total;423;1844.0
1263;2022K1;total;322;1385.0
1263;2022K2;total;438;1883.0
1263;2022K3;total;452;1944.0
1263;2022K4;total;453;1948.0
1263;2023K1;total;402;1719.0
1263;2023K2;total;481;2057.0
1263;2023K3;total;415;1775.0
1263;2023K4;total;409;1749.0
1263;2024K1;total;345;1468.0
1263;2024K2;total;473;2012.0
1263;2024K3;total;479;2038.0
1263;2024K4;total;454;1932.0
1263;2025K1;total;395;1670.0
1263;2025K2;total;435;1840.0
1263;2025K3;total;448;1894.0
1263;2025K4;total;463;1958.0
1263;2026 prel.K1;total;371;1564.0
1263;2026 prel.K2;total;393;1657.0
1264;2014K1;total;468;3100.0
1264;2014K2;total;321;2126.0
1264;2015K1;total;258;1702.0
1264;2015K2;total;317;2091.0
1264;2015K3;total;406;2678.0
1264;2015K4;total;310;2045.0
1264;2016K1;total;281;1839.0
1264;2016K2;total;358;2343.0
1264;2016K3;total;317;2075.0
1264;2016K4;total;384;2513.0
1264;2017K1;total;391;2519.0
1264;2017K2;total;460;2963.0
1264;2017K3;total;290;1868.0
1264;2017K4;total;347;2235.0
1264;2018K1;total;312;1987.0
1264;2018K2;total;305;1943.0
1264;2018K3;total;300;1911.0
1264;2018K4;total;365;2325.0
1264;2019K1;total;383;2420.0
1264;2019K2;total;307;1940.0
1264;2019K3;total;312;1972.0
1264;2019K4;total;329;2079.0
1264;2020K1;total;336;2105.0
1264;2020K2;total;337;2111.0
1264;2020K3;total;351;2198.0
1264;2020K4;total;314;1967.0
1264;2021K1;total;264;1627.0
1264;2021K2;total;474;2920.0
1264;2021K3;total;429;2643.0
1264;2021K4;total;330;2033.0
1264;2022K1;total;314;1894.0
1264;2022K2;total;326;1967.0
1264;2022K3;total;326;1967.0
1264;2022K4;total;378;2281.0
1264;2023K1;total;421;2507.0
1264;2023K2;total;364;2167.0
1264;2023K3;total;434;2584.0
1264;2023K4;total;358;2131.0
1264;2024K1;total;360;2122.0
1264;2024K2;total;365;2152.0
1264;2024K3;total;377;2223.0
1264;2024K4;total;483;2848.0
1264;2025K1;total;489;2856.0
1264;2025K2;total;408;2383.0
1264;2025K3;total;384;2243.0
1264;2025K4;total;414;2418.0
1264;2026 prel.K1;total;386;2252.0
1264;2026 prel.K2;total;407;2375.0
1265;2014K1;total;357;1939.0
1265;2014K2;total;357;1939.0
1265;2015K1;total;457;2475.0
1265;2015K2;total;521;2822.0
1265;2015K3;total;440;2383.0
1265;2015K4;total;463;2508.0
1265;2016K1;total;456;2448.0
1265;2016K2;total;445;2389.0
1265;2016K3;total;456;2448.0
1265;2016K4;total;361;1938.0
1265;2017K1;total;384;2031.0
1265;2017K2;total;397;2100.0
1265;2017K3;total;389;2057.0
1265;2017K4;total;413;2184.0
1265;2018K1;total;428;2239.0
1265;2018K2;total;421;2203.0
1265;2018K3;total;440;2302.0
1265;2018K4;total;422;2208.0
1265;2019K1;total;474;2470.0
1265;2019K2;total;488;2543.0
1265;2019K3;total;429;2236.0
1265;2019K4;total;422;2199.0
1265;2020K1;total;389;2014.0
1265;2020K2;total;421;2179.0
1265;2020K3;total;463;2397.0
1265;2020K4;total;385;1993.0
1265;2021K1;total;425;2185.0
1265;2021K2;total;418;2149.0
1265;2021K3;total;390;2005.0
1265;2021K4;total;368;1892.0
1265;2022K1;total;389;1993.0
1265;2022K2;total;429;2198.0
1265;2022K3;total;492;2520.0
1265;2022K4;total;529;2710.0
1265;2023K1;total;399;2047.0
1265;2023K2;total;506;2596.0
1265;2023K3;total;545;2796.0
1265;2023K4;total;449;2304.0
1265;2024K1;total;462;2382.0
1265;2024K2;total;547;2820.0
1265;2024K3;total;502;2588.0
1265;2024K4;total;489;2521.0
1265;2025K1;total;448;2313.0
1265;2025K2;total;609;3145.0
1265;2025K3;total;544;2809.0
1265;2025K4;total;562;2902.0
1265;2026 prel.K1;total;469;2418.0
1265;2026 prel.K2;total;420;2165.0
1266;2014K1;total;370;2480.0
1266;2014K2;total;458;3069.0
1266;2015K1;total;417;2785.0
1266;2015K2;total;442;2952.0
1266;2015K3;total;479;3199.0
1266;2015K4;total;498;3326.0
1266;2016K1;total;440;2904.0
1266;2016K2;total;503;3320.0
1266;2016K3;total;573;3782.0
1266;2016K4;total;493;3254.0
1266;2017K1;total;434;2815.0
1266;2017K2;total;453;2938.0
1266;2017K3;total;497;3224.0
1266;2017K4;total;562;3645.0
1266;2018K1;total;454;2911.0
1266;2018K2;total;367;2354.0
1266;2018K3;total;418;2681.0
1266;2018K4;total;426;2732.0
1266;2019K1;total;384;2456.0
1266;2019K2;total;342;2188.0
1266;2019K3;total;301;1925.0
1266;2019K4;total;362;2316.0
1266;2020K1;total;294;1880.0
1266;2020K2;total;350;2238.0
1266;2020K3;total;379;2423.0
1266;2020K4;total;322;2059.0
1266;2021K1;total;321;2045.0
1266;2021K2;total;408;2599.0
1266;2021K3;total;394;2510.0
1266;2021K4;total;336;2140.0
1266;2022K1;total;290;1843.0
1266;2022K2;total;389;2473.0
1266;2022K3;total;474;3013.0
1266;2022K4;total;436;2772.0
1266;2023K1;total;329;2102.0
1266;2023K2;total;383;2447.0
1266;2023K3;total;378;2415.0
1266;2023K4;total;379;2421.0
1266;2024K1;total;401;2577.0
1266;2024K2;total;431;2770.0
1266;2024K3;total;456;2930.0
1266;2024K4;total;486;3123.0
1266;2025K1;total;363;2333.0
1266;2025K2;total;359;2307.0
1266;2025K3;total;412;2648.0
1266;2025K4;total;363;2333.0
1266;2026 prel.K1;total;350;2250.0
1266;2026 prel.K2;total;355;2282.0
1267;2014K1;total;408;2598.0
1267;2014K2;total;491;3127.0
1267;2015K1;total;437;2754.0
1267;2015K2;total;501;3157.0
1267;2015K3;total;501;3157.0
1267;2015K4;total;453;2854.0
1267;2016K1;total;429;2668.0
1267;2016K2;total;460;2861.0
1267;2016K3;total;504;3134.0
1267;2016K4;total;368;2288.0
1267;2017K1;total;371;2271.0
1267;2017K2;total;535;3275.0
1267;2017K3;total;502;3073.0
1267;2017K4;total;458;2804.0
1267;2018K1;total;398;2404.0
1267;2018K2;total;508;3068.0
1267;2018K3;total;425;2567.0
1267;2018K4;total;385;2325.0
1267;2019K1;total;310;1859.0
1267;2019K2;total;259;1553.0
1267;2019K3;total;428;2567.0
1267;2019K4;total;349;2093.0
1267;2020K1;total;314;1872.0
1267;2020K2;total;396;2361.0
1267;2020K3;total;379;2260.0
1267;2020K4;total;334;1991.0
1267;2021K1;total;363;2149.0
1267;2021K2;total;352;2084.0
1267;2021K3;total;448;2652.0
1267;2021K4;total;360;2131.0
1267;2022K1;total;302;1763.0
1267;2022K2;total;348;2032.0
1267;2022K3;total;470;2744.0
1267;2022K4;total;468;2733.0
1267;2023K1;total;402;2319.0
1267;2023K2;total;372;2146.0
1267;2023K3;total;459;2648.0
1267;2023K4;total;396;2284.0
1267;2024K1;total;393;2255.0
1267;2024K2;total;474;2719.0
1267;2024K3;total;449;2576.0
1267;2024K4;total;449;2576.0
1267;2025K1;total;332;1886.0
1267;2025K2;total;435;2472.0
1267;2025K3;total;495;2813.0
1267;2025K4;total;411;2335.0
1267;2026 prel.K1;total;347;1963.0
1267;2026 prel.K2;total;412;2330.0
1270;2014K1;total;311;2402.0
1270;2014K2;total;346;2672.0
1270;2015K1;total;363;2777.0
1270;2015K2;total;370;2831.0
1270;2015K3;total;394;3015.0
1270;2015K4;total;432;3305.0
1270;2016K1;total;303;2290.0
1270;2016K2;total;450;3401.0
1270;2016K3;total;396;2993.0
1270;2016K4;total;355;2683.0
1270;2017K1;total;351;2625.0
1270;2017K2;total;460;3440.0
1270;2017K3;total;387;2894.0
1270;2017K4;total;425;3178.0
1270;2018K1;total;329;2439.0
1270;2018K2;total;463;3433.0
1270;2018K3;total;461;3418.0
1270;2018K4;total;334;2477.0
1270;2019K1;total;355;2613.0
1270;2019K2;total;390;2870.0
1270;2019K3;total;344;2532.0
1270;2019K4;total;339;2495.0
1270;2020K1;total;401;2940.0
1270;2020K2;total;339;2485.0
1270;2020K3;total;307;2251.0
1270;2020K4;total;325;2383.0
1270;2021K1;total;279;2038.0
1270;2021K2;total;295;2155.0
1270;2021K3;total;263;1921.0
1270;2021K4;total;222;1622.0
1270;2022K1;total;280;2035.0
1270;2022K2;total;281;2042.0
1270;2022K3;total;367;2667.0
1270;2022K4;total;307;2231.0
1270;2023K1;total;372;2708.0
1270;2023K2;total;404;2941.0
1270;2023K3;total;400;2912.0
1270;2023K4;total;398;2897.0
1270;2024K1;total;379;2778.0
1270;2024K2;total;344;2521.0
1270;2024K3;total;362;2653.0
1270;2024K4;total;399;2924.0
1270;2025K1;total;419;3069.0
1270;2025K2;total;450;3296.0
1270;2025K3;total;417;3054.0
1270;2025K4;total;457;3347.0
1270;2026 prel.K1;total;299;2187.0
1270;2026 prel.K2;total;371;2714.0
1272;2014K1;total;352;2846.0
1272;2014K2;total;241;1949.0
1272;2015K1;total;273;2192.0
1272;2015K2;total;273;2192.0
1272;2015K3;total;298;2392.0
1272;2015K4;total;233;1871.0
1272;2016K1;total;246;1957.0
1272;2016K2;total;259;2061.0
1272;2016K3;total;219;1742.0
1272;2016K4;total;235;1870.0
1272;2017K1;total;309;2440.0
1272;2017K2;total;222;1753.0
1272;2017K3;total;222;1753.0
1272;2017K4;total;323;2551.0
1272;2018K1;total;322;2518.0
1272;2018K2;total;288;2252.0
1272;2018K3;total;307;2401.0
1272;2018K4;total;321;2510.0
1272;2019K1;total;365;2835.0
1272;2019K2;total;333;2587.0
1272;2019K3;total;297;2307.0
1272;2019K4;total;287;2229.0
1272;2020K1;total;296;2310.0
1272;2020K2;total;355;2770.0
1272;2020K3;total;355;2770.0
1272;2020K4;total;378;2950.0
1272;2021K1;total;313;2464.0
1272;2021K2;total;382;3007.0
1272;2021K3;total;297;2338.0
1272;2021K4;total;312;2456.0
1272;2022K1;total;279;2207.0
1272;2022K2;total;274;2167.0
1272;2022K3;total;244;1930.0
1272;2022K4;total;288;2278.0
1272;2023K1;total;373;2968.0
1272;2023K2;total;310;2467.0
1272;2023K3;total;318;2531.0
1272;2023K4;total;348;2769.0
1272;2024K1;total;303;2424.0
1272;2024K2;total;302;2416.0
1272;2024K3;total;365;2920.0
1272;2024K4;total;274;2192.0
1272;2025K1;total;281;2251.0
1272;2025K2;total;288;2307.0
1272;2025K3;total;315;2523.0
1272;2025K4;total;345;2764.0
1272;2026 prel.K1;total;287;2297.0
1272;2026 prel.K2;total;300;2401.0
1273;2014K1;total;300;2349.0
1273;2014K2;total;343;2686.0
1273;2015K1;total;337;2614.0
1273;2015K2;total;317;2459.0
1273;2015K3;total;376;2917.0
1273;2015K4;total;292;2265.0
1273;2016K1;total;266;2038.0
1273;2016K2;total;281;2153.0
1273;2016K3;total;270;2069.0
1273;2016K4;total;378;2896.0
1273;2017K1;total;272;2066.0
1273;2017K2;total;305;2317.0
1273;2017K3;total;314;2385.0
1273;2017K4;total;305;2317.0
1273;2018K1;total;283;2140.0
1273;2018K2;total;287;2170.0
1273;2018K3;total;385;2911.0
1273;2018K4;total;292;2208.0
1273;2019K1;total;283;2138.0
1273;2019K2;total;284;2145.0
1273;2019K3;total;353;2667.0
1273;2019K4;total;309;2334.0
1273;2020K1;total;255;1931.0
1273;2020K2;total;311;2356.0
1273;2020K3;total;292;2212.0
1273;2020K4;total;271;2053.0
1273;2021K1;total;259;1957.0
1273;2021K2;total;297;2244.0
1273;2021K3;total;316;2388.0
1273;2021K4;total;266;2010.0
1273;2022K1;total;250;1886.0
1273;2022K2;total;300;2264.0
1273;2022K3;total;354;2671.0
1273;2022K4;total;410;3094.0
1273;2023K1;total;368;2794.0
1273;2023K2;total;396;3006.0
1273;2023K3;total;345;2619.0
1273;2023K4;total;338;2566.0
1273;2024K1;total;284;2176.0
1273;2024K2;total;385;2950.0
1273;2024K3;total;391;2995.0
1273;2024K4;total;374;2865.0
1273;2025K1;total;331;2565.0
1273;2025K2;total;361;2798.0
1273;2025K3;total;354;2743.0
1273;2025K4;total;413;3201.0
1273;2026 prel.K1;total;326;2535.0
1273;2026 prel.K2;total;312;2426.0
1275;2014K1;total;240;3354.0
1275;2014K2;total;302;4220.0
1275;2015K1;total;243;3379.0
1275;2015K2;total;212;2948.0
1275;2015K3;total;202;2808.0
1275;2015K4;total;252;3504.0
1275;2016K1;total;345;4743.0
1275;2016K2;total;250;3437.0
1275;2016K3;total;242;3327.0
1275;2016K4;total;277;3808.0
1275;2017K1;total;278;3789.0
1275;2017K2;total;198;2699.0
1275;2017K3;total;243;3312.0
1275;2017K4;total;348;4743.0
1275;2018K1;total;925;12488.0
1275;2018K2;total;292;3942.0
1275;2018K3;total;319;4307.0
1275;2018K4;total;364;4914.0
1275;2019K1;total;232;3099.0
1275;2019K2;total;203;2712.0
1275;2019K3;total;236;3153.0
1275;2019K4;total;237;3166.0
1275;2020K1;total;262;3501.0
1275;2020K2;total;237;3167.0
1275;2020K3;total;231;3087.0
1275;2020K4;total;289;3862.0
1275;2021K1;total;217;2885.0
1275;2021K2;total;252;3351.0
1275;2021K3;total;232;3085.0
1275;2021K4;total;189;2513.0
1275;2022K1;total;258;3438.0
1275;2022K2;total;249;3318.0
1275;2022K3;total;239;3185.0
1275;2022K4;total;220;2932.0
1275;2023K1;total;251;3400.0
1275;2023K2;total;260;3522.0
1275;2023K3;total;236;3197.0
1275;2023K4;total;238;3224.0
1275;2024K1;total;169;2321.0
1275;2024K2;total;237;3255.0
1275;2024K3;total;279;3832.0
1275;2024K4;total;304;4175.0
1275;2025K1;total;245;3415.0
1275;2025K2;total;246;3429.0
1275;2025K3;total;212;2955.0
1275;2025K4;total;263;3666.0
1275;2026 prel.K1;total;233;3275.0
1275;2026 prel.K2;total;267;3753.0
1276;2014K1;total;524;3133.0
1276;2014K2;total;689;4120.0
1276;2015K1;total;548;3257.0
1276;2015K2;total;508;3019.0
1276;2015K3;total;552;3281.0
1276;2015K4;total;571;3394.0
1276;2016K1;total;575;3369.0
1276;2016K2;total;665;3896.0
1276;2016K3;total;641;3756.0
1276;2016K4;total;453;2654.0
1276;2017K1;total;504;2906.0
1276;2017K2;total;630;3633.0
1276;2017K3;total;587;3385.0
1276;2017K4;total;581;3351.0
1276;2018K1;total;458;2613.0
1276;2018K2;total;564;3217.0
1276;2018K3;total;535;3052.0
1276;2018K4;total;516;2943.0
1276;2019K1;total;636;3598.0
1276;2019K2;total;461;2608.0
1276;2019K3;total;558;3156.0
1276;2019K4;total;559;3162.0
1276;2020K1;total;555;3127.0
1276;2020K2;total;588;3313.0
1276;2020K3;total;590;3325.0
1276;2020K4;total;553;3116.0
1276;2021K1;total;536;3018.0
1276;2021K2;total;517;2911.0
1276;2021K3;total;503;2832.0
1276;2021K4;total;469;2641.0
1276;2022K1;total;487;2732.0
1276;2022K2;total;565;3170.0
1276;2022K3;total;585;3282.0
1276;2022K4;total;610;3422.0
1276;2023K1;total;531;2984.0
1276;2023K2;total;565;3175.0
1276;2023K3;total;570;3203.0
1276;2023K4;total;518;2911.0
1276;2024K1;total;490;2764.0
1276;2024K2;total;527;2973.0
1276;2024K3;total;490;2764.0
1276;2024K4;total;592;3339.0
1276;2025K1;total;568;3207.0
1276;2025K2;total;641;3619.0
1276;2025K3;total;611;3449.0
1276;2025K4;total;541;3054.0
1276;2026 prel.K1;total;517;2919.0
1276;2026 prel.K2;total;671;3788.0
1277;2014K1;total;587;3915.0
1277;2014K2;total;639;4262.0
1277;2015K1;total;477;3153.0
1277;2015K2;total;501;3312.0
1277;2015K3;total;544;3596.0
1277;2015K4;total;530;3504.0
1277;2016K1;total;475;3092.0
1277;2016K2;total;530;3450.0
1277;2016K3;total;474;3086.0
1277;2016K4;total;508;3307.0
1277;2017K1;total;487;3106.0
1277;2017K2;total;579;3693.0
1277;2017K3;total;515;3285.0
1277;2017K4;total;539;3438.0
1277;2018K1;total;506;3181.0
1277;2018K2;total;505;3175.0
1277;2018K3;total;526;3307.0
1277;2018K4;total;591;3715.0
1277;2019K1;total;617;3865.0
1277;2019K2;total;568;3558.0
1277;2019K3;total;490;3070.0
1277;2019K4;total;488;3057.0
1277;2020K1;total;636;3975.0
1277;2020K2;total;632;3950.0
1277;2020K3;total;581;3631.0
1277;2020K4;total;498;3112.0
1277;2021K1;total;462;2854.0
1277;2021K2;total;528;3262.0
1277;2021K3;total;444;2743.0
1277;2021K4;total;495;3058.0
1277;2022K1;total;395;2420.0
1277;2022K2;total;444;2720.0
1277;2022K3;total;482;2953.0
1277;2022K4;total;571;3498.0
1277;2023K1;total;469;2860.0
1277;2023K2;total;495;3018.0
1277;2023K3;total;472;2878.0
1277;2023K4;total;487;2970.0
1277;2024K1;total;523;3175.0
1277;2024K2;total;596;3618.0
1277;2024K3;total;556;3376.0
1277;2024K4;total;488;2963.0
1277;2025K1;total;488;2963.0
1277;2025K2;total;476;2890.0
1277;2025K3;total;491;2981.0
1277;2025K4;total;472;2866.0
1277;2026 prel.K1;total;435;2638.0
1277;2026 prel.K2;total;508;3080.0
1278;2014K1;total;260;1812.0
1278;2014K2;total;371;2586.0
1278;2015K1;total;393;2730.0
1278;2015K2;total;440;3056.0
1278;2015K3;total;487;3383.0
1278;2015K4;total;362;2515.0
1278;2016K1;total;310;2139.0
1278;2016K2;total;391;2698.0
1278;2016K3;total;522;3602.0
1278;2016K4;total;321;2215.0
1278;2017K1;total;344;2339.0
1278;2017K2;total;466;3169.0
1278;2017K3;total;467;3176.0
1278;2017K4;total;380;2584.0
1278;2018K1;total;318;2138.0
1278;2018K2;total;376;2528.0
1278;2018K3;total;527;3544.0
1278;2018K4;total;317;2132.0
1278;2019K1;total;348;2314.0
1278;2019K2;total;356;2367.0
1278;2019K3;total;421;2800.0
1278;2019K4;total;322;2141.0
1278;2020K1;total;287;1879.0
1278;2020K2;total;358;2344.0
1278;2020K3;total;403;2639.0
1278;2020K4;total;267;1748.0
1278;2021K1;total;240;1546.0
1278;2021K2;total;279;1797.0
1278;2021K3;total;344;2216.0
1278;2021K4;total;282;1816.0
1278;2022K1;total;245;1558.0
1278;2022K2;total;300;1907.0
1278;2022K3;total;333;2117.0
1278;2022K4;total;290;1844.0
1278;2023K1;total;332;2092.0
1278;2023K2;total;362;2281.0
1278;2023K3;total;410;2584.0
1278;2023K4;total;311;1960.0
1278;2024K1;total;287;1800.0
1278;2024K2;total;356;2232.0
1278;2024K3;total;471;2953.0
1278;2024K4;total;293;1837.0
1278;2025K1;total;356;2220.0
1278;2025K2;total;428;2669.0
1278;2025K3;total;475;2962.0
1278;2025K4;total;276;1721.0
1278;2026 prel.K1;total;241;1502.0
1278;2026 prel.K2;total;363;2262.0
1280;2014K1;total;14909;4725.0
1280;2014K2;total;14466;4584.0
1280;2015K1;total;13969;4361.0
1280;2015K2;total;14968;4673.0
1280;2015K3;total;15562;4858.0
1280;2015K4;total;14727;4597.0
1280;2016K1;total;14059;4319.0
1280;2016K2;total;15572;4784.0
1280;2016K3;total;14761;4534.0
1280;2016K4;total;14152;4347.0
1280;2017K1;total;14245;4303.0
1280;2017K2;total;15316;4626.0
1280;2017K3;total;15632;4722.0
1280;2017K4;total;14113;4263.0
1280;2018K1;total;12243;3639.0
1280;2018K2;total;14465;4299.0
1280;2018K3;total;13937;4142.0
1280;2018K4;total;12896;3833.0
1280;2019K1;total;13370;3912.0
1280;2019K2;total;13105;3835.0
1280;2019K3;total;13511;3954.0
1280;2019K4;total;13822;4045.0
1280;2020K1;total;14698;4247.0
1280;2020K2;total;14604;4220.0
1280;2020K3;total;14999;4334.0
1280;2020K4;total;14119;4080.0
1280;2021K1;total;12243;3500.0
1280;2021K2;total;13619;3893.0
1280;2021K3;total;13188;3770.0
1280;2021K4;total;12616;3606.0
1280;2022K1;total;11818;3333.0
1280;2022K2;total;13573;3828.0
1280;2022K3;total;14470;4081.0
1280;2022K4;total;14705;4147.0
1280;2023K1;total;13583;3776.0
1280;2023K2;total;14717;4091.0
1280;2023K3;total;15154;4212.0
1280;2023K4;total;14964;4159.0
1280;2024K1;total;14562;4002.0
1280;2024K2;total;15112;4153.0
1280;2024K3;total;15660;4304.0
1280;2024K4;total;14814;4071.0
1280;2025K1;total;13593;3706.0
1280;2025K2;total;14772;4027.0
1280;2025K3;total;15839;4318.0
1280;2025K4;total;15151;4131.0
1280;2026 prel.K1;total;13520;3675.0
1280;2026 prel.K2;total;14402;3914.0
1281;2014K1;total;3477;3020.0
1281;2014K2;total;4089;3552.0
1281;2015K1;total;3616;3107.0
1281;2015K2;total;4112;3533.0
1281;2015K3;total;3623;3113.0
1281;2015K4;total;4010;3445.0
1281;2016K1;total;3226;2741.0
1281;2016K2;total;3800;3229.0
1281;2016K3;total;3454;2935.0
1281;2016K4;total;3057;2598.0
1281;2017K1;total;3000;2502.0
1281;2017K2;total;3369;2810.0
1281;2017K3;total;3268;2725.0
1281;2017K4;total;3334;2780.0
1281;2018K1;total;2829;2317.0
1281;2018K2;total;3115;2551.0
1281;2018K3;total;3227;2643.0
1281;2018K4;total;3139;2571.0
1281;2019K1;total;2870;2316.0
1281;2019K2;total;3303;2665.0
1281;2019K3;total;2914;2351.0
1281;2019K4;total;3302;2664.0
1281;2020K1;total;3358;2677.0
1281;2020K2;total;3286;2620.0
1281;2020K3;total;3276;2612.0
1281;2020K4;total;2931;2337.0
1281;2021K1;total;2672;2110.0
1281;2021K2;total;2953;2331.0
1281;2021K3;total;2853;2253.0
1281;2021K4;total;2979;2352.0
1281;2022K1;total;2957;2312.0
1281;2022K2;total;3207;2508.0
1281;2022K3;total;3256;2546.0
1281;2022K4;total;3198;2501.0
1281;2023K1;total;3272;2530.0
1281;2023K2;total;3473;2685.0
1281;2023K3;total;3564;2756.0
1281;2023K4;total;3426;2649.0
1281;2024K1;total;3335;2546.0
1281;2024K2;total;4058;3098.0
1281;2024K3;total;3989;3046.0
1281;2024K4;total;3626;2768.0
1281;2025K1;total;3436;2604.0
1281;2025K2;total;3937;2983.0
1281;2025K3;total;3837;2908.0
1281;2025K4;total;3536;2680.0
1281;2026 prel.K1;total;3401;2570.0
1281;2026 prel.K2;total;3879;2931.0
1282;2014K1;total;1518;3504.0
1282;2014K2;total;1726;3984.0
1282;2015K1;total;1509;3448.0
1282;2015K2;total;1857;4243.0
1282;2015K3;total;1912;4369.0
1282;2015K4;total;1803;4119.0
1282;2016K1;total;1771;3999.0
1282;2016K2;total;1616;3649.0
1282;2016K3;total;1639;3701.0
1282;2016K4;total;1558;3518.0
1282;2017K1;total;1656;3684.0
1282;2017K2;total;1610;3582.0
1282;2017K3;total;1694;3769.0
1282;2017K4;total;1554;3457.0
1282;2018K1;total;1361;2989.0
1282;2018K2;total;1631;3582.0
1282;2018K3;total;1526;3352.0
1282;2018K4;total;1335;2932.0
1282;2019K1;total;1299;2828.0
1282;2019K2;total;1315;2863.0
1282;2019K3;total;1430;3113.0
1282;2019K4;total;1297;2824.0
1282;2020K1;total;1243;2691.0
1282;2020K2;total;1526;3303.0
1282;2020K3;total;1686;3650.0
1282;2020K4;total;1620;3507.0
1282;2021K1;total;1334;2875.0
1282;2021K2;total;1519;3274.0
1282;2021K3;total;1293;2787.0
1282;2021K4;total;1307;2817.0
1282;2022K1;total;1296;2772.0
1282;2022K2;total;1566;3350.0
1282;2022K3;total;1517;3245.0
1282;2022K4;total;1628;3483.0
1282;2023K1;total;1417;3010.0
1282;2023K2;total;1470;3123.0
1282;2023K3;total;1618;3438.0
1282;2023K4;total;1418;3013.0
1282;2024K1;total;1801;3815.0
1282;2024K2;total;1601;3391.0
1282;2024K3;total;1649;3493.0
1282;2024K4;total;1679;3556.0
1282;2025K1;total;1798;3790.0
1282;2025K2;total;1658;3495.0
1282;2025K3;total;1752;3693.0
1282;2025K4;total;1708;3600.0
1282;2026 prel.K1;total;1349;2836.0
1282;2026 prel.K2;total;1616;3397.0
1283;2014K1;total;5709;4255.0
1283;2014K2;total;6530;4867.0
1283;2015K1;total;5299;3878.0
1283;2015K2;total;5649;4135.0
1283;2015K3;total;5976;4374.0
1283;2015K4;total;5892;4312.0
1283;2016K1;total;5417;3891.0
1283;2016K2;total;5614;4032.0
1283;2016K3;total;5462;3923.0
1283;2016K4;total;5350;3843.0
1283;2017K1;total;4769;3360.0
1283;2017K2;total;5813;4096.0
1283;2017K3;total;5838;4113.0
1283;2017K4;total;5326;3753.0
1283;2018K1;total;5074;3515.0
1283;2018K2;total;6165;4271.0
1283;2018K3;total;6069;4204.0
1283;2018K4;total;5029;3484.0
1283;2019K1;total;4834;3298.0
1283;2019K2;total;5492;3747.0
1283;2019K3;total;5224;3564.0
1283;2019K4;total;5170;3527.0
1283;2020K1;total;5539;3730.0
1283;2020K2;total;5314;3578.0
1283;2020K3;total;5515;3714.0
1283;2020K4;total;5463;3679.0
1283;2021K1;total;5837;3899.0
1283;2021K2;total;5349;3573.0
1283;2021K3;total;5320;3554.0
1283;2021K4;total;5204;3476.0
1283;2022K1;total;5086;3378.0
1283;2022K2;total;5341;3548.0
1283;2022K3;total;5927;3937.0
1283;2022K4;total;5881;3907.0
1283;2023K1;total;5209;3446.0
1283;2023K2;total;5874;3886.0
1283;2023K3;total;6198;4101.0
1283;2023K4;total;5608;3710.0
1283;2024K1;total;5680;3745.0
1283;2024K2;total;5753;3793.0
1283;2024K3;total;6277;4138.0
1283;2024K4;total;5877;3874.0
1283;2025K1;total;6008;3941.0
1283;2025K2;total;5895;3867.0
1283;2025K3;total;6324;4149.0
1283;2025K4;total;5526;3625.0
1283;2026 prel.K1;total;5273;3451.0
1283;2026 prel.K2;total;5179;3390.0
1284;2014K1;total;451;1790.0
1284;2014K2;total;484;1921.0
1284;2015K1;total;487;1913.0
1284;2015K2;total;556;2184.0
1284;2015K3;total;598;2349.0
1284;2015K4;total;533;2094.0
1284;2016K1;total;516;2006.0
1284;2016K2;total;513;1994.0
1284;2016K3;total;561;2180.0
1284;2016K4;total;512;1990.0
1284;2017K1;total;382;1468.0
1284;2017K2;total;413;1587.0
1284;2017K3;total;493;1895.0
1284;2017K4;total;402;1545.0
1284;2018K1;total;456;1729.0
1284;2018K2;total;566;2146.0
1284;2018K3;total;511;1937.0
1284;2018K4;total;531;2013.0
1284;2019K1;total;370;1383.0
1284;2019K2;total;399;1491.0
1284;2019K3;total;428;1600.0
1284;2019K4;total;508;1899.0
1284;2020K1;total;453;1674.0
1284;2020K2;total;508;1878.0
1284;2020K3;total;492;1819.0
1284;2020K4;total;501;1852.0
1284;2021K1;total;493;1801.0
1284;2021K2;total;468;1709.0
1284;2021K3;total;526;1921.0
1284;2021K4;total;416;1519.0
1284;2022K1;total;394;1415.0
1284;2022K2;total;496;1781.0
1284;2022K3;total;485;1742.0
1284;2022K4;total;514;1846.0
1284;2023K1;total;528;1876.0
1284;2023K2;total;555;1972.0
1284;2023K3;total;552;1961.0
1284;2023K4;total;481;1709.0
1284;2024K1;total;537;1898.0
1284;2024K2;total;475;1679.0
1284;2024K3;total;572;2022.0
1284;2024K4;total;481;1700.0
1284;2025K1;total;482;1694.0
1284;2025K2;total;520;1827.0
1284;2025K3;total;502;1764.0
1284;2025K4;total;484;1701.0
1284;2026 prel.K1;total;604;2120.0
1284;2026 prel.K2;total;599;2103.0
1285;2014K1;total;877;2736.0
1285;2014K2;total;917;2861.0
1285;2015K1;total;924;2860.0
1285;2015K2;total;976;3021.0
1285;2015K3;total;1061;3284.0
1285;2015K4;total;1130;3498.0
1285;2016K1;total;1064;3258.0
1285;2016K2;total;1141;3494.0
1285;2016K3;total;954;2921.0
1285;2016K4;total;847;2594.0
1285;2017K1;total;820;2481.0
1285;2017K2;total;780;2360.0
1285;2017K3;total;999;3022.0
1285;2017K4;total;1063;3216.0
1285;2018K1;total;891;2668.0
1285;2018K2;total;789;2363.0
1285;2018K3;total;931;2788.0
1285;2018K4;total;899;2692.0
1285;2019K1;total;1024;3041.0
1285;2019K2;total;776;2304.0
1285;2019K3;total;739;2195.0
1285;2019K4;total;954;2833.0
1285;2020K1;total;817;2406.0
1285;2020K2;total;789;2323.0
1285;2020K3;total;787;2318.0
1285;2020K4;total;772;2273.0
1285;2021K1;total;759;2209.0
1285;2021K2;total;820;2387.0
1285;2021K3;total;870;2532.0
1285;2021K4;total;827;2407.0
1285;2022K1;total;905;2612.0
1285;2022K2;total;960;2771.0
1285;2022K3;total;1132;3267.0
1285;2022K4;total;1000;2886.0
1285;2023K1;total;937;2697.0
1285;2023K2;total;926;2666.0
1285;2023K3;total;1050;3023.0
1285;2023K4;total;931;2680.0
1285;2024K1;total;1051;3018.0
1285;2024K2;total;1115;3202.0
1285;2024K3;total;996;2860.0
1285;2024K4;total;939;2696.0
1285;2025K1;total;888;2535.0
1285;2025K2;total;866;2473.0
1285;2025K3;total;978;2792.0
1285;2025K4;total;908;2593.0
1285;2026 prel.K1;total;804;2289.0
1285;2026 prel.K2;total;899;2559.0
1286;2014K1;total;802;2795.0
1286;2014K2;total;735;2561.0
1286;2015K1;total;605;2095.0
1286;2015K2;total;725;2511.0
1286;2015K3;total;757;2621.0
1286;2015K4;total;681;2358.0
1286;2016K1;total;613;2098.0
1286;2016K2;total;648;2218.0
1286;2016K3;total;703;2406.0
1286;2016K4;total;697;2386.0
1286;2017K1;total;692;2334.0
1286;2017K2;total;684;2307.0
1286;2017K3;total;788;2658.0
1286;2017K4;total;650;2192.0
1286;2018K1;total;774;2577.0
1286;2018K2;total;667;2221.0
1286;2018K3;total;686;2284.0
1286;2018K4;total;637;2121.0
1286;2019K1;total;1000;3291.0
1286;2019K2;total;772;2541.0
1286;2019K3;total;629;2070.0
1286;2019K4;total;581;1912.0
1286;2020K1;total;605;1967.0
1286;2020K2;total;655;2130.0
1286;2020K3;total;656;2133.0
1286;2020K4;total;620;2016.0
1286;2021K1;total;458;1465.0
1286;2021K2;total;674;2156.0
1286;2021K3;total;654;2092.0
1286;2021K4;total;628;2009.0
1286;2022K1;total;615;1944.0
1286;2022K2;total;732;2314.0
1286;2022K3;total;756;2390.0
1286;2022K4;total;718;2269.0
1286;2023K1;total;685;2153.0
1286;2023K2;total;713;2241.0
1286;2023K3;total;863;2713.0
1286;2023K4;total;793;2493.0
1286;2024K1;total;867;2706.0
1286;2024K2;total;846;2641.0
1286;2024K3;total;891;2781.0
1286;2024K4;total;887;2769.0
1286;2025K1;total;861;2678.0
1286;2025K2;total;948;2949.0
1286;2025K3;total;1105;3437.0
1286;2025K4;total;917;2853.0
1286;2026 prel.K1;total;747;2321.0
1286;2026 prel.K2;total;864;2684.0
1287;2014K1;total;1256;2927.0
1287;2014K2;total;1294;3016.0
1287;2015K1;total;1234;2859.0
1287;2015K2;total;1393;3227.0
1287;2015K3;total;1543;3575.0
1287;2015K4;total;1321;3060.0
1287;2016K1;total;1176;2695.0
1287;2016K2;total;1056;2420.0
1287;2016K3;total;1077;2468.0
1287;2016K4;total;1277;2926.0
1287;2017K1;total;1078;2436.0
1287;2017K2;total;1091;2465.0
1287;2017K3;total;938;2120.0
1287;2017K4;total;1057;2388.0
1287;2018K1;total;1070;2391.0
1287;2018K2;total;1061;2371.0
1287;2018K3;total;1220;2726.0
1287;2018K4;total;1063;2375.0
1287;2019K1;total;981;2172.0
1287;2019K2;total;953;2110.0
1287;2019K3;total;985;2181.0
1287;2019K4;total;1018;2254.0
1287;2020K1;total;973;2131.0
1287;2020K2;total;1028;2251.0
1287;2020K3;total;1070;2343.0
1287;2020K4;total;989;2166.0
1287;2021K1;total;893;1939.0
1287;2021K2;total;907;1969.0
1287;2021K3;total;846;1837.0
1287;2021K4;total;745;1618.0
1287;2022K1;total;814;1753.0
1287;2022K2;total;1121;2414.0
1287;2022K3;total;1005;2164.0
1287;2022K4;total;1079;2323.0
1287;2023K1;total;1148;2453.0
1287;2023K2;total;1060;2265.0
1287;2023K3;total;1147;2451.0
1287;2023K4;total;1215;2597.0
1287;2024K1;total;1061;2255.0
1287;2024K2;total;1218;2589.0
1287;2024K3;total;1340;2848.0
1287;2024K4;total;1122;2385.0
1287;2025K1;total;1093;2309.0
1287;2025K2;total;1276;2696.0
1287;2025K3;total;1209;2554.0
1287;2025K4;total;1223;2584.0
1287;2026 prel.K1;total;1169;2466.0
1287;2026 prel.K2;total;1073;2263.0
1290;2014K1;total;2229;2738.0
1290;2014K2;total;2356;2894.0
1290;2015K1;total;2279;2774.0
1290;2015K2;total;2682;3264.0
1290;2015K3;total;2878;3503.0
1290;2015K4;total;2478;3016.0
1290;2016K1;total;2451;2958.0
1290;2016K2;total;2892;3491.0
1290;2016K3;total;2709;3270.0
1290;2016K4;total;2282;2754.0
1290;2017K1;total;2329;2784.0
1290;2017K2;total;2609;3118.0
1290;2017K3;total;2554;3052.0
1290;2017K4;total;2473;2956.0
1290;2018K1;total;2389;2826.0
1290;2018K2;total;2670;3159.0
1290;2018K3;total;2919;3453.0
1290;2018K4;total;2606;3083.0
1290;2019K1;total;2331;2732.0
1290;2019K2;total;2422;2838.0
1290;2019K3;total;2538;2974.0
1290;2019K4;total;2414;2829.0
1290;2020K1;total;2419;2813.0
1290;2020K2;total;2569;2988.0
1290;2020K3;total;2781;3234.0
1290;2020K4;total;2538;2952.0
1290;2021K1;total;2296;2657.0
1290;2021K2;total;2673;3093.0
1290;2021K3;total;2744;3175.0
1290;2021K4;total;2352;2721.0
1290;2022K1;total;2176;2510.0
1290;2022K2;total;2394;2762.0
1290;2022K3;total;2680;3091.0
1290;2022K4;total;2583;2980.0
1290;2023K1;total;2327;2686.0
1290;2023K2;total;2548;2941.0
1290;2023K3;total;2798;3229.0
1290;2023K4;total;2768;3194.0
1290;2024K1;total;2594;3000.0
1290;2024K2;total;2654;3069.0
1290;2024K3;total;2736;3164.0
1290;2024K4;total;2379;2751.0
1290;2025K1;total;2327;2701.0
1290;2025K2;total;2332;2707.0
1290;2025K3;total;2435;2827.0
1290;2025K4;total;2690;3123.0
1290;2026 prel.K1;total;2366;2754.0
1290;2026 prel.K2;total;2238;2605.0
1291;2014K1;total;388;2050.0
1291;2014K2;total;358;1891.0
1291;2015K1;total;396;2086.0
1291;2015K2;total;457;2407.0
1291;2015K3;total;502;2644.0
1291;2015K4;total;399;2102.0
1291;2016K1;total;343;1780.0
1291;2016K2;total;468;2428.0
1291;2016K3;total;458;2376.0
1291;2016K4;total;411;2132.0
1291;2017K1;total;286;1472.0
1291;2017K2;total;422;2172.0
1291;2017K3;total;486;2501.0
1291;2017K4;total;411;2115.0
1291;2018K1;total;388;2008.0
1291;2018K2;total;385;1992.0
1291;2018K3;total;446;2308.0
1291;2018K4;total;350;1811.0
1291;2019K1;total;330;1716.0
1291;2019K2;total;380;1976.0
1291;2019K3;total;437;2273.0
1291;2019K4;total;262;1363.0
1291;2020K1;total;334;1740.0
1291;2020K2;total;350;1823.0
1291;2020K3;total;488;2542.0
1291;2020K4;total;308;1604.0
1291;2021K1;total;355;1844.0
1291;2021K2;total;273;1418.0
1291;2021K3;total;468;2432.0
1291;2021K4;total;382;1985.0
1291;2022K1;total;296;1544.0
1291;2022K2;total;334;1742.0
1291;2022K3;total;462;2410.0
1291;2022K4;total;326;1701.0
1291;2023K1;total;321;1688.0
1291;2023K2;total;449;2361.0
1291;2023K3;total;455;2392.0
1291;2023K4;total;367;1930.0
1291;2024K1;total;483;2549.0
1291;2024K2;total;525;2771.0
1291;2024K3;total;571;3014.0
1291;2024K4;total;417;2201.0
1291;2025K1;total;416;2209.0
1291;2025K2;total;423;2246.0
1291;2025K3;total;409;2172.0
1291;2025K4;total;364;1933.0
1291;2026 prel.K1;total;339;1805.0
1291;2026 prel.K2;total;372;1981.0
1292;2014K1;total;970;2422.0
1292;2014K2;total;927;2315.0
1292;2015K1;total;1009;2493.0
1292;2015K2;total;1115;2754.0
1292;2015K3;total;935;2310.0
1292;2015K4;total;1017;2512.0
1292;2016K1;total;988;2408.0
1292;2016K2;total;1009;2459.0
1292;2016K3;total;1100;2681.0
1292;2016K4;total;1091;2659.0
1292;2017K1;total;947;2279.0
1292;2017K2;total;1103;2654.0
1292;2017K3;total;1109;2668.0
1292;2017K4;total;1014;2440.0
1292;2018K1;total;816;1945.0
1292;2018K2;total;1075;2562.0
1292;2018K3;total;1092;2603.0
1292;2018K4;total;963;2295.0
1292;2019K1;total;928;2194.0
1292;2019K2;total;1051;2484.0
1292;2019K3;total;959;2267.0
1292;2019K4;total;895;2116.0
1292;2020K1;total;1017;2382.0
1292;2020K2;total;1068;2502.0
1292;2020K3;total;1212;2839.0
1292;2020K4;total;1052;2464.0
1292;2021K1;total;823;1902.0
1292;2021K2;total;830;1918.0
1292;2021K3;total;926;2140.0
1292;2021K4;total;960;2219.0
1292;2022K1;total;844;1920.0
1292;2022K2;total;817;1859.0
1292;2022K3;total;997;2268.0
1292;2022K4;total;1002;2280.0
1292;2023K1;total;899;2017.0
1292;2023K2;total;1015;2277.0
1292;2023K3;total;961;2156.0
1292;2023K4;total;941;2111.0
1292;2024K1;total;945;2102.0
1292;2024K2;total;1126;2505.0
1292;2024K3;total;1112;2474.0
1292;2024K4;total;1102;2451.0
1292;2025K1;total;1221;2705.0
1292;2025K2;total;1090;2415.0
1292;2025K3;total;1030;2282.0
1292;2025K4;total;1090;2415.0
1292;2026 prel.K1;total;884;1958.0
1292;2026 prel.K2;total;942;2086.0
1293;2014K1;total;1293;2566.0
1293;2014K2;total;1449;2875.0
1293;2015K1;total;1723;3391.0
1293;2015K2;total;1401;2758.0
1293;2015K3;total;1540;3031.0
1293;2015K4;total;1263;2486.0
1293;2016K1;total;1295;2522.0
1293;2016K2;total;1337;2603.0
1293;2016K3;total;1366;2660.0
1293;2016K4;total;1168;2274.0
1293;2017K1;total;1158;2234.0
1293;2017K2;total;1644;3172.0
1293;2017K3;total;1325;2556.0
1293;2017K4;total;1245;2402.0
1293;2018K1;total;1127;2165.0
1293;2018K2;total;1276;2451.0
1293;2018K3;total;1306;2509.0
1293;2018K4;total;1306;2509.0
1293;2019K1;total;1365;2618.0
1293;2019K2;total;1561;2994.0
1293;2019K3;total;1365;2618.0
1293;2019K4;total;1199;2300.0
1293;2020K1;total;1428;2742.0
1293;2020K2;total;1610;3092.0
1293;2020K3;total;1526;2930.0
1293;2020K4;total;1437;2759.0
1293;2021K1;total;1158;2220.0
1293;2021K2;total;1484;2845.0
1293;2021K3;total;1363;2613.0
1293;2021K4;total;1314;2519.0
1293;2022K1;total;1235;2360.0
1293;2022K2;total;1617;3089.0
1293;2022K3;total;1640;3133.0
1293;2022K4;total;1478;2824.0
1293;2023K1;total;1452;2776.0
1293;2023K2;total;1496;2860.0
1293;2023K3;total;1704;3258.0
1293;2023K4;total;1480;2830.0
1293;2024K1;total;1513;2898.0
1293;2024K2;total;1650;3160.0
1293;2024K3;total;1801;3450.0
1293;2024K4;total;1580;3026.0
1293;2025K1;total;1651;3174.0
1293;2025K2;total;1552;2984.0
1293;2025K3;total;1782;3426.0
1293;2025K4;total;1734;3334.0
1293;2026 prel.K1;total;1411;2718.0
1293;2026 prel.K2;total;1538;2963.0
1315;2014K1;total;274;2702.0
1315;2014K2;total;320;3156.0
1315;2015K1;total;290;2790.0
1315;2015K2;total;358;3444.0
1315;2015K3;total;312;3001.0
1315;2015K4;total;312;3001.0
1315;2016K1;total;270;2515.0
1315;2016K2;total;261;2432.0
1315;2016K3;total;271;2525.0
1315;2016K4;total;324;3018.0
1315;2017K1;total;298;2716.0
1315;2017K2;total;282;2570.0
1315;2017K3;total;309;2816.0
1315;2017K4;total;338;3081.0
1315;2018K1;total;246;2246.0
1315;2018K2;total;332;3031.0
1315;2018K3;total;316;2885.0
1315;2018K4;total;315;2876.0
1315;2019K1;total;260;2393.0
1315;2019K2;total;316;2909.0
1315;2019K3;total;266;2448.0
1315;2019K4;total;346;3185.0
1315;2020K1;total;310;2889.0
1315;2020K2;total;370;3448.0
1315;2020K3;total;392;3653.0
1315;2020K4;total;412;3839.0
1315;2021K1;total;367;3451.0
1315;2021K2;total;358;3367.0
1315;2021K3;total;232;2182.0
1315;2021K4;total;293;2755.0
1315;2022K1;total;238;2258.0
1315;2022K2;total;295;2798.0
1315;2022K3;total;355;3368.0
1315;2022K4;total;292;2770.0
1315;2023K1;total;307;2957.0
1315;2023K2;total;250;2408.0
1315;2023K3;total;271;2610.0
1315;2023K4;total;211;2032.0
1315;2024K1;total;232;2260.0
1315;2024K2;total;208;2027.0
1315;2024K3;total;285;2777.0
1315;2024K4;total;305;2972.0
1315;2025K1;total;186;1833.0
1315;2025K2;total;292;2878.0
1315;2025K3;total;265;2612.0
1315;2025K4;total;223;2198.0
1315;2026 prel.K1;total;234;2318.0
1315;2026 prel.K2;total;193;1912.0
1380;2014K1;total;2966;3128.0
1380;2014K2;total;3113;3283.0
1380;2015K1;total;3503;3640.0
1380;2015K2;total;2989;3106.0
1380;2015K3;total;3204;3329.0
1380;2015K4;total;2921;3035.0
1380;2016K1;total;2997;3066.0
1380;2016K2;total;3222;3296.0
1380;2016K3;total;3409;3488.0
1380;2016K4;total;3111;3183.0
1380;2017K1;total;2784;2808.0
1380;2017K2;total;3169;3196.0
1380;2017K3;total;3279;3307.0
1380;2017K4;total;3079;3106.0
1380;2018K1;total;2905;2890.0
1380;2018K2;total;2998;2983.0
1380;2018K3;total;3380;3363.0
1380;2018K4;total;2777;2763.0
1380;2019K1;total;2646;2594.0
1380;2019K2;total;2652;2600.0
1380;2019K3;total;3072;3011.0
1380;2019K4;total;2707;2653.0
1380;2020K1;total;2815;2726.0
1380;2020K2;total;3008;2913.0
1380;2020K3;total;3453;3344.0
1380;2020K4;total;3110;3012.0
1380;2021K1;total;2986;2867.0
1380;2021K2;total;3281;3150.0
1380;2021K3;total;3231;3102.0
1380;2021K4;total;3319;3186.0
1380;2022K1;total;2980;2842.0
1380;2022K2;total;3377;3220.0
1380;2022K3;total;3728;3555.0
1380;2022K4;total;3468;3307.0
1380;2023K1;total;3257;3088.0
1380;2023K2;total;3416;3239.0
1380;2023K3;total;3487;3306.0
1380;2023K4;total;3464;3284.0
1380;2024K1;total;3326;3139.0
1380;2024K2;total;3963;3740.0
1380;2024K3;total;3848;3632.0
1380;2024K4;total;3709;3500.0
1380;2025K1;total;3487;3283.0
1380;2025K2;total;3334;3139.0
1380;2025K3;total;3605;3395.0
1380;2025K4;total;3325;3131.0
1380;2026 prel.K1;total;2985;2808.0
1380;2026 prel.K2;total;3612;3397.0
1381;2014K1;total;581;2457.0
1381;2014K2;total;607;2567.0
1381;2015K1;total;553;2305.0
1381;2015K2;total;569;2372.0
1381;2015K3;total;636;2651.0
1381;2015K4;total;636;2651.0
1381;2016K1;total;553;2264.0
1381;2016K2;total;733;3000.0
1381;2016K3;total;655;2681.0
1381;2016K4;total;509;2084.0
1381;2017K1;total;671;2694.0
1381;2017K2;total;617;2477.0
1381;2017K3;total;633;2542.0
1381;2017K4;total;540;2168.0
1381;2018K1;total;452;1785.0
1381;2018K2;total;538;2125.0
1381;2018K3;total;585;2311.0
1381;2018K4;total;522;2062.0
1381;2019K1;total;488;1899.0
1381;2019K2;total;458;1782.0
1381;2019K3;total;563;2191.0
1381;2019K4;total;609;2370.0
1381;2020K1;total;592;2283.0
1381;2020K2;total;669;2580.0
1381;2020K3;total;702;2707.0
1381;2020K4;total;697;2687.0
1381;2021K1;total;575;2199.0
1381;2021K2;total;582;2226.0
1381;2021K3;total;672;2570.0
1381;2021K4;total;556;2127.0
1381;2022K1;total;545;2061.0
1381;2022K2;total;679;2567.0
1381;2022K3;total;607;2295.0
1381;2022K4;total;618;2337.0
1381;2023K1;total;580;2183.0
1381;2023K2;total;577;2172.0
1381;2023K3;total;594;2236.0
1381;2023K4;total;554;2085.0
1381;2024K1;total;453;1705.0
1381;2024K2;total;568;2137.0
1381;2024K3;total;554;2085.0
1381;2024K4;total;641;2412.0
1381;2025K1;total;612;2302.0
1381;2025K2;total;599;2254.0
1381;2025K3;total;601;2261.0
1381;2025K4;total;573;2156.0
1381;2026 prel.K1;total;479;1803.0
1381;2026 prel.K2;total;449;1690.0
1382;2014K1;total;977;2317.0
1382;2014K2;total;1263;2995.0
1382;2015K1;total;1141;2673.0
1382;2015K2;total;1290;3022.0
1382;2015K3;total;1381;3235.0
1382;2015K4;total;1289;3019.0
1382;2016K1;total;1245;2868.0
1382;2016K2;total;1444;3327.0
1382;2016K3;total;1525;3513.0
1382;2016K4;total;1124;2589.0
1382;2017K1;total;1096;2489.0
1382;2017K2;total;1180;2680.0
1382;2017K3;total;1273;2891.0
1382;2017K4;total;1438;3266.0
1382;2018K1;total;1006;2263.0
1382;2018K2;total;1115;2509.0
1382;2018K3;total;1117;2513.0
1382;2018K4;total;1098;2470.0
1382;2019K1;total;1163;2582.0
1382;2019K2;total;1120;2487.0
1382;2019K3;total;1299;2884.0
1382;2019K4;total;1061;2356.0
1382;2020K1;total;972;2126.0
1382;2020K2;total;1026;2245.0
1382;2020K3;total;1222;2673.0
1382;2020K4;total;1112;2433.0
1382;2021K1;total;1171;2523.0
1382;2021K2;total;1052;2267.0
1382;2021K3;total;1219;2626.0
1382;2021K4;total;1023;2204.0
1382;2022K1;total;1146;2444.0
1382;2022K2;total;1199;2557.0
1382;2022K3;total;1469;3133.0
1382;2022K4;total;1039;2216.0
1382;2023K1;total;1233;2620.0
1382;2023K2;total;1251;2658.0
1382;2023K3;total;1246;2648.0
1382;2023K4;total;1130;2401.0
1382;2024K1;total;962;2037.0
1382;2024K2;total;1056;2236.0
1382;2024K3;total;1226;2596.0
1382;2024K4;total;1081;2289.0
1382;2025K1;total;1100;2324.0
1382;2025K2;total;1110;2345.0
1382;2025K3;total;1259;2660.0
1382;2025K4;total;993;2098.0
1382;2026 prel.K1;total;881;1862.0
1382;2026 prel.K2;total;1132;2392.0
1383;2014K1;total;1246;2070.0
1383;2014K2;total;1365;2268.0
1383;2015K1;total;1310;2157.0
1383;2015K2;total;1293;2129.0
1383;2015K3;total;1378;2269.0
1383;2015K4;total;1265;2083.0
1383;2016K1;total;1167;1899.0
1383;2016K2;total;1323;2153.0
1383;2016K3;total;1377;2241.0
1383;2016K4;total;1213;1974.0
1383;2017K1;total;1127;1809.0
1383;2017K2;total;1318;2115.0
1383;2017K3;total;1259;2020.0
1383;2017K4;total;1294;2077.0
1383;2018K1;total;1080;1709.0
1383;2018K2;total;1198;1896.0
1383;2018K3;total;1322;2092.0
1383;2018K4;total;1097;1736.0
1383;2019K1;total;1184;1847.0
1383;2019K2;total;1127;1758.0
1383;2019K3;total;1140;1778.0
1383;2019K4;total;1122;1750.0
1383;2020K1;total;1047;1611.0
1383;2020K2;total;1242;1911.0
1383;2020K3;total;1355;2085.0
1383;2020K4;total;1165;1792.0
1383;2021K1;total;1230;1863.0
1383;2021K2;total;1272;1926.0
1383;2021K3;total;1393;2110.0
1383;2021K4;total;1248;1890.0
1383;2022K1;total;1015;1510.0
1383;2022K2;total;1329;1977.0
1383;2022K3;total;1564;2326.0
1383;2022K4;total;1247;1855.0
1383;2023K1;total;1212;1781.0
1383;2023K2;total;1356;1992.0
1383;2023K3;total;1558;2289.0
1383;2023K4;total;1444;2122.0
1383;2024K1;total;1312;1911.0
1383;2024K2;total;1374;2001.0
1383;2024K3;total;1552;2260.0
1383;2024K4;total;1481;2157.0
1383;2025K1;total;1264;1825.0
1383;2025K2;total;1328;1917.0
1383;2025K3;total;1469;2121.0
1383;2025K4;total;1417;2046.0
1383;2026 prel.K1;total;1219;1755.0
1383;2026 prel.K2;total;1528;2200.0
1384;2014K1;total;1243;1598.0
1384;2014K2;total;1361;1749.0
1384;2015K1;total;1510;1919.0
1384;2015K2;total;1393;1770.0
1384;2015K3;total;1395;1773.0
1384;2015K4;total;1605;2040.0
1384;2016K1;total;1391;1743.0
1384;2016K2;total;1577;1976.0
1384;2016K3;total;1469;1841.0
1384;2016K4;total;1491;1869.0
1384;2017K1;total;1228;1512.0
1384;2017K2;total;1296;1596.0
1384;2017K3;total;1323;1629.0
1384;2017K4;total;1515;1865.0
1384;2018K1;total;1270;1536.0
1384;2018K2;total;1384;1674.0
1384;2018K3;total;1377;1666.0
1384;2018K4;total;1311;1586.0
1384;2019K1;total;1171;1396.0
1384;2019K2;total;1406;1676.0
1384;2019K3;total;1281;1527.0
1384;2019K4;total;1205;1437.0
1384;2020K1;total;1306;1543.0
1384;2020K2;total;1370;1618.0
1384;2020K3;total;1561;1844.0
1384;2020K4;total;1480;1748.0
1384;2021K1;total;1437;1688.0
1384;2021K2;total;1363;1601.0
1384;2021K3;total;1598;1877.0
1384;2021K4;total;1373;1613.0
1384;2022K1;total;1377;1610.0
1384;2022K2;total;1431;1673.0
1384;2022K3;total;1502;1756.0
1384;2022K4;total;1636;1912.0
1384;2023K1;total;1730;2018.0
1384;2023K2;total;1574;1836.0
1384;2023K3;total;1728;2016.0
1384;2023K4;total;1618;1887.0
1384;2024K1;total;1568;1831.0
1384;2024K2;total;1754;2048.0
1384;2024K3;total;1758;2053.0
1384;2024K4;total;1647;1923.0
1384;2025K1;total;1652;1920.0
1384;2025K2;total;1648;1915.0
1384;2025K3;total;1679;1951.0
1384;2025K4;total;1553;1805.0
1384;2026 prel.K1;total;1542;1786.0
1384;2026 prel.K2;total;1712;1983.0
1401;2014K1;total;667;1852.0
1401;2014K2;total;931;2585.0
1401;2015K1;total;854;2342.0
1401;2015K2;total;752;2062.0
1401;2015K3;total;967;2651.0
1401;2015K4;total;924;2534.0
1401;2016K1;total;871;2362.0
1401;2016K2;total;985;2671.0
1401;2016K3;total;939;2546.0
1401;2016K4;total;845;2291.0
1401;2017K1;total;830;2228.0
1401;2017K2;total;1024;2748.0
1401;2017K3;total;960;2576.0
1401;2017K4;total;909;2440.0
1401;2018K1;total;816;2170.0
1401;2018K2;total;740;1968.0
1401;2018K3;total;916;2436.0
1401;2018K4;total;899;2391.0
1401;2019K1;total;666;1758.0
1401;2019K2;total;810;2138.0
1401;2019K3;total;656;1731.0
1401;2019K4;total;823;2172.0
1401;2020K1;total;780;2047.0
1401;2020K2;total;873;2291.0
1401;2020K3;total;856;2246.0
1401;2020K4;total;903;2369.0
1401;2021K1;total;767;1986.0
1401;2021K2;total;911;2359.0
1401;2021K3;total;965;2498.0
1401;2021K4;total;942;2439.0
1401;2022K1;total;997;2531.0
1401;2022K2;total;961;2440.0
1401;2022K3;total;953;2420.0
1401;2022K4;total;954;2422.0
1401;2023K1;total;877;2202.0
1401;2023K2;total;1000;2511.0
1401;2023K3;total;925;2323.0
1401;2023K4;total;1096;2752.0
1401;2024K1;total;988;2476.0
1401;2024K2;total;962;2410.0
1401;2024K3;total;1024;2566.0
1401;2024K4;total;931;2333.0
1401;2025K1;total;987;2467.0
1401;2025K2;total;1138;2845.0
1401;2025K3;total;941;2352.0
1401;2025K4;total;914;2285.0
1401;2026 prel.K1;total;890;2224.0
1401;2026 prel.K2;total;848;2119.0
1402;2014K1;total;983;2705.0
1402;2014K2;total;983;2705.0
1402;2015K1;total;1054;2868.0
1402;2015K2;total;1131;3077.0
1402;2015K3;total;928;2525.0
1402;2015K4;total;887;2413.0
1402;2016K1;total;835;2248.0
1402;2016K2;total;1035;2786.0
1402;2016K3;total;941;2533.0
1402;2016K4;total;963;2592.0
1402;2017K1;total;960;2553.0
1402;2017K2;total;1020;2713.0
1402;2017K3;total;950;2527.0
1402;2017K4;total;911;2423.0
1402;2018K1;total;784;2054.0
1402;2018K2;total;912;2390.0
1402;2018K3;total;854;2238.0
1402;2018K4;total;956;2505.0
1402;2019K1;total;868;2233.0
1402;2019K2;total;798;2053.0
1402;2019K3;total;929;2390.0
1402;2019K4;total;990;2547.0
1402;2020K1;total;1005;2551.0
1402;2020K2;total;978;2482.0
1402;2020K3;total;925;2348.0
1402;2020K4;total;932;2365.0
1402;2021K1;total;899;2275.0
1402;2021K2;total;1025;2594.0
1402;2021K3;total;991;2508.0
1402;2021K4;total;959;2427.0
1402;2022K1;total;954;2404.0
1402;2022K2;total;989;2492.0
1402;2022K3;total;1027;2588.0
1402;2022K4;total;1074;2706.0
1402;2023K1;total;868;2154.0
1402;2023K2;total;948;2353.0
1402;2023K3;total;915;2271.0
1402;2023K4;total;924;2293.0
1402;2024K1;total;915;2236.0
1402;2024K2;total;903;2207.0
1402;2024K3;total;892;2180.0
1402;2024K4;total;973;2378.0
1402;2025K1;total;985;2396.0
1402;2025K2;total;1007;2449.0
1402;2025K3;total;887;2158.0
1402;2025K4;total;743;1807.0
1402;2026 prel.K1;total;823;1999.0
1402;2026 prel.K2;total;897;2179.0
1407;2014K1;total;129;1023.0
1407;2014K2;total;152;1205.0
1407;2015K1;total;118;932.0
1407;2015K2;total;142;1121.0
1407;2015K3;total;125;987.0
1407;2015K4;total;99;782.0
1407;2016K1;total;103;809.0
1407;2016K2;total;122;959.0
1407;2016K3;total;139;1092.0
1407;2016K4;total;112;880.0
1407;2017K1;total;131;1020.0
1407;2017K2;total;157;1222.0
1407;2017K3;total;112;872.0
1407;2017K4;total;88;685.0
1407;2018K1;total;107;827.0
1407;2018K2;total;110;850.0
1407;2018K3;total;146;1129.0
1407;2018K4;total;76;588.0
1407;2019K1;total;80;619.0
1407;2019K2;total;164;1268.0
1407;2019K3;total;131;1013.0
1407;2019K4;total;89;688.0
1407;2020K1;total;140;1083.0
1407;2020K2;total;164;1269.0
1407;2020K3;total;174;1346.0
1407;2020K4;total;142;1099.0
1407;2021K1;total;169;1308.0
1407;2021K2;total;202;1564.0
1407;2021K3;total;194;1502.0
1407;2021K4;total;177;1370.0
1407;2022K1;total;171;1331.0
1407;2022K2;total;152;1183.0
1407;2022K3;total;217;1689.0
1407;2022K4;total;132;1027.0
1407;2023K1;total;172;1343.0
1407;2023K2;total;181;1413.0
1407;2023K3;total;166;1296.0
1407;2023K4;total;148;1155.0
1407;2024K1;total;192;1500.0
1407;2024K2;total;168;1313.0
1407;2024K3;total;182;1422.0
1407;2024K4;total;184;1438.0
1407;2025K1;total;165;1287.0
1407;2025K2;total;177;1381.0
1407;2025K3;total;204;1592.0
1407;2025K4;total;184;1436.0
1407;2026 prel.K1;total;164;1275.0
1407;2026 prel.K2;total;173;1345.0
1415;2014K1;total;502;2000.0
1415;2014K2;total;649;2585.0
1415;2015K1;total;506;1993.0
1415;2015K2;total;651;2564.0
1415;2015K3;total;653;2572.0
1415;2015K4;total;609;2398.0
1415;2016K1;total;562;2190.0
1415;2016K2;total;540;2104.0
1415;2016K3;total;659;2568.0
1415;2016K4;total;753;2934.0
1415;2017K1;total;572;2198.0
1415;2017K2;total;645;2479.0
1415;2017K3;total;650;2498.0
1415;2017K4;total;645;2479.0
1415;2018K1;total;481;1824.0
1415;2018K2;total;557;2113.0
1415;2018K3;total;495;1878.0
1415;2018K4;total;645;2447.0
1415;2019K1;total;516;1937.0
1415;2019K2;total;698;2620.0
1415;2019K3;total;634;2380.0
1415;2019K4;total;620;2327.0
1415;2020K1;total;558;2074.0
1415;2020K2;total;578;2148.0
1415;2020K3;total;675;2508.0
1415;2020K4;total;663;2464.0
1415;2021K1;total;626;2293.0
1415;2021K2;total;631;2311.0
1415;2021K3;total;563;2062.0
1415;2021K4;total;514;1883.0
1415;2022K1;total;660;2382.0
1415;2022K2;total;607;2190.0
1415;2022K3;total;620;2237.0
1415;2022K4;total;723;2609.0
1415;2023K1;total;529;1898.0
1415;2023K2;total;653;2343.0
1415;2023K3;total;524;1880.0
1415;2023K4;total;581;2085.0
1415;2024K1;total;526;1889.0
1415;2024K2;total;645;2317.0
1415;2024K3;total;726;2608.0
1415;2024K4;total;523;1879.0
1415;2025K1;total;494;1774.0
1415;2025K2;total;437;1569.0
1415;2025K3;total;567;2036.0
1415;2025K4;total;615;2208.0
1415;2026 prel.K1;total;441;1583.0
1415;2026 prel.K2;total;510;1831.0
1419;2014K1;total;233;1544.0
1419;2014K2;total;238;1577.0
1419;2015K1;total;254;1668.0
1419;2015K2;total;244;1603.0
1419;2015K3;total;290;1905.0
1419;2015K4;total;224;1471.0
1419;2016K1;total;190;1230.0
1419;2016K2;total;248;1605.0
1419;2016K3;total;302;1955.0
1419;2016K4;total;241;1560.0
1419;2017K1;total;206;1313.0
1419;2017K2;total;281;1791.0
1419;2017K3;total;238;1517.0
1419;2017K4;total;226;1441.0
1419;2018K1;total;247;1558.0
1419;2018K2;total;199;1255.0
1419;2018K3;total;265;1671.0
1419;2018K4;total;208;1312.0
1419;2019K1;total;191;1196.0
1419;2019K2;total;290;1816.0
1419;2019K3;total;271;1697.0
1419;2019K4;total;265;1659.0
1419;2020K1;total;269;1673.0
1419;2020K2;total;236;1468.0
1419;2020K3;total;331;2058.0
1419;2020K4;total;260;1617.0
1419;2021K1;total;248;1528.0
1419;2021K2;total;234;1442.0
1419;2021K3;total;293;1805.0
1419;2021K4;total;205;1263.0
1419;2022K1;total;232;1424.0
1419;2022K2;total;296;1817.0
1419;2022K3;total;248;1522.0
1419;2022K4;total;231;1418.0
1419;2023K1;total;280;1727.0
1419;2023K2;total;295;1820.0
1419;2023K3;total;286;1764.0
1419;2023K4;total;238;1468.0
1419;2024K1;total;231;1433.0
1419;2024K2;total;260;1613.0
1419;2024K3;total;303;1879.0
1419;2024K4;total;311;1929.0
1419;2025K1;total;253;1577.0
1419;2025K2;total;270;1683.0
1419;2025K3;total;325;2025.0
1419;2025K4;total;158;985.0
1419;2026 prel.K1;total;204;1275.0
1419;2026 prel.K2;total;241;1506.0
1421;2014K1;total;246;1635.0
1421;2014K2;total;315;2094.0
1421;2015K1;total;283;1883.0
1421;2015K2;total;204;1357.0
1421;2015K3;total;347;2308.0
1421;2015K4;total;265;1763.0
1421;2016K1;total;274;1820.0
1421;2016K2;total;302;2006.0
1421;2016K3;total;332;2206.0
1421;2016K4;total;283;1880.0
1421;2017K1;total;270;1788.0
1421;2017K2;total;341;2258.0
1421;2017K3;total;324;2146.0
1421;2017K4;total;262;1735.0
1421;2018K1;total;212;1403.0
1421;2018K2;total;261;1727.0
1421;2018K3;total;270;1787.0
1421;2018K4;total;343;2270.0
1421;2019K1;total;257;1695.0
1421;2019K2;total;249;1642.0
1421;2019K3;total;365;2407.0
1421;2019K4;total;259;1708.0
1421;2020K1;total;205;1343.0
1421;2020K2;total;331;2168.0
1421;2020K3;total;305;1998.0
1421;2020K4;total;294;1926.0
1421;2021K1;total;276;1800.0
1421;2021K2;total;271;1768.0
1421;2021K3;total;274;1787.0
1421;2021K4;total;226;1474.0
1421;2022K1;total;228;1482.0
1421;2022K2;total;302;1964.0
1421;2022K3;total;317;2061.0
1421;2022K4;total;221;1437.0
1421;2023K1;total;248;1613.0
1421;2023K2;total;259;1685.0
1421;2023K3;total;299;1945.0
1421;2023K4;total;203;1320.0
1421;2024K1;total;261;1701.0
1421;2024K2;total;286;1864.0
1421;2024K3;total;328;2138.0
1421;2024K4;total;324;2112.0
1421;2025K1;total;252;1641.0
1421;2025K2;total;273;1778.0
1421;2025K3;total;392;2552.0
1421;2025K4;total;246;1602.0
1421;2026 prel.K1;total;211;1373.0
1421;2026 prel.K2;total;246;1601.0
1427;2014K1;total;106;1187.0
1427;2014K2;total;220;2464.0
1427;2015K1;total;97;1082.0
1427;2015K2;total;296;3300.0
1427;2015K3;total;335;3735.0
1427;2015K4;total;184;2052.0
1427;2016K1;total;117;1295.0
1427;2016K2;total;242;2678.0
1427;2016K3;total;290;3210.0
1427;2016K4;total;262;2900.0
1427;2017K1;total;130;1433.0
1427;2017K2;total;245;2702.0
1427;2017K3;total;293;3231.0
1427;2017K4;total;215;2371.0
1427;2018K1;total;176;1944.0
1427;2018K2;total;221;2442.0
1427;2018K3;total;333;3679.0
1427;2018K4;total;143;1580.0
1427;2019K1;total;133;1470.0
1427;2019K2;total;200;2211.0
1427;2019K3;total;262;2896.0
1427;2019K4;total;171;1890.0
1427;2020K1;total;132;1454.0
1427;2020K2;total;192;2114.0
1427;2020K3;total;274;3017.0
1427;2020K4;total;210;2313.0
1427;2021K1;total;147;1613.0
1427;2021K2;total;230;2524.0
1427;2021K3;total;326;3578.0
1427;2021K4;total;138;1514.0
1427;2022K1;total;116;1269.0
1427;2022K2;total;159;1739.0
1427;2022K3;total;269;2942.0
1427;2022K4;total;169;1849.0
1427;2023K1;total;162;1779.0
1427;2023K2;total;223;2449.0
1427;2023K3;total;282;3097.0
1427;2023K4;total;157;1724.0
1427;2024K1;total;170;1875.0
1427;2024K2;total;198;2183.0
1427;2024K3;total;333;3672.0
1427;2024K4;total;150;1654.0
1427;2025K1;total;149;1643.0
1427;2025K2;total;229;2525.0
1427;2025K3;total;292;3219.0
1427;2025K4;total;133;1466.0
1427;2026 prel.K1;total;114;1262.0
1427;2026 prel.K2;total;192;2125.0
1430;2014K1;total;169;1653.0
1430;2014K2;total;187;1829.0
1430;2015K1;total;230;2250.0
1430;2015K2;total;254;2484.0
1430;2015K3;total;317;3101.0
1430;2015K4;total;285;2788.0
1430;2016K1;total;189;1838.0
1430;2016K2;total;224;2178.0
1430;2016K3;total;246;2392.0
1430;2016K4;total;210;2042.0
1430;2017K1;total;195;1876.0
1430;2017K2;total;274;2637.0
1430;2017K3;total;264;2540.0
1430;2017K4;total;237;2281.0
1430;2018K1;total;201;1921.0
1430;2018K2;total;232;2217.0
1430;2018K3;total;256;2447.0
1430;2018K4;total;176;1682.0
1430;2019K1;total;172;1637.0
1430;2019K2;total;209;1989.0
1430;2019K3;total;206;1960.0
1430;2019K4;total;209;1989.0
1430;2020K1;total;208;1972.0
1430;2020K2;total;241;2285.0
1430;2020K3;total;265;2512.0
1430;2020K4;total;265;2512.0
1430;2021K1;total;331;3127.0
1430;2021K2;total;232;2192.0
1430;2021K3;total;255;2409.0
1430;2021K4;total;250;2362.0
1430;2022K1;total;210;1984.0
1430;2022K2;total;211;1994.0
1430;2022K3;total;291;2750.0
1430;2022K4;total;463;4375.0
1430;2023K1;total;234;2220.0
1430;2023K2;total;259;2457.0
1430;2023K3;total;241;2287.0
1430;2023K4;total;241;2287.0
1430;2024K1;total;210;2013.0
1430;2024K2;total;300;2876.0
1430;2024K3;total;266;2550.0
1430;2024K4;total;272;2608.0
1430;2025K1;total;239;2317.0
1430;2025K2;total;229;2220.0
1430;2025K3;total;277;2686.0
1430;2025K4;total;180;1745.0
1430;2026 prel.K1;total;187;1820.0
1430;2026 prel.K2;total;256;2492.0
1435;2014K1;total;200;1623.0
1435;2014K2;total;275;2231.0
1435;2015K1;total;193;1556.0
1435;2015K2;total;227;1831.0
1435;2015K3;total;359;2895.0
1435;2015K4;total;262;2113.0
1435;2016K1;total;208;1660.0
1435;2016K2;total;367;2929.0
1435;2016K3;total;394;3144.0
1435;2016K4;total;252;2011.0
1435;2017K1;total;237;1868.0
1435;2017K2;total;292;2302.0
1435;2017K3;total;376;2964.0
1435;2017K4;total;275;2168.0
1435;2018K1;total;198;1545.0
1435;2018K2;total;253;1974.0
1435;2018K3;total;321;2504.0
1435;2018K4;total;247;1927.0
1435;2019K1;total;238;1851.0
1435;2019K2;total;341;2652.0
1435;2019K3;total;277;2154.0
1435;2019K4;total;210;1633.0
1435;2020K1;total;198;1538.0
1435;2020K2;total;232;1802.0
1435;2020K3;total;322;2501.0
1435;2020K4;total;174;1351.0
1435;2021K1;total;175;1353.0
1435;2021K2;total;305;2357.0
1435;2021K3;total;333;2574.0
1435;2021K4;total;197;1523.0
1435;2022K1;total;198;1524.0
1435;2022K2;total;260;2002.0
1435;2022K3;total;295;2271.0
1435;2022K4;total;250;1925.0
1435;2023K1;total;192;1484.0
1435;2023K2;total;220;1700.0
1435;2023K3;total;306;2365.0
1435;2023K4;total;228;1762.0
1435;2024K1;total;266;2071.0
1435;2024K2;total;290;2258.0
1435;2024K3;total;334;2601.0
1435;2024K4;total;225;1752.0
1435;2025K1;total;293;2303.0
1435;2025K2;total;350;2750.0
1435;2025K3;total;297;2334.0
1435;2025K4;total;318;2499.0
1435;2026 prel.K1;total;282;2225.0
1435;2026 prel.K2;total;265;2090.0
1438;2014K1;total;84;1768.0
1438;2014K2;total;65;1368.0
1438;2015K1;total;52;1088.0
1438;2015K2;total;91;1903.0
1438;2015K3;total;75;1569.0
1438;2015K4;total;91;1903.0
1438;2016K1;total;94;1963.0
1438;2016K2;total;102;2130.0
1438;2016K3;total;89;1859.0
1438;2016K4;total;81;1692.0
1438;2017K1;total;96;2013.0
1438;2017K2;total;95;1992.0
1438;2017K3;total;109;2285.0
1438;2017K4;total;55;1153.0
1438;2018K1;total;52;1087.0
1438;2018K2;total;74;1547.0
1438;2018K3;total;79;1651.0
1438;2018K4;total;99;2069.0
1438;2019K1;total;52;1081.0
1438;2019K2;total;64;1331.0
1438;2019K3;total;108;2246.0
1438;2019K4;total;82;1705.0
1438;2020K1;total;62;1295.0
1438;2020K2;total;76;1588.0
1438;2020K3;total;101;2110.0
1438;2020K4;total;89;1859.0
1438;2021K1;total;92;1933.0
1438;2021K2;total;96;2017.0
1438;2021K3;total;102;2144.0
1438;2021K4;total;66;1387.0
1438;2022K1;total;78;1659.0
1438;2022K2;total;79;1680.0
1438;2022K3;total;84;1786.0
1438;2022K4;total;83;1765.0
1438;2023K1;total;110;2377.0
1438;2023K2;total;86;1858.0
1438;2023K3;total;93;2010.0
1438;2023K4;total;71;1534.0
1438;2024K1;total;61;1326.0
1438;2024K2;total;89;1934.0
1438;2024K3;total;95;2064.0
1438;2024K4;total;90;1956.0
1438;2025K1;total;87;1896.0
1438;2025K2;total;83;1809.0
1438;2025K3;total;94;2049.0
1438;2025K4;total;75;1635.0
1438;2026 prel.K1;total;51;1116.0
1438;2026 prel.K2;total;72;1575.0
1439;2014K1;total;118;1812.0
1439;2014K2;total;120;1843.0
1439;2015K1;total;111;1708.0
1439;2015K2;total;136;2093.0
1439;2015K3;total;104;1600.0
1439;2015K4;total;110;1693.0
1439;2016K1;total;115;1753.0
1439;2016K2;total;165;2515.0
1439;2016K3;total;176;2683.0
1439;2016K4;total;102;1555.0
1439;2017K1;total;127;1921.0
1439;2017K2;total;119;1800.0
1439;2017K3;total;143;2164.0
1439;2017K4;total;108;1634.0
1439;2018K1;total;107;1622.0
1439;2018K2;total;114;1728.0
1439;2018K3;total;134;2031.0
1439;2018K4;total;98;1486.0
1439;2019K1;total;75;1133.0
1439;2019K2;total;102;1541.0
1439;2019K3;total;86;1299.0
1439;2019K4;total;144;2175.0
1439;2020K1;total;105;1580.0
1439;2020K2;total;130;1956.0
1439;2020K3;total;194;2918.0
1439;2020K4;total;160;2407.0
1439;2021K1;total;168;2539.0
1439;2021K2;total;180;2720.0
1439;2021K3;total;113;1708.0
1439;2021K4;total;125;1889.0
1439;2022K1;total;93;1421.0
1439;2022K2;total;125;1910.0
1439;2022K3;total;133;2032.0
1439;2022K4;total;133;2032.0
1439;2023K1;total;141;2178.0
1439;2023K2;total;106;1638.0
1439;2023K3;total;129;1993.0
1439;2023K4;total;104;1607.0
1439;2024K1;total;152;2374.0
1439;2024K2;total;161;2514.0
1439;2024K3;total;213;3326.0
1439;2024K4;total;163;2545.0
1439;2025K1;total;144;2274.0
1439;2025K2;total;146;2306.0
1439;2025K3;total;171;2701.0
1439;2025K4;total;170;2685.0
1439;2026 prel.K1;total;154;2449.0
1439;2026 prel.K2;total;139;2211.0
1440;2014K1;total;595;2106.0
1440;2014K2;total;712;2520.0
1440;2015K1;total;580;2025.0
1440;2015K2;total;645;2252.0
1440;2015K3;total;621;2168.0
1440;2015K4;total;511;1784.0
1440;2016K1;total;608;2082.0
1440;2016K2;total;595;2037.0
1440;2016K3;total;525;1798.0
1440;2016K4;total;579;1983.0
1440;2017K1;total;543;1817.0
1440;2017K2;total;553;1850.0
1440;2017K3;total;510;1706.0
1440;2017K4;total;555;1857.0
1440;2018K1;total;470;1537.0
1440;2018K2;total;538;1760.0
1440;2018K3;total;589;1926.0
1440;2018K4;total;622;2034.0
1440;2019K1;total;534;1714.0
1440;2019K2;total;469;1505.0
1440;2019K3;total;542;1739.0
1440;2019K4;total;502;1611.0
1440;2020K1;total;542;1713.0
1440;2020K2;total;680;2150.0
1440;2020K3;total;662;2093.0
1440;2020K4;total;707;2235.0
1440;2021K1;total;598;1868.0
1440;2021K2;total;694;2168.0
1440;2021K3;total;769;2403.0
1440;2021K4;total;670;2093.0
1440;2022K1;total;667;2067.0
1440;2022K2;total;575;1782.0
1440;2022K3;total;603;1869.0
1440;2022K4;total;620;1921.0
1440;2023K1;total;591;1823.0
1440;2023K2;total;696;2147.0
1440;2023K3;total;653;2014.0
1440;2023K4;total;619;1909.0
1440;2024K1;total;700;2155.0
1440;2024K2;total;651;2004.0
1440;2024K3;total;596;1835.0
1440;2024K4;total;590;1816.0
1440;2025K1;total;727;2230.0
1440;2025K2;total;680;2086.0
1440;2025K3;total;641;1966.0
1440;2025K4;total;668;2049.0
1440;2026 prel.K1;total;682;2091.0
1440;2026 prel.K2;total;579;1775.0
1441;2014K1;total;617;1560.0
1441;2014K2;total;800;2023.0
1441;2015K1;total;873;2184.0
1441;2015K2;total;835;2089.0
1441;2015K3;total;661;1653.0
1441;2015K4;total;934;2336.0
1441;2016K1;total;843;2085.0
1441;2016K2;total;768;1899.0
1441;2016K3;total;779;1926.0
1441;2016K4;total;943;2332.0
1441;2017K1;total;832;2024.0
1441;2017K2;total;760;1849.0
1441;2017K3;total;776;1888.0
1441;2017K4;total;1060;2579.0
1441;2018K1;total;568;1358.0
1441;2018K2;total;705;1686.0
1441;2018K3;total;658;1573.0
1441;2018K4;total;913;2183.0
1441;2019K1;total;640;1511.0
1441;2019K2;total;660;1558.0
1441;2019K3;total;728;1719.0
1441;2019K4;total;797;1882.0
1441;2020K1;total;761;1778.0
1441;2020K2;total;815;1904.0
1441;2020K3;total;864;2019.0
1441;2020K4;total;891;2082.0
1441;2021K1;total;729;1687.0
1441;2021K2;total;967;2238.0
1441;2021K3;total;885;2048.0
1441;2021K4;total;758;1754.0
1441;2022K1;total;665;1530.0
1441;2022K2;total;847;1949.0
1441;2022K3;total;813;1870.0
1441;2022K4;total;796;1831.0
1441;2023K1;total;707;1621.0
1441;2023K2;total;771;1767.0
1441;2023K3;total;783;1795.0
1441;2023K4;total;739;1694.0
1441;2024K1;total;720;1650.0
1441;2024K2;total;817;1873.0
1441;2024K3;total;837;1918.0
1441;2024K4;total;825;1891.0
1441;2025K1;total;700;1603.0
1441;2025K2;total;890;2038.0
1441;2025K3;total;873;1999.0
1441;2025K4;total;750;1718.0
1441;2026 prel.K1;total;676;1545.0
1441;2026 prel.K2;total;731;1671.0
1442;2014K1;total;210;1896.0
1442;2014K2;total;344;3106.0
1442;2015K1;total;287;2579.0
1442;2015K2;total;279;2507.0
1442;2015K3;total;284;2552.0
1442;2015K4;total;229;2058.0
1442;2016K1;total;234;2084.0
1442;2016K2;total;303;2698.0
1442;2016K3;total;227;2021.0
1442;2016K4;total;262;2333.0
1442;2017K1;total;287;2519.0
1442;2017K2;total;219;1922.0
1442;2017K3;total;253;2221.0
1442;2017K4;total;218;1914.0
1442;2018K1;total;218;1884.0
1442;2018K2;total;253;2186.0
1442;2018K3;total;223;1927.0
1442;2018K4;total;210;1814.0
1442;2019K1;total;225;1918.0
1442;2019K2;total;203;1730.0
1442;2019K3;total;218;1858.0
1442;2019K4;total;228;1943.0
1442;2020K1;total;194;1633.0
1442;2020K2;total;202;1701.0
1442;2020K3;total;285;2399.0
1442;2020K4;total;262;2206.0
1442;2021K1;total;256;2122.0
1442;2021K2;total;219;1815.0
1442;2021K3;total;257;2130.0
1442;2021K4;total;220;1824.0
1442;2022K1;total;195;1595.0
1442;2022K2;total;195;1595.0
1442;2022K3;total;235;1922.0
1442;2022K4;total;259;2119.0
1442;2023K1;total;257;2085.0
1442;2023K2;total;241;1955.0
1442;2023K3;total;259;2101.0
1442;2023K4;total;220;1785.0
1442;2024K1;total;245;1972.0
1442;2024K2;total;264;2125.0
1442;2024K3;total;235;1891.0
1442;2024K4;total;229;1843.0
1442;2025K1;total;196;1571.0
1442;2025K2;total;183;1467.0
1442;2025K3;total;241;1932.0
1442;2025K4;total;216;1732.0
1442;2026 prel.K1;total;240;1924.0
1442;2026 prel.K2;total;380;3047.0
1443;2014K1;total;145;1685.0
1443;2014K2;total;135;1568.0
1443;2015K1;total;159;1822.0
1443;2015K2;total;160;1834.0
1443;2015K3;total;164;1880.0
1443;2015K4;total;165;1891.0
1443;2016K1;total;147;1642.0
1443;2016K2;total;131;1464.0
1443;2016K3;total;113;1262.0
1443;2016K4;total;167;1866.0
1443;2017K1;total;146;1590.0
1443;2017K2;total;155;1688.0
1443;2017K3;total;203;2211.0
1443;2017K4;total;155;1688.0
1443;2018K1;total;155;1659.0
1443;2018K2;total;166;1776.0
1443;2018K3;total;137;1466.0
1443;2018K4;total;137;1466.0
1443;2019K1;total;145;1533.0
1443;2019K2;total;143;1511.0
1443;2019K3;total;93;983.0
1443;2019K4;total;99;1046.0
1443;2020K1;total;125;1313.0
1443;2020K2;total;110;1156.0
1443;2020K3;total;195;2048.0
1443;2020K4;total;102;1071.0
1443;2021K1;total;160;1669.0
1443;2021K2;total;156;1627.0
1443;2021K3;total;173;1804.0
1443;2021K4;total;178;1856.0
1443;2022K1;total;158;1634.0
1443;2022K2;total;169;1748.0
1443;2022K3;total;157;1624.0
1443;2022K4;total;171;1769.0
1443;2023K1;total;149;1533.0
1443;2023K2;total;138;1420.0
1443;2023K3;total;128;1317.0
1443;2023K4;total;109;1122.0
1443;2024K1;total;228;2333.0
1443;2024K2;total;107;1095.0
1443;2024K3;total;183;1873.0
1443;2024K4;total;407;4165.0
1443;2025K1;total;215;2195.0
1443;2025K2;total;162;1654.0
1443;2025K3;total;170;1736.0
1443;2025K4;total;145;1481.0
1443;2026 prel.K1;total;119;1216.0
1443;2026 prel.K2;total;131;1339.0
1444;2014K1;total;114;2023.0
1444;2014K2;total;106;1881.0
1444;2015K1;total;80;1419.0
1444;2015K2;total;106;1880.0
1444;2015K3;total;91;1614.0
1444;2015K4;total;58;1029.0
1444;2016K1;total;93;1637.0
1444;2016K2;total;91;1601.0
1444;2016K3;total;101;1777.0
1444;2016K4;total;96;1689.0
1444;2017K1;total;79;1377.0
1444;2017K2;total;131;2284.0
1444;2017K3;total;89;1552.0
1444;2017K4;total;107;1866.0
1444;2018K1;total;114;1986.0
1444;2018K2;total;101;1759.0
1444;2018K3;total;142;2474.0
1444;2018K4;total;130;2265.0
1444;2019K1;total;161;2819.0
1444;2019K2;total;121;2118.0
1444;2019K3;total;101;1768.0
1444;2019K4;total;102;1786.0
1444;2020K1;total;65;1143.0
1444;2020K2;total;101;1775.0
1444;2020K3;total;103;1811.0
1444;2020K4;total;137;2408.0
1444;2021K1;total;86;1507.0
1444;2021K2;total;134;2348.0
1444;2021K3;total;110;1927.0
1444;2021K4;total;103;1805.0
1444;2022K1;total;62;1090.0
1444;2022K2;total;107;1881.0
1444;2022K3;total;114;2004.0
1444;2022K4;total;99;1741.0
1444;2023K1;total;122;2177.0
1444;2023K2;total;98;1749.0
1444;2023K3;total;154;2748.0
1444;2023K4;total;91;1624.0
1444;2024K1;total;91;1636.0
1444;2024K2;total;118;2121.0
1444;2024K3;total;121;2175.0
1444;2024K4;total;96;1726.0
1444;2025K1;total;125;2241.0
1444;2025K2;total;95;1703.0
1444;2025K3;total;95;1703.0
1444;2025K4;total;108;1936.0
1444;2026 prel.K1;total;92;1642.0
1444;2026 prel.K2;total;125;2231.0
1445;2014K1;total;133;2411.0
1445;2014K2;total;107;1940.0
1445;2015K1;total;153;2750.0
1445;2015K2;total;116;2085.0
1445;2015K3;total;182;3271.0
1445;2015K4;total;127;2283.0
1445;2016K1;total;115;2052.0
1445;2016K2;total;146;2605.0
1445;2016K3;total;160;2855.0
1445;2016K4;total;96;1713.0
1445;2017K1;total;129;2290.0
1445;2017K2;total;112;1988.0
1445;2017K3;total;123;2183.0
1445;2017K4;total;90;1598.0
1445;2018K1;total;99;1749.0
1445;2018K2;total;99;1749.0
1445;2018K3;total;147;2598.0
1445;2018K4;total;159;2810.0
1445;2019K1;total;100;1766.0
1445;2019K2;total;105;1854.0
1445;2019K3;total;81;1430.0
1445;2019K4;total;96;1695.0
1445;2020K1;total;156;2751.0
1445;2020K2;total;160;2822.0
1445;2020K3;total;168;2963.0
1445;2020K4;total;138;2434.0
1445;2021K1;total;115;2020.0
1445;2021K2;total;110;1932.0
1445;2021K3;total;173;3039.0
1445;2021K4;total;93;1634.0
1445;2022K1;total;85;1489.0
1445;2022K2;total;111;1945.0
1445;2022K3;total;66;1156.0
1445;2022K4;total;96;1682.0
1445;2023K1;total;112;1970.0
1445;2023K2;total;205;3605.0
1445;2023K3;total;130;2286.0
1445;2023K4;total;103;1811.0
1445;2024K1;total;247;4389.0
1445;2024K2;total;153;2719.0
1445;2024K3;total;138;2452.0
1445;2024K4;total;101;1795.0
1445;2025K1;total;94;1691.0
1445;2025K2;total;115;2069.0
1445;2025K3;total;149;2680.0
1445;2025K4;total;123;2212.0
1445;2026 prel.K1;total;73;1313.0
1445;2026 prel.K2;total;106;1907.0
1446;2014K1;total;118;1743.0
1446;2014K2;total;104;1536.0
1446;2015K1;total;71;1048.0
1446;2015K2;total;110;1624.0
1446;2015K3;total;157;2317.0
1446;2015K4;total;176;2598.0
1446;2016K1;total;94;1375.0
1446;2016K2;total;127;1857.0
1446;2016K3;total;116;1696.0
1446;2016K4;total;86;1258.0
1446;2017K1;total;70;1010.0
1446;2017K2;total;126;1817.0
1446;2017K3;total;110;1587.0
1446;2017K4;total;66;952.0
1446;2018K1;total;43;619.0
1446;2018K2;total;73;1051.0
1446;2018K3;total;94;1353.0
1446;2018K4;total;60;864.0
1446;2019K1;total;93;1340.0
1446;2019K2;total;74;1066.0
1446;2019K3;total;85;1225.0
1446;2019K4;total;85;1225.0
1446;2020K1;total;80;1151.0
1446;2020K2;total;106;1525.0
1446;2020K3;total;113;1626.0
1446;2020K4;total;113;1626.0
1446;2021K1;total;68;977.0
1446;2021K2;total;116;1666.0
1446;2021K3;total;88;1264.0
1446;2021K4;total;76;1091.0
1446;2022K1;total;76;1084.0
1446;2022K2;total;115;1640.0
1446;2022K3;total;129;1840.0
1446;2022K4;total;165;2353.0
1446;2023K1;total;77;1091.0
1446;2023K2;total;128;1813.0
1446;2023K3;total;145;2054.0
1446;2023K4;total;105;1487.0
1446;2024K1;total;89;1264.0
1446;2024K2;total;120;1705.0
1446;2024K3;total;115;1634.0
1446;2024K4;total;143;2031.0
1446;2025K1;total;90;1279.0
1446;2025K2;total;113;1606.0
1446;2025K3;total;99;1407.0
1446;2025K4;total;82;1166.0
1446;2026 prel.K1;total;81;1149.0
1446;2026 prel.K2;total;85;1206.0
1447;2014K1;total;90;1727.0
1447;2014K2;total;139;2667.0
1447;2015K1;total;137;2617.0
1447;2015K2;total;182;3477.0
1447;2015K3;total;129;2464.0
1447;2015K4;total;121;2312.0
1447;2016K1;total;131;2487.0
1447;2016K2;total;122;2316.0
1447;2016K3;total;133;2525.0
1447;2016K4;total;142;2696.0
1447;2017K1;total;116;2191.0
1447;2017K2;total;139;2626.0
1447;2017K3;total;164;3098.0
1447;2017K4;total;212;4005.0
1447;2018K1;total;159;3008.0
1447;2018K2;total;153;2894.0
1447;2018K3;total;155;2932.0
1447;2018K4;total;144;2724.0
1447;2019K1;total;159;3008.0
1447;2019K2;total;175;3310.0
1447;2019K3;total;163;3083.0
1447;2019K4;total;147;2781.0
1447;2020K1;total;111;2125.0
1447;2020K2;total;127;2431.0
1447;2020K3;total;115;2201.0
1447;2020K4;total;122;2335.0
1447;2021K1;total;116;2236.0
1447;2021K2;total;233;4492.0
1447;2021K3;total;197;3798.0
1447;2021K4;total;134;2583.0
1447;2022K1;total;106;2038.0
1447;2022K2;total;110;2115.0
1447;2022K3;total;85;1635.0
1447;2022K4;total;141;2712.0
1447;2023K1;total;120;2327.0
1447;2023K2;total;122;2366.0
1447;2023K3;total;114;2211.0
1447;2023K4;total;139;2696.0
1447;2024K1;total;84;1651.0
1447;2024K2;total;102;2005.0
1447;2024K3;total;122;2398.0
1447;2024K4;total;91;1789.0
1447;2025K1;total;111;2224.0
1447;2025K2;total;112;2244.0
1447;2025K3;total;157;3146.0
1447;2025K4;total;135;2705.0
1447;2026 prel.K1;total;133;2687.0
1447;2026 prel.K2;total;131;2647.0
1452;2014K1;total;157;1355.0
1452;2014K2;total;186;1605.0
1452;2015K1;total;200;1720.0
1452;2015K2;total;200;1720.0
1452;2015K3;total;197;1694.0
1452;2015K4;total;197;1694.0
1452;2016K1;total;220;1881.0
1452;2016K2;total;205;1753.0
1452;2016K3;total;217;1855.0
1452;2016K4;total;194;1658.0
1452;2017K1;total;155;1313.0
1452;2017K2;total;200;1694.0
1452;2017K3;total;195;1651.0
1452;2017K4;total;182;1541.0
1452;2018K1;total;221;1864.0
1452;2018K2;total;243;2049.0
1452;2018K3;total;178;1501.0
1452;2018K4;total;147;1240.0
1452;2019K1;total;127;1067.0
1452;2019K2;total;153;1285.0
1452;2019K3;total;138;1159.0
1452;2019K4;total;149;1252.0
1452;2020K1;total;142;1192.0
1452;2020K2;total;217;1822.0
1452;2020K3;total;286;2401.0
1452;2020K4;total;231;1939.0
1452;2021K1;total;279;2342.0
1452;2021K2;total;322;2703.0
1452;2021K3;total;256;2149.0
1452;2021K4;total;235;1973.0
1452;2022K1;total;223;1868.0
1452;2022K2;total;171;1432.0
1452;2022K3;total;179;1499.0
1452;2022K4;total;256;2144.0
1452;2023K1;total;230;1931.0
1452;2023K2;total;272;2284.0
1452;2023K3;total;204;1713.0
1452;2023K4;total;213;1788.0
1452;2024K1;total;226;1904.0
1452;2024K2;total;210;1770.0
1452;2024K3;total;257;2166.0
1452;2024K4;total;199;1677.0
1452;2025K1;total;326;2750.0
1452;2025K2;total;234;1974.0
1452;2025K3;total;254;2142.0
1452;2025K4;total;192;1619.0
1452;2026 prel.K1;total;206;1735.0
1452;2026 prel.K2;total;197;1659.0
1460;2014K1;total;158;1654.0
1460;2014K2;total;200;2094.0
1460;2015K1;total;226;2356.0
1460;2015K2;total;290;3024.0
1460;2015K3;total;166;1731.0
1460;2015K4;total;163;1700.0
1460;2016K1;total;195;1993.0
1460;2016K2;total;225;2300.0
1460;2016K3;total;389;3976.0
1460;2016K4;total;200;2044.0
1460;2017K1;total;218;2197.0
1460;2017K2;total;206;2076.0
1460;2017K3;total;192;1935.0
1460;2017K4;total;168;1693.0
1460;2018K1;total;154;1559.0
1460;2018K2;total;178;1802.0
1460;2018K3;total;250;2532.0
1460;2018K4;total;190;1924.0
1460;2019K1;total;193;1970.0
1460;2019K2;total;198;2021.0
1460;2019K3;total;202;2062.0
1460;2019K4;total;245;2501.0
1460;2020K1;total;193;1996.0
1460;2020K2;total;259;2678.0
1460;2020K3;total;324;3350.0
1460;2020K4;total;240;2482.0
1460;2021K1;total;281;2958.0
1460;2021K2;total;301;3168.0
1460;2021K3;total;270;2842.0
1460;2021K4;total;190;2000.0
1460;2022K1;total;187;2004.0
1460;2022K2;total;178;1907.0
1460;2022K3;total;191;2047.0
1460;2022K4;total;156;1672.0
1460;2023K1;total;232;2523.0
1460;2023K2;total;239;2599.0
1460;2023K3;total;225;2447.0
1460;2023K4;total;175;1903.0
1460;2024K1;total;169;1857.0
1460;2024K2;total;202;2219.0
1460;2024K3;total;258;2835.0
1460;2024K4;total;184;2022.0
1460;2025K1;total;154;1708.0
1460;2025K2;total;159;1764.0
1460;2025K3;total;251;2784.0
1460;2025K4;total;146;1619.0
1460;2026 prel.K1;total;141;1575.0
1460;2026 prel.K2;total;159;1776.0
1461;2014K1;total;239;2681.0
1461;2014K2;total;232;2603.0
1461;2015K1;total;210;2320.0
1461;2015K2;total;230;2541.0
1461;2015K3;total;208;2298.0
1461;2015K4;total;202;2231.0
1461;2016K1;total;153;1655.0
1461;2016K2;total;257;2780.0
1461;2016K3;total;264;2855.0
1461;2016K4;total;235;2542.0
1461;2017K1;total;200;2139.0
1461;2017K2;total;257;2749.0
1461;2017K3;total;245;2620.0
1461;2017K4;total;233;2492.0
1461;2018K1;total;171;1826.0
1461;2018K2;total;403;4303.0
1461;2018K3;total;296;3161.0
1461;2018K4;total;243;2595.0
1461;2019K1;total;252;2700.0
1461;2019K2;total;311;3333.0
1461;2019K3;total;263;2818.0
1461;2019K4;total;272;2915.0
1461;2020K1;total;221;2374.0
1461;2020K2;total;242;2599.0
1461;2020K3;total;237;2545.0
1461;2020K4;total;262;2814.0
1461;2021K1;total;231;2487.0
1461;2021K2;total;288;3100.0
1461;2021K3;total;287;3089.0
1461;2021K4;total;228;2454.0
1461;2022K1;total;196;2115.0
1461;2022K2;total;237;2558.0
1461;2022K3;total;242;2612.0
1461;2022K4;total;211;2277.0
1461;2023K1;total;204;2214.0
1461;2023K2;total;212;2301.0
1461;2023K3;total;208;2257.0
1461;2023K4;total;221;2399.0
1461;2024K1;total;219;2401.0
1461;2024K2;total;308;3377.0
1461;2024K3;total;269;2950.0
1461;2024K4;total;284;3114.0
1461;2025K1;total;259;2863.0
1461;2025K2;total;274;3029.0
1461;2025K3;total;320;3538.0
1461;2025K4;total;341;3770.0
1461;2026 prel.K1;total;256;2832.0
1461;2026 prel.K2;total;328;3629.0
1462;2014K1;total;264;2042.0
1462;2014K2;total;287;2220.0
1462;2015K1;total;401;3060.0
1462;2015K2;total;461;3518.0
1462;2015K3;total;346;2640.0
1462;2015K4;total;350;2671.0
1462;2016K1;total;296;2200.0
1462;2016K2;total;360;2676.0
1462;2016K3;total;356;2646.0
1462;2016K4;total;336;2498.0
1462;2017K1;total;348;2514.0
1462;2017K2;total;337;2434.0
1462;2017K3;total;364;2629.0
1462;2017K4;total;311;2246.0
1462;2018K1;total;228;1628.0
1462;2018K2;total;241;1721.0
1462;2018K3;total;276;1971.0
1462;2018K4;total;279;1992.0
1462;2019K1;total;467;3317.0
1462;2019K2;total;333;2365.0
1462;2019K3;total;364;2586.0
1462;2019K4;total;413;2934.0
1462;2020K1;total;264;1860.0
1462;2020K2;total;319;2247.0
1462;2020K3;total;412;2902.0
1462;2020K4;total;362;2550.0
1462;2021K1;total;346;2404.0
1462;2021K2;total;345;2397.0
1462;2021K3;total;374;2598.0
1462;2021K4;total;280;1945.0
1462;2022K1;total;255;1762.0
1462;2022K2;total;371;2564.0
1462;2022K3;total;354;2447.0
1462;2022K4;total;370;2557.0
1462;2023K1;total;221;1532.0
1462;2023K2;total;321;2225.0
1462;2023K3;total;332;2301.0
1462;2023K4;total;280;1941.0
1462;2024K1;total;329;2280.0
1462;2024K2;total;334;2315.0
1462;2024K3;total;435;3014.0
1462;2024K4;total;364;2522.0
1462;2025K1;total;322;2233.0
1462;2025K2;total;325;2254.0
1462;2025K3;total;365;2531.0
1462;2025K4;total;362;2510.0
1462;2026 prel.K1;total;348;2417.0
1462;2026 prel.K2;total;391;2716.0
1463;2014K1;total;792;2342.0
1463;2014K2;total;756;2235.0
1463;2015K1;total;727;2145.0
1463;2015K2;total;801;2363.0
1463;2015K3;total;926;2732.0
1463;2015K4;total;768;2266.0
1463;2016K1;total;797;2340.0
1463;2016K2;total;826;2425.0
1463;2016K3;total;738;2167.0
1463;2016K4;total;708;2079.0
1463;2017K1;total;585;1703.0
1463;2017K2;total;612;1782.0
1463;2017K3;total;661;1924.0
1463;2017K4;total;681;1982.0
1463;2018K1;total;602;1738.0
1463;2018K2;total;684;1975.0
1463;2018K3;total;635;1834.0
1463;2018K4;total;575;1660.0
1463;2019K1;total;755;2172.0
1463;2019K2;total;712;2048.0
1463;2019K3;total;713;2051.0
1463;2019K4;total;584;1680.0
1463;2020K1;total;613;1760.0
1463;2020K2;total;793;2277.0
1463;2020K3;total;779;2237.0
1463;2020K4;total;795;2283.0
1463;2021K1;total;643;1835.0
1463;2021K2;total;813;2320.0
1463;2021K3;total;757;2160.0
1463;2021K4;total;780;2225.0
1463;2022K1;total;734;2081.0
1463;2022K2;total;712;2019.0
1463;2022K3;total;652;1849.0
1463;2022K4;total;666;1889.0
1463;2023K1;total;686;1943.0
1463;2023K2;total;633;1793.0
1463;2023K3;total;822;2328.0
1463;2023K4;total;582;1648.0
1463;2024K1;total;683;1938.0
1463;2024K2;total;652;1850.0
1463;2024K3;total;738;2094.0
1463;2024K4;total;730;2071.0
1463;2025K1;total;616;1753.0
1463;2025K2;total;664;1889.0
1463;2025K3;total;791;2251.0
1463;2025K4;total;631;1795.0
1463;2026 prel.K1;total;608;1731.0
1463;2026 prel.K2;total;757;2155.0
1465;2014K1;total;185;1791.0
1465;2014K2;total;194;1878.0
1465;2015K1;total;239;2290.0
1465;2015K2;total;318;3047.0
1465;2015K3;total;265;2539.0
1465;2015K4;total;245;2348.0
1465;2016K1;total;238;2247.0
1465;2016K2;total;292;2757.0
1465;2016K3;total;222;2096.0
1465;2016K4;total;254;2398.0
1465;2017K1;total;229;2146.0
1465;2017K2;total;291;2728.0
1465;2017K3;total;302;2831.0
1465;2017K4;total;229;2146.0
1465;2018K1;total;227;2127.0
1465;2018K2;total;282;2643.0
1465;2018K3;total;270;2530.0
1465;2018K4;total;257;2408.0
1465;2019K1;total;205;1910.0
1465;2019K2;total;232;2162.0
1465;2019K3;total;175;1631.0
1465;2019K4;total;223;2078.0
1465;2020K1;total;231;2146.0
1465;2020K2;total;259;2406.0
1465;2020K3;total;209;1941.0
1465;2020K4;total;230;2136.0
1465;2021K1;total;220;2036.0
1465;2021K2;total;298;2757.0
1465;2021K3;total;290;2683.0
1465;2021K4;total;243;2248.0
1465;2022K1;total;245;2260.0
1465;2022K2;total;266;2454.0
1465;2022K3;total;277;2555.0
1465;2022K4;total;344;3173.0
1465;2023K1;total;268;2484.0
1465;2023K2;total;291;2698.0
1465;2023K3;total;269;2494.0
1465;2023K4;total;307;2846.0
1465;2024K1;total;326;3036.0
1465;2024K2;total;298;2775.0
1465;2024K3;total;372;3464.0
1465;2024K4;total;281;2617.0
1465;2025K1;total;305;2855.0
1465;2025K2;total;292;2734.0
1465;2025K3;total;315;2949.0
1465;2025K4;total;277;2593.0
1465;2026 prel.K1;total;301;2835.0
1465;2026 prel.K2;total;311;2930.0
1466;2014K1;total;188;2016.0
1466;2014K2;total;216;2316.0
1466;2015K1;total;198;2115.0
1466;2015K2;total;227;2425.0
1466;2015K3;total;235;2510.0
1466;2015K4;total;199;2126.0
1466;2016K1;total;170;1805.0
1466;2016K2;total;242;2570.0
1466;2016K3;total;210;2230.0
1466;2016K4;total;227;2410.0
1466;2017K1;total;193;2035.0
1466;2017K2;total;189;1993.0
1466;2017K3;total;213;2246.0
1466;2017K4;total;158;1666.0
1466;2018K1;total;176;1855.0
1466;2018K2;total;225;2371.0
1466;2018K3;total;237;2497.0
1466;2018K4;total;202;2129.0
1466;2019K1;total;161;1698.0
1466;2019K2;total;162;1709.0
1466;2019K3;total;188;1983.0
1466;2019K4;total;214;2258.0
1466;2020K1;total;207;2190.0
1466;2020K2;total;206;2179.0
1466;2020K3;total;162;1714.0
1466;2020K4;total;233;2465.0
1466;2021K1;total;189;1995.0
1466;2021K2;total;204;2154.0
1466;2021K3;total;182;1921.0
1466;2021K4;total;176;1858.0
1466;2022K1;total;177;1861.0
1466;2022K2;total;180;1893.0
1466;2022K3;total;209;2198.0
1466;2022K4;total;234;2461.0
1466;2023K1;total;218;2300.0
1466;2023K2;total;218;2300.0
1466;2023K3;total;238;2511.0
1466;2023K4;total;242;2553.0
1466;2024K1;total;187;1977.0
1466;2024K2;total;237;2506.0
1466;2024K3;total;262;2770.0
1466;2024K4;total;267;2823.0
1466;2025K1;total;230;2420.0
1466;2025K2;total;209;2199.0
1466;2025K3;total;211;2220.0
1466;2025K4;total;250;2631.0
1466;2026 prel.K1;total;212;2229.0
1466;2026 prel.K2;total;226;2377.0
1470;2014K1;total;382;2448.0
1470;2014K2;total;378;2423.0
1470;2015K1;total;473;3026.0
1470;2015K2;total;434;2777.0
1470;2015K3;total;340;2175.0
1470;2015K4;total;394;2521.0
1470;2016K1;total;309;1965.0
1470;2016K2;total;397;2525.0
1470;2016K3;total;383;2436.0
1470;2016K4;total;449;2855.0
1470;2017K1;total;477;3007.0
1470;2017K2;total;477;3007.0
1470;2017K3;total;364;2294.0
1470;2017K4;total;371;2338.0
1470;2018K1;total;293;1837.0
1470;2018K2;total;390;2446.0
1470;2018K3;total;351;2201.0
1470;2018K4;total;430;2696.0
1470;2019K1;total;348;2177.0
1470;2019K2;total;355;2220.0
1470;2019K3;total;334;2089.0
1470;2019K4;total;357;2233.0
1470;2020K1;total;454;2827.0
1470;2020K2;total;472;2939.0
1470;2020K3;total;469;2920.0
1470;2020K4;total;567;3531.0
1470;2021K1;total;458;2840.0
1470;2021K2;total;435;2697.0
1470;2021K3;total;487;3019.0
1470;2021K4;total;489;3032.0
1470;2022K1;total;386;2388.0
1470;2022K2;total;450;2784.0
1470;2022K3;total;513;3174.0
1470;2022K4;total;439;2716.0
1470;2023K1;total;447;2774.0
1470;2023K2;total;469;2910.0
1470;2023K3;total;444;2755.0
1470;2023K4;total;398;2470.0
1470;2024K1;total;431;2685.0
1470;2024K2;total;417;2598.0
1470;2024K3;total;532;3314.0
1470;2024K4;total;427;2660.0
1470;2025K1;total;369;2299.0
1470;2025K2;total;381;2374.0
1470;2025K3;total;474;2953.0
1470;2025K4;total;361;2249.0
1470;2026 prel.K1;total;339;2117.0
1470;2026 prel.K2;total;408;2548.0
1471;2014K1;total;200;1532.0
1471;2014K2;total;221;1693.0
1471;2015K1;total;242;1845.0
1471;2015K2;total;316;2409.0
1471;2015K3;total;354;2698.0
1471;2015K4;total;259;1974.0
1471;2016K1;total;302;2285.0
1471;2016K2;total;245;1854.0
1471;2016K3;total;290;2194.0
1471;2016K4;total;264;1997.0
1471;2017K1;total;186;1403.0
1471;2017K2;total;213;1607.0
1471;2017K3;total;182;1373.0
1471;2017K4;total;222;1674.0
1471;2018K1;total;169;1277.0
1471;2018K2;total;224;1692.0
1471;2018K3;total;203;1534.0
1471;2018K4;total;201;1518.0
1471;2019K1;total;162;1225.0
1471;2019K2;total;203;1536.0
1471;2019K3;total;226;1710.0
1471;2019K4;total;185;1399.0
1471;2020K1;total;235;1780.0
1471;2020K2;total;279;2114.0
1471;2020K3;total;329;2492.0
1471;2020K4;total;344;2606.0
1471;2021K1;total;252;1905.0
1471;2021K2;total;317;2396.0
1471;2021K3;total;268;2026.0
1471;2021K4;total;308;2328.0
1471;2022K1;total;334;2517.0
1471;2022K2;total;366;2758.0
1471;2022K3;total;286;2155.0
1471;2022K4;total;388;2924.0
1471;2023K1;total;265;2001.0
1471;2023K2;total;183;1381.0
1471;2023K3;total;222;1676.0
1471;2023K4;total;230;1736.0
1471;2024K1;total;206;1554.0
1471;2024K2;total;220;1659.0
1471;2024K3;total;270;2037.0
1471;2024K4;total;293;2210.0
1471;2025K1;total;222;1675.0
1471;2025K2;total;283;2135.0
1471;2025K3;total;269;2029.0
1471;2025K4;total;264;1992.0
1471;2026 prel.K1;total;225;1702.0
1471;2026 prel.K2;total;289;2186.0
1472;2014K1;total;248;2294.0
1472;2014K2;total;234;2165.0
1472;2015K1;total;191;1749.0
1472;2015K2;total;249;2280.0
1472;2015K3;total;174;1593.0
1472;2015K4;total;232;2124.0
1472;2016K1;total;129;1170.0
1472;2016K2;total;223;2023.0
1472;2016K3;total;229;2077.0
1472;2016K4;total;179;1624.0
1472;2017K1;total;148;1335.0
1472;2017K2;total;158;1425.0
1472;2017K3;total;155;1398.0
1472;2017K4;total;157;1416.0
1472;2018K1;total;143;1284.0
1472;2018K2;total;158;1418.0
1472;2018K3;total;177;1589.0
1472;2018K4;total;163;1463.0
1472;2019K1;total;158;1410.0
1472;2019K2;total;164;1464.0
1472;2019K3;total;260;2321.0
1472;2019K4;total;143;1276.0
1472;2020K1;total;153;1358.0
1472;2020K2;total;241;2139.0
1472;2020K3;total;195;1730.0
1472;2020K4;total;248;2201.0
1472;2021K1;total;198;1754.0
1472;2021K2;total;207;1834.0
1472;2021K3;total;209;1851.0
1472;2021K4;total;162;1435.0
1472;2022K1;total;194;1711.0
1472;2022K2;total;271;2390.0
1472;2022K3;total;202;1781.0
1472;2022K4;total;321;2831.0
1472;2023K1;total;191;1681.0
1472;2023K2;total;285;2508.0
1472;2023K3;total;240;2112.0
1472;2023K4;total;195;1716.0
1472;2024K1;total;310;2733.0
1472;2024K2;total;384;3386.0
1472;2024K3;total;295;2601.0
1472;2024K4;total;246;2169.0
1472;2025K1;total;269;2374.0
1472;2025K2;total;311;2744.0
1472;2025K3;total;272;2400.0
1472;2025K4;total;232;2047.0
1472;2026 prel.K1;total;302;2666.0
1472;2026 prel.K2;total;391;3452.0
1473;2014K1;total;159;1760.0
1473;2014K2;total;304;3366.0
1473;2015K1;total;342;3724.0
1473;2015K2;total;345;3757.0
1473;2015K3;total;381;4149.0
1473;2015K4;total;294;3202.0
1473;2016K1;total;298;3182.0
1473;2016K2;total;259;2766.0
1473;2016K3;total;337;3599.0
1473;2016K4;total;193;2061.0
1473;2017K1;total;192;2037.0
1473;2017K2;total;272;2886.0
1473;2017K3;total;306;3247.0
1473;2017K4;total;222;2356.0
1473;2018K1;total;200;2136.0
1473;2018K2;total;239;2553.0
1473;2018K3;total;300;3204.0
1473;2018K4;total;237;2531.0
1473;2019K1;total;184;1978.0
1473;2019K2;total;190;2042.0
1473;2019K3;total;245;2634.0
1473;2019K4;total;204;2193.0
1473;2020K1;total;231;2487.0
1473;2020K2;total;198;2132.0
1473;2020K3;total;207;2229.0
1473;2020K4;total;222;2390.0
1473;2021K1;total;295;3191.0
1473;2021K2;total;182;1969.0
1473;2021K3;total;252;2726.0
1473;2021K4;total;202;2185.0
1473;2022K1;total;189;2055.0
1473;2022K2;total;164;1783.0
1473;2022K3;total;274;2979.0
1473;2022K4;total;256;2784.0
1473;2023K1;total;208;2270.0
1473;2023K2;total;208;2270.0
1473;2023K3;total;181;1975.0
1473;2023K4;total;205;2237.0
1473;2024K1;total;255;2805.0
1473;2024K2;total;313;3443.0
1473;2024K3;total;254;2794.0
1473;2024K4;total;259;2849.0
1473;2025K1;total;222;2448.0
1473;2025K2;total;224;2470.0
1473;2025K3;total;222;2448.0
1473;2025K4;total;249;2746.0
1473;2026 prel.K1;total;257;2826.0
1473;2026 prel.K2;total;208;2287.0
1480;2014K1;total;22472;4183.0
1480;2014K2;total;23568;4387.0
1480;2015K1;total;29571;5429.0
1480;2015K2;total;26395;4846.0
1480;2015K3;total;25222;4631.0
1480;2015K4;total;24733;4541.0
1480;2016K1;total;24067;4357.0
1480;2016K2;total;25955;4698.0
1480;2016K3;total;24552;4444.0
1480;2016K4;total;24164;4374.0
1480;2017K1;total;21835;3897.0
1480;2017K2;total;23000;4105.0
1480;2017K3;total;22280;3976.0
1480;2017K4;total;21208;3785.0
1480;2018K1;total;19172;3376.0
1480;2018K2;total;21337;3757.0
1480;2018K3;total;22242;3916.0
1480;2018K4;total;20645;3635.0
1480;2019K1;total;20358;3537.0
1480;2019K2;total;22081;3836.0
1480;2019K3;total;22500;3909.0
1480;2019K4;total;22356;3884.0
1480;2020K1;total;21037;3620.0
1480;2020K2;total;24650;4241.0
1480;2020K3;total;24974;4297.0
1480;2020K4;total;23375;4022.0
1480;2021K1;total;20668;3531.0
1480;2021K2;total;22727;3883.0
1480;2021K3;total;22969;3924.0
1480;2021K4;total;23082;3944.0
1480;2022K1;total;22738;3840.0
1480;2022K2;total;24224;4091.0
1480;2022K3;total;23246;3925.0
1480;2022K4;total;24229;4091.0
1480;2023K1;total;23094;3844.0
1480;2023K2;total;23372;3891.0
1480;2023K3;total;22420;3732.0
1480;2023K4;total;21773;3624.0
1480;2024K1;total;20820;3431.0
1480;2024K2;total;23031;3795.0
1480;2024K3;total;23116;3809.0
1480;2024K4;total;21799;3592.0
1480;2025K1;total;20317;3324.0
1480;2025K2;total;21804;3568.0
1480;2025K3;total;21632;3540.0
1480;2025K4;total;21063;3447.0
1480;2026 prel.K1;total;19980;3258.0
1480;2026 prel.K2;total;22064;3598.0
1481;2014K1;total;1542;2469.0
1481;2014K2;total;1709;2736.0
1481;2015K1;total;1605;2542.0
1481;2015K2;total;1724;2731.0
1481;2015K3;total;1578;2499.0
1481;2015K4;total;1613;2555.0
1481;2016K1;total;1523;2383.0
1481;2016K2;total;1621;2537.0
1481;2016K3;total;1621;2537.0
1481;2016K4;total;1531;2396.0
1481;2017K1;total;1542;2362.0
1481;2017K2;total;1504;2303.0
1481;2017K3;total;1374;2104.0
1481;2017K4;total;1389;2127.0
1481;2018K1;total;1244;1853.0
1481;2018K2;total;1365;2033.0
1481;2018K3;total;1440;2145.0
1481;2018K4;total;1499;2233.0
1481;2019K1;total;1349;1962.0
1481;2019K2;total;1314;1911.0
1481;2019K3;total;1448;2106.0
1481;2019K4;total;1488;2164.0
1481;2020K1;total;1501;2156.0
1481;2020K2;total;1655;2377.0
1481;2020K3;total;1662;2387.0
1481;2020K4;total;1713;2460.0
1481;2021K1;total;1618;2314.0
1481;2021K2;total;1721;2461.0
1481;2021K3;total;1552;2220.0
1481;2021K4;total;1438;2057.0
1481;2022K1;total;1370;1956.0
1481;2022K2;total;1917;2738.0
1481;2022K3;total;1532;2188.0
1481;2022K4;total;1576;2251.0
1481;2023K1;total;1624;2309.0
1481;2023K2;total;1780;2531.0
1481;2023K3;total;1609;2288.0
1481;2023K4;total;1741;2476.0
1481;2024K1;total;1727;2433.0
1481;2024K2;total;1758;2477.0
1481;2024K3;total;1835;2585.0
1481;2024K4;total;1635;2303.0
1481;2025K1;total;1695;2362.0
1481;2025K2;total;1746;2433.0
1481;2025K3;total;1870;2605.0
1481;2025K4;total;1539;2144.0
1481;2026 prel.K1;total;1589;2203.0
1481;2026 prel.K2;total;1784;2473.0
1482;2014K1;total;841;1992.0
1482;2014K2;total;1033;2447.0
1482;2015K1;total;992;2332.0
1482;2015K2;total;1185;2786.0
1482;2015K3;total;1264;2972.0
1482;2015K4;total;1021;2401.0
1482;2016K1;total;944;2195.0
1482;2016K2;total;898;2088.0
1482;2016K3;total;1017;2365.0
1482;2016K4;total;936;2176.0
1482;2017K1;total;915;2094.0
1482;2017K2;total;996;2279.0
1482;2017K3;total;995;2277.0
1482;2017K4;total;1012;2316.0
1482;2018K1;total;760;1704.0
1482;2018K2;total;977;2191.0
1482;2018K3;total;953;2137.0
1482;2018K4;total;888;1991.0
1482;2019K1;total;929;2032.0
1482;2019K2;total;1014;2218.0
1482;2019K3;total;966;2113.0
1482;2019K4;total;1038;2271.0
1482;2020K1;total;1029;2204.0
1482;2020K2;total;1153;2469.0
1482;2020K3;total;1200;2570.0
1482;2020K4;total;1078;2309.0
1482;2021K1;total;993;2083.0
1482;2021K2;total;1186;2488.0
1482;2021K3;total;1090;2287.0
1482;2021K4;total;971;2037.0
1482;2022K1;total;893;1835.0
1482;2022K2;total;1132;2326.0
1482;2022K3;total;1068;2194.0
1482;2022K4;total;975;2003.0
1482;2023K1;total;977;1977.0
1482;2023K2;total;964;1950.0
1482;2023K3;total;1042;2108.0
1482;2023K4;total;1051;2126.0
1482;2024K1;total;999;1997.0
1482;2024K2;total;978;1955.0
1482;2024K3;total;1091;2180.0
1482;2024K4;total;1016;2030.0
1482;2025K1;total;854;1694.0
1482;2025K2;total;966;1916.0
1482;2025K3;total;943;1871.0
1482;2025K4;total;838;1663.0
1482;2026 prel.K1;total;836;1656.0
1482;2026 prel.K2;total;884;1751.0
1484;2014K1;total;281;1960.0
1484;2014K2;total;418;2916.0
1484;2015K1;total;352;2448.0
1484;2015K2;total;398;2767.0
1484;2015K3;total;470;3268.0
1484;2015K4;total;284;1975.0
1484;2016K1;total;371;2556.0
1484;2016K2;total;388;2673.0
1484;2016K3;total;572;3940.0
1484;2016K4;total;416;2866.0
1484;2017K1;total;286;1960.0
1484;2017K2;total;405;2775.0
1484;2017K3;total;426;2919.0
1484;2017K4;total;285;1953.0
1484;2018K1;total;374;2559.0
1484;2018K2;total;352;2408.0
1484;2018K3;total;360;2463.0
1484;2018K4;total;325;2224.0
1484;2019K1;total;280;1920.0
1484;2019K2;total;308;2112.0
1484;2019K3;total;288;1975.0
1484;2019K4;total;311;2133.0
1484;2020K1;total;337;2330.0
1484;2020K2;total;318;2199.0
1484;2020K3;total;453;3133.0
1484;2020K4;total;328;2268.0
1484;2021K1;total;249;1739.0
1484;2021K2;total;398;2780.0
1484;2021K3;total;394;2752.0
1484;2021K4;total;291;2033.0
1484;2022K1;total;226;1590.0
1484;2022K2;total;311;2187.0
1484;2022K3;total;276;1941.0
1484;2022K4;total;450;3165.0
1484;2023K1;total;263;1869.0
1484;2023K2;total;274;1947.0
1484;2023K3;total;343;2438.0
1484;2023K4;total;202;1436.0
1484;2024K1;total;234;1678.0
1484;2024K2;total;255;1828.0
1484;2024K3;total;276;1979.0
1484;2024K4;total;220;1577.0
1484;2025K1;total;213;1538.0
1484;2025K2;total;265;1913.0
1484;2025K3;total;355;2563.0
1484;2025K4;total;264;1906.0
1484;2026 prel.K1;total;197;1428.0
1484;2026 prel.K2;total;332;2406.0
1485;2014K1;total;1561;2930.0
1485;2014K2;total;1791;3362.0
1485;2015K1;total;1573;2921.0
1485;2015K2;total;1489;2765.0
1485;2015K3;total;1771;3289.0
1485;2015K4;total;1743;3237.0
1485;2016K1;total;1590;2908.0
1485;2016K2;total;1866;3413.0
1485;2016K3;total;1900;3475.0
1485;2016K4;total;1653;3023.0
1485;2017K1;total;1547;2789.0
1485;2017K2;total;1773;3197.0
1485;2017K3;total;1690;3047.0
1485;2017K4;total;1771;3193.0
1485;2018K1;total;1504;2685.0
1485;2018K2;total;1544;2757.0
1485;2018K3;total;1780;3178.0
1485;2018K4;total;1733;3094.0
1485;2019K1;total;1521;2693.0
1485;2019K2;total;1389;2459.0
1485;2019K3;total;1723;3051.0
1485;2019K4;total;1666;2950.0
1485;2020K1;total;1520;2679.0
1485;2020K2;total;1780;3137.0
1485;2020K3;total;1843;3248.0
1485;2020K4;total;1616;2848.0
1485;2021K1;total;1577;2769.0
1485;2021K2;total;1537;2699.0
1485;2021K3;total;1589;2790.0
1485;2021K4;total;1371;2407.0
1485;2022K1;total;1445;2526.0
1485;2022K2;total;1534;2682.0
1485;2022K3;total;1582;2766.0
1485;2022K4;total;1659;2900.0
1485;2023K1;total;1387;2426.0
1485;2023K2;total;1430;2502.0
1485;2023K3;total;1617;2829.0
1485;2023K4;total;1739;3042.0
1485;2024K1;total;1448;2539.0
1485;2024K2;total;1435;2516.0
1485;2024K3;total;1629;2856.0
1485;2024K4;total;1617;2835.0
1485;2025K1;total;1464;2574.0
1485;2025K2;total;1479;2600.0
1485;2025K3;total;1779;3128.0
1485;2025K4;total;1558;2739.0
1485;2026 prel.K1;total;1319;2324.0
1485;2026 prel.K2;total;1357;2391.0
1486;2014K1;total;309;2455.0
1486;2014K2;total;386;3067.0
1486;2015K1;total;268;2098.0
1486;2015K2;total;407;3186.0
1486;2015K3;total;478;3742.0
1486;2015K4;total;350;2740.0
1486;2016K1;total;326;2514.0
1486;2016K2;total;421;3247.0
1486;2016K3;total;480;3702.0
1486;2016K4;total;486;3748.0
1486;2017K1;total;354;2692.0
1486;2017K2;total;400;3042.0
1486;2017K3;total;560;4259.0
1486;2017K4;total;485;3689.0
1486;2018K1;total;299;2259.0
1486;2018K2;total;370;2796.0
1486;2018K3;total;408;3083.0
1486;2018K4;total;295;2229.0
1486;2019K1;total;246;1859.0
1486;2019K2;total;327;2471.0
1486;2019K3;total;331;2501.0
1486;2019K4;total;275;2078.0
1486;2020K1;total;356;2691.0
1486;2020K2;total;277;2094.0
1486;2020K3;total;319;2411.0
1486;2020K4;total;299;2260.0
1486;2021K1;total;289;2179.0
1486;2021K2;total;338;2549.0
1486;2021K3;total;316;2383.0
1486;2021K4;total;262;1976.0
1486;2022K1;total;314;2364.0
1486;2022K2;total;260;1957.0
1486;2022K3;total;324;2439.0
1486;2022K4;total;288;2168.0
1486;2023K1;total;278;2077.0
1486;2023K2;total;302;2257.0
1486;2023K3;total;335;2503.0
1486;2023K4;total;354;2645.0
1486;2024K1;total;353;2615.0
1486;2024K2;total;406;3008.0
1486;2024K3;total;446;3304.0
1486;2024K4;total;364;2697.0
1486;2025K1;total;390;2885.0
1486;2025K2;total;421;3114.0
1486;2025K3;total;480;3550.0
1486;2025K4;total;364;2692.0
1486;2026 prel.K1;total;373;2751.0
1486;2026 prel.K2;total;371;2737.0
1487;2014K1;total;852;2264.0
1487;2014K2;total;1023;2719.0
1487;2015K1;total;1003;2630.0
1487;2015K2;total;1099;2882.0
1487;2015K3;total;1006;2638.0
1487;2015K4;total;898;2355.0
1487;2016K1;total;847;2190.0
1487;2016K2;total;922;2384.0
1487;2016K3;total;894;2312.0
1487;2016K4;total;907;2346.0
1487;2017K1;total;950;2433.0
1487;2017K2;total;952;2438.0
1487;2017K3;total;935;2394.0
1487;2017K4;total;1111;2845.0
1487;2018K1;total;835;2126.0
1487;2018K2;total;1160;2953.0
1487;2018K3;total;1065;2711.0
1487;2018K4;total;1093;2783.0
1487;2019K1;total;887;2246.0
1487;2019K2;total;872;2208.0
1487;2019K3;total;864;2187.0
1487;2019K4;total;871;2205.0
1487;2020K1;total;807;2037.0
1487;2020K2;total;1022;2580.0
1487;2020K3;total;991;2502.0
1487;2020K4;total;1027;2593.0
1487;2021K1;total;1012;2554.0
1487;2021K2;total;1137;2869.0
1487;2021K3;total;961;2425.0
1487;2021K4;total;931;2349.0
1487;2022K1;total;1002;2519.0
1487;2022K2;total;1059;2663.0
1487;2022K3;total;958;2409.0
1487;2022K4;total;990;2489.0
1487;2023K1;total;892;2232.0
1487;2023K2;total;1074;2688.0
1487;2023K3;total;916;2292.0
1487;2023K4;total;1044;2613.0
1487;2024K1;total;902;2253.0
1487;2024K2;total;1052;2627.0
1487;2024K3;total;1074;2682.0
1487;2024K4;total;1135;2835.0
1487;2025K1;total;1040;2596.0
1487;2025K2;total;1098;2741.0
1487;2025K3;total;1074;2681.0
1487;2025K4;total;943;2354.0
1487;2026 prel.K1;total;995;2483.0
1487;2026 prel.K2;total;1010;2520.0
1488;2014K1;total;1678;2957.0
1488;2014K2;total;1874;3302.0
1488;2015K1;total;1562;2740.0
1488;2015K2;total;1633;2864.0
1488;2015K3;total;1597;2801.0
1488;2015K4;total;1499;2629.0
1488;2016K1;total;1589;2767.0
1488;2016K2;total;1593;2774.0
1488;2016K3;total;1658;2887.0
1488;2016K4;total;1651;2875.0
1488;2017K1;total;1642;2831.0
1488;2017K2;total;1598;2755.0
1488;2017K3;total;1510;2604.0
1488;2017K4;total;1469;2533.0
1488;2018K1;total;1549;2649.0
1488;2018K2;total;1541;2635.0
1488;2018K3;total;1537;2628.0
1488;2018K4;total;1580;2702.0
1488;2019K1;total;1638;2781.0
1488;2019K2;total;1646;2795.0
1488;2019K3;total;1771;3007.0
1488;2019K4;total;1580;2683.0
1488;2020K1;total;1629;2754.0
1488;2020K2;total;2015;3406.0
1488;2020K3;total;1970;3330.0
1488;2020K4;total;1875;3170.0
1488;2021K1;total;1813;3062.0
1488;2021K2;total;1786;3017.0
1488;2021K3;total;1774;2997.0
1488;2021K4;total;2011;3397.0
1488;2022K1;total;1697;2866.0
1488;2022K2;total;1761;2974.0
1488;2022K3;total;1618;2732.0
1488;2022K4;total;1886;3185.0
1488;2023K1;total;1617;2733.0
1488;2023K2;total;1635;2763.0
1488;2023K3;total;1741;2942.0
1488;2023K4;total;1627;2750.0
1488;2024K1;total;1424;2412.0
1488;2024K2;total;1578;2673.0
1488;2024K3;total;1715;2905.0
1488;2024K4;total;1483;2512.0
1488;2025K1;total;1481;2504.0
1488;2025K2;total;1474;2493.0
1488;2025K3;total;1510;2554.0
1488;2025K4;total;1440;2435.0
1488;2026 prel.K1;total;1491;2516.0
1488;2026 prel.K2;total;1391;2347.0
1489;2014K1;total;852;2190.0
1489;2014K2;total;1084;2786.0
1489;2015K1;total;1048;2660.0
1489;2015K2;total;1046;2655.0
1489;2015K3;total;991;2516.0
1489;2015K4;total;1056;2681.0
1489;2016K1;total;987;2478.0
1489;2016K2;total;1154;2898.0
1489;2016K3;total;924;2320.0
1489;2016K4;total;1039;2609.0
1489;2017K1;total;971;2414.0
1489;2017K2;total;1174;2919.0
1489;2017K3;total;1079;2683.0
1489;2017K4;total;928;2307.0
1489;2018K1;total;889;2183.0
1489;2018K2;total;866;2126.0
1489;2018K3;total;1013;2487.0
1489;2018K4;total;846;2077.0
1489;2019K1;total;781;1894.0
1489;2019K2;total;816;1978.0
1489;2019K3;total;767;1860.0
1489;2019K4;total;884;2143.0
1489;2020K1;total;901;2171.0
1489;2020K2;total;973;2344.0
1489;2020K3;total;1037;2498.0
1489;2020K4;total;908;2187.0
1489;2021K1;total;1073;2571.0
1489;2021K2;total;1144;2742.0
1489;2021K3;total;957;2293.0
1489;2021K4;total;964;2310.0
1489;2022K1;total;1004;2389.0
1489;2022K2;total;983;2339.0
1489;2022K3;total;937;2230.0
1489;2022K4;total;854;2032.0
1489;2023K1;total;764;1807.0
1489;2023K2;total;980;2317.0
1489;2023K3;total;1002;2369.0
1489;2023K4;total;958;2265.0
1489;2024K1;total;939;2209.0
1489;2024K2;total;1078;2536.0
1489;2024K3;total;1121;2637.0
1489;2024K4;total;1155;2717.0
1489;2025K1;total;1029;2405.0
1489;2025K2;total;1243;2905.0
1489;2025K3;total;1023;2391.0
1489;2025K4;total;930;2173.0
1489;2026 prel.K1;total;923;2153.0
1489;2026 prel.K2;total;984;2296.0
1490;2014K1;total;3689;3464.0
1490;2014K2;total;3457;3246.0
1490;2015K1;total;3242;3009.0
1490;2015K2;total;3148;2921.0
1490;2015K3;total;3065;2844.0
1490;2015K4;total;3260;3025.0
1490;2016K1;total;3075;2816.0
1490;2016K2;total;3591;3289.0
1490;2016K3;total;3014;2760.0
1490;2016K4;total;3331;3051.0
1490;2017K1;total;2984;2702.0
1490;2017K2;total;3134;2837.0
1490;2017K3;total;3153;2855.0
1490;2017K4;total;3040;2752.0
1490;2018K1;total;2994;2683.0
1490;2018K2;total;3159;2831.0
1490;2018K3;total;3158;2830.0
1490;2018K4;total;3230;2894.0
1490;2019K1;total;2842;2522.0
1490;2019K2;total;3014;2675.0
1490;2019K3;total;2995;2658.0
1490;2019K4;total;2994;2657.0
1490;2020K1;total;3024;2666.0
1490;2020K2;total;3163;2788.0
1490;2020K3;total;3362;2964.0
1490;2020K4;total;3465;3054.0
1490;2021K1;total;3194;2804.0
1490;2021K2;total;3488;3062.0
1490;2021K3;total;3510;3082.0
1490;2021K4;total;3401;2986.0
1490;2022K1;total;2982;2610.0
1490;2022K2;total;3135;2744.0
1490;2022K3;total;3132;2741.0
1490;2022K4;total;3169;2773.0
1490;2023K1;total;3194;2789.0
1490;2023K2;total;3334;2911.0
1490;2023K3;total;3039;2654.0
1490;2023K4;total;3423;2989.0
1490;2024K1;total;3403;2966.0
1490;2024K2;total;3550;3094.0
1490;2024K3;total;3507;3057.0
1490;2024K4;total;3681;3208.0
1490;2025K1;total;3129;2720.0
1490;2025K2;total;3304;2872.0
1490;2025K3;total;3712;3226.0
1490;2025K4;total;3627;3152.0
1490;2026 prel.K1;total;3166;2747.0
1490;2026 prel.K2;total;3304;2867.0
1491;2014K1;total;447;1924.0
1491;2014K2;total;512;2204.0
1491;2015K1;total;413;1767.0
1491;2015K2;total;635;2717.0
1491;2015K3;total;760;3252.0
1491;2015K4;total;557;2383.0
1491;2016K1;total;394;1663.0
1491;2016K2;total;407;1718.0
1491;2016K3;total;468;1975.0
1491;2016K4;total;345;1456.0
1491;2017K1;total;378;1569.0
1491;2017K2;total;461;1914.0
1491;2017K3;total;396;1644.0
1491;2017K4;total;401;1664.0
1491;2018K1;total;357;1465.0
1491;2018K2;total;437;1793.0
1491;2018K3;total;456;1871.0
1491;2018K4;total;398;1633.0
1491;2019K1;total;353;1438.0
1491;2019K2;total;399;1625.0
1491;2019K3;total;357;1454.0
1491;2019K4;total;451;1837.0
1491;2020K1;total;458;1855.0
1491;2020K2;total;512;2074.0
1491;2020K3;total;562;2277.0
1491;2020K4;total;446;1807.0
1491;2021K1;total;477;1923.0
1491;2021K2;total;453;1827.0
1491;2021K3;total;523;2109.0
1491;2021K4;total;494;1992.0
1491;2022K1;total;502;2008.0
1491;2022K2;total;434;1736.0
1491;2022K3;total;508;2032.0
1491;2022K4;total;504;2016.0
1491;2023K1;total;513;2044.0
1491;2023K2;total;498;1984.0
1491;2023K3;total;499;1988.0
1491;2023K4;total;453;1805.0
1491;2024K1;total;499;1991.0
1491;2024K2;total;475;1895.0
1491;2024K3;total;537;2143.0
1491;2024K4;total;565;2254.0
1491;2025K1;total;517;2071.0
1491;2025K2;total;614;2459.0
1491;2025K3;total;513;2055.0
1491;2025K4;total;484;1938.0
1491;2026 prel.K1;total;487;1952.0
1491;2026 prel.K2;total;517;2072.0
1492;2014K1;total;216;1759.0
1492;2014K2;total;291;2370.0
1492;2015K1;total;188;1508.0
1492;2015K2;total;338;2712.0
1492;2015K3;total;446;3578.0
1492;2015K4;total;237;1902.0
1492;2016K1;total;226;1779.0
1492;2016K2;total;243;1913.0
1492;2016K3;total;331;2606.0
1492;2016K4;total;398;3134.0
1492;2017K1;total;216;1693.0
1492;2017K2;total;292;2289.0
1492;2017K3;total;406;3183.0
1492;2017K4;total;344;2697.0
1492;2018K1;total;329;2587.0
1492;2018K2;total;346;2721.0
1492;2018K3;total;263;2068.0
1492;2018K4;total;218;1714.0
1492;2019K1;total;240;1895.0
1492;2019K2;total;287;2266.0
1492;2019K3;total;345;2724.0
1492;2019K4;total;265;2092.0
1492;2020K1;total;287;2291.0
1492;2020K2;total;343;2738.0
1492;2020K3;total;288;2299.0
1492;2020K4;total;392;3130.0
1492;2021K1;total;255;2060.0
1492;2021K2;total;263;2124.0
1492;2021K3;total;235;1898.0
1492;2021K4;total;271;2189.0
1492;2022K1;total;223;1818.0
1492;2022K2;total;260;2120.0
1492;2022K3;total;289;2356.0
1492;2022K4;total;256;2087.0
1492;2023K1;total;244;2015.0
1492;2023K2;total;376;3105.0
1492;2023K3;total;451;3724.0
1492;2023K4;total;325;2684.0
1492;2024K1;total;269;2248.0
1492;2024K2;total;343;2866.0
1492;2024K3;total;401;3350.0
1492;2024K4;total;373;3117.0
1492;2025K1;total;273;2315.0
1492;2025K2;total;326;2764.0
1492;2025K3;total;301;2552.0
1492;2025K4;total;274;2324.0
1492;2026 prel.K1;total;241;2064.0
1492;2026 prel.K2;total;290;2483.0
1493;2014K1;total;681;2850.0
1493;2014K2;total;663;2775.0
1493;2015K1;total;995;4149.0
1493;2015K2;total;681;2840.0
1493;2015K3;total;666;2777.0
1493;2015K4;total;662;2760.0
1493;2016K1;total;567;2350.0
1493;2016K2;total;526;2180.0
1493;2016K3;total;548;2271.0
1493;2016K4;total;610;2528.0
1493;2017K1;total;462;1905.0
1493;2017K2;total;617;2544.0
1493;2017K3;total;603;2486.0
1493;2017K4;total;522;2152.0
1493;2018K1;total;390;1603.0
1493;2018K2;total;576;2367.0
1493;2018K3;total;583;2396.0
1493;2018K4;total;510;2096.0
1493;2019K1;total;475;1942.0
1493;2019K2;total;489;2000.0
1493;2019K3;total;510;2086.0
1493;2019K4;total;591;2417.0
1493;2020K1;total;540;2202.0
1493;2020K2;total;700;2854.0
1493;2020K3;total;694;2830.0
1493;2020K4;total;821;3348.0
1493;2021K1;total;770;3128.0
1493;2021K2;total;617;2506.0
1493;2021K3;total;635;2579.0
1493;2021K4;total;714;2900.0
1493;2022K1;total;649;2623.0
1493;2022K2;total;818;3306.0
1493;2022K3;total;794;3209.0
1493;2022K4;total;723;2922.0
1493;2023K1;total;479;1939.0
1493;2023K2;total;617;2497.0
1493;2023K3;total;546;2210.0
1493;2023K4;total;495;2003.0
1493;2024K1;total;501;2034.0
1493;2024K2;total;614;2492.0
1493;2024K3;total;562;2281.0
1493;2024K4;total;631;2561.0
1493;2025K1;total;732;2988.0
1493;2025K2;total;575;2347.0
1493;2025K3;total;530;2163.0
1493;2025K4;total;581;2371.0
1493;2026 prel.K1;total;572;2342.0
1493;2026 prel.K2;total;645;2641.0
1494;2014K1;total;831;2154.0
1494;2014K2;total;962;2493.0
1494;2015K1;total;883;2271.0
1494;2015K2;total;1085;2790.0
1494;2015K3;total;978;2515.0
1494;2015K4;total;969;2492.0
1494;2016K1;total;807;2063.0
1494;2016K2;total;1028;2628.0
1494;2016K3;total;947;2421.0
1494;2016K4;total;883;2257.0
1494;2017K1;total;969;2461.0
1494;2017K2;total;1037;2634.0
1494;2017K3;total;952;2418.0
1494;2017K4;total;907;2304.0
1494;2018K1;total;727;1832.0
1494;2018K2;total;938;2363.0
1494;2018K3;total;822;2071.0
1494;2018K4;total;1011;2547.0
1494;2019K1;total;867;2168.0
1494;2019K2;total;1031;2579.0
1494;2019K3;total;882;2206.0
1494;2019K4;total;871;2178.0
1494;2020K1;total;817;2032.0
1494;2020K2;total;1135;2823.0
1494;2020K3;total;1053;2619.0
1494;2020K4;total;1109;2758.0
1494;2021K1;total;846;2094.0
1494;2021K2;total;871;2156.0
1494;2021K3;total;1025;2538.0
1494;2021K4;total;1033;2557.0
1494;2022K1;total;844;2086.0
1494;2022K2;total;902;2229.0
1494;2022K3;total;930;2299.0
1494;2022K4;total;1017;2514.0
1494;2023K1;total;964;2380.0
1494;2023K2;total;1072;2647.0
1494;2023K3;total;1027;2536.0
1494;2023K4;total;935;2309.0
1494;2024K1;total;795;1963.0
1494;2024K2;total;1034;2553.0
1494;2024K3;total;878;2168.0
1494;2024K4;total;1037;2560.0
1494;2025K1;total;928;2297.0
1494;2025K2;total;859;2127.0
1494;2025K3;total;1009;2498.0
1494;2025K4;total;881;2181.0
1494;2026 prel.K1;total;853;2114.0
1494;2026 prel.K2;total;884;2190.0
1495;2014K1;total;455;2438.0
1495;2014K2;total;586;3140.0
1495;2015K1;total;555;2963.0
1495;2015K2;total;532;2841.0
1495;2015K3;total;551;2942.0
1495;2015K4;total;477;2547.0
1495;2016K1;total;573;3041.0
1495;2016K2;total;560;2972.0
1495;2016K3;total;517;2743.0
1495;2016K4;total;426;2261.0
1495;2017K1;total;460;2432.0
1495;2017K2;total;461;2438.0
1495;2017K3;total;427;2258.0
1495;2017K4;total;528;2792.0
1495;2018K1;total;463;2458.0
1495;2018K2;total;477;2532.0
1495;2018K3;total;480;2548.0
1495;2018K4;total;556;2952.0
1495;2019K1;total;387;2055.0
1495;2019K2;total;438;2326.0
1495;2019K3;total;489;2597.0
1495;2019K4;total;427;2267.0
1495;2020K1;total;443;2361.0
1495;2020K2;total;557;2968.0
1495;2020K3;total;575;3064.0
1495;2020K4;total;604;3219.0
1495;2021K1;total;516;2757.0
1495;2021K2;total;569;3041.0
1495;2021K3;total;506;2704.0
1495;2021K4;total;542;2896.0
1495;2022K1;total;463;2470.0
1495;2022K2;total;509;2716.0
1495;2022K3;total;574;3062.0
1495;2022K4;total;562;2998.0
1495;2023K1;total;551;2946.0
1495;2023K2;total;514;2748.0
1495;2023K3;total;537;2871.0
1495;2023K4;total;471;2518.0
1495;2024K1;total;560;2999.0
1495;2024K2;total;529;2833.0
1495;2024K3;total;571;3058.0
1495;2024K4;total;473;2533.0
1495;2025K1;total;458;2445.0
1495;2025K2;total;649;3465.0
1495;2025K3;total;690;3684.0
1495;2025K4;total;617;3294.0
1495;2026 prel.K1;total;527;2810.0
1495;2026 prel.K2;total;553;2949.0
1496;2014K1;total;1088;2053.0
1496;2014K2;total;1248;2355.0
1496;2015K1;total;1360;2549.0
1496;2015K2;total;1257;2356.0
1496;2015K3;total;1287;2413.0
1496;2015K4;total;1196;2242.0
1496;2016K1;total;1296;2407.0
1496;2016K2;total;1284;2385.0
1496;2016K3;total;1267;2353.0
1496;2016K4;total;1332;2474.0
1496;2017K1;total;1539;2821.0
1496;2017K2;total;1280;2346.0
1496;2017K3;total;1352;2478.0
1496;2017K4;total;1387;2542.0
1496;2018K1;total;1141;2061.0
1496;2018K2;total;1203;2173.0
1496;2018K3;total;1231;2224.0
1496;2018K4;total;1138;2056.0
1496;2019K1;total;1035;1847.0
1496;2019K2;total;1246;2223.0
1496;2019K3;total;1258;2245.0
1496;2019K4;total;1260;2248.0
1496;2020K1;total;1408;2489.0
1496;2020K2;total;1357;2398.0
1496;2020K3;total;1556;2750.0
1496;2020K4;total;1578;2789.0
1496;2021K1;total;1505;2645.0
1496;2021K2;total;1322;2323.0
1496;2021K3;total;1321;2321.0
1496;2021K4;total;1572;2763.0
1496;2022K1;total;1412;2467.0
1496;2022K2;total;1568;2739.0
1496;2022K3;total;1431;2500.0
1496;2022K4;total;1744;3047.0
1496;2023K1;total;1625;2821.0
1496;2023K2;total;1556;2701.0
1496;2023K3;total;1592;2763.0
1496;2023K4;total;1575;2734.0
1496;2024K1;total;1380;2384.0
1496;2024K2;total;1581;2732.0
1496;2024K3;total;1581;2732.0
1496;2024K4;total;1532;2647.0
1496;2025K1;total;1376;2367.0
1496;2025K2;total;1400;2408.0
1496;2025K3;total;1356;2333.0
1496;2025K4;total;1350;2322.0
1496;2026 prel.K1;total;1316;2258.0
1496;2026 prel.K2;total;1520;2608.0
1497;2014K1;total;108;1221.0
1497;2014K2;total;138;1560.0
1497;2015K1;total;161;1802.0
1497;2015K2;total;164;1836.0
1497;2015K3;total;149;1668.0
1497;2015K4;total;145;1623.0
1497;2016K1;total;137;1520.0
1497;2016K2;total;151;1675.0
1497;2016K3;total;158;1753.0
1497;2016K4;total;115;1276.0
1497;2017K1;total;105;1158.0
1497;2017K2;total;125;1378.0
1497;2017K3;total;225;2481.0
1497;2017K4;total;157;1731.0
1497;2018K1;total;116;1270.0
1497;2018K2;total;170;1861.0
1497;2018K3;total;208;2277.0
1497;2018K4;total;215;2354.0
1497;2019K1;total;206;2241.0
1497;2019K2;total;254;2763.0
1497;2019K3;total;206;2241.0
1497;2019K4;total;220;2393.0
1497;2020K1;total;128;1388.0
1497;2020K2;total;159;1725.0
1497;2020K3;total;113;1226.0
1497;2020K4;total;157;1703.0
1497;2021K1;total;104;1127.0
1497;2021K2;total;164;1777.0
1497;2021K3;total;159;1722.0
1497;2021K4;total;107;1159.0
1497;2022K1;total;106;1147.0
1497;2022K2;total;157;1700.0
1497;2022K3;total;233;2522.0
1497;2022K4;total;195;2111.0
1497;2023K1;total;146;1578.0
1497;2023K2;total;198;2140.0
1497;2023K3;total;321;3470.0
1497;2023K4;total;169;1827.0
1497;2024K1;total;197;2119.0
1497;2024K2;total;187;2012.0
1497;2024K3;total;226;2431.0
1497;2024K4;total;190;2044.0
1497;2025K1;total;170;1821.0
1497;2025K2;total;194;2078.0
1497;2025K3;total;175;1874.0
1497;2025K4;total;152;1628.0
1497;2026 prel.K1;total;149;1598.0
1497;2026 prel.K2;total;195;2092.0
1498;2014K1;total;200;1588.0
1498;2014K2;total;249;1978.0
1498;2015K1;total;331;2618.0
1498;2015K2;total;219;1732.0
1498;2015K3;total;217;1716.0
1498;2015K4;total;359;2840.0
1498;2016K1;total;233;1830.0
1498;2016K2;total;282;2215.0
1498;2016K3;total;275;2160.0
1498;2016K4;total;198;1555.0
1498;2017K1;total;215;1678.0
1498;2017K2;total;278;2170.0
1498;2017K3;total;265;2068.0
1498;2017K4;total;456;3559.0
1498;2018K1;total;238;1855.0
1498;2018K2;total;208;1622.0
1498;2018K3;total;265;2066.0
1498;2018K4;total;277;2159.0
1498;2019K1;total;251;1955.0
1498;2019K2;total;250;1947.0
1498;2019K3;total;271;2111.0
1498;2019K4;total;311;2423.0
1498;2020K1;total;348;2715.0
1498;2020K2;total;278;2169.0
1498;2020K3;total;299;2333.0
1498;2020K4;total;407;3175.0
1498;2021K1;total;257;2007.0
1498;2021K2;total;212;1655.0
1498;2021K3;total;238;1858.0
1498;2021K4;total;210;1640.0
1498;2022K1;total;204;1590.0
1498;2022K2;total;227;1769.0
1498;2022K3;total;275;2143.0
1498;2022K4;total;306;2385.0
1498;2023K1;total;424;3302.0
1498;2023K2;total;318;2477.0
1498;2023K3;total;275;2142.0
1498;2023K4;total;277;2157.0
1498;2024K1;total;299;2334.0
1498;2024K2;total;341;2662.0
1498;2024K3;total;306;2389.0
1498;2024K4;total;283;2209.0
1498;2025K1;total;176;1378.0
1498;2025K2;total;243;1903.0
1498;2025K3;total;270;2114.0
1498;2025K4;total;268;2099.0
1498;2026 prel.K1;total;352;2764.0
1498;2026 prel.K2;total;346;2717.0
1499;2014K1;total;676;2107.0
1499;2014K2;total;744;2319.0
1499;2015K1;total;699;2161.0
1499;2015K2;total;793;2451.0
1499;2015K3;total;860;2659.0
1499;2015K4;total;712;2201.0
1499;2016K1;total;766;2345.0
1499;2016K2;total;733;2244.0
1499;2016K3;total;789;2416.0
1499;2016K4;total;698;2137.0
1499;2017K1;total;822;2495.0
1499;2017K2;total;874;2653.0
1499;2017K3;total;846;2568.0
1499;2017K4;total;799;2426.0
1499;2018K1;total;570;1721.0
1499;2018K2;total;820;2476.0
1499;2018K3;total;701;2117.0
1499;2018K4;total;871;2630.0
1499;2019K1;total;826;2488.0
1499;2019K2;total;777;2340.0
1499;2019K3;total;754;2271.0
1499;2019K4;total;749;2256.0
1499;2020K1;total;833;2506.0
1499;2020K2;total;871;2620.0
1499;2020K3;total;1037;3120.0
1499;2020K4;total;1009;3035.0
1499;2021K1;total;853;2565.0
1499;2021K2;total;997;2998.0
1499;2021K3;total;972;2923.0
1499;2021K4;total;683;2054.0
1499;2022K1;total;739;2222.0
1499;2022K2;total;832;2501.0
1499;2022K3;total;831;2498.0
1499;2022K4;total;916;2754.0
1499;2023K1;total;841;2539.0
1499;2023K2;total;891;2690.0
1499;2023K3;total;851;2569.0
1499;2023K4;total;673;2032.0
1499;2024K1;total;795;2416.0
1499;2024K2;total;748;2273.0
1499;2024K3;total;1016;3088.0
1499;2024K4;total;935;2842.0
1499;2025K1;total;736;2244.0
1499;2025K2;total;908;2768.0
1499;2025K3;total;912;2780.0
1499;2025K4;total;839;2558.0
1499;2026 prel.K1;total;743;2266.0
1499;2026 prel.K2;total;944;2879.0
1715;2014K1;total;169;1426.0
1715;2014K2;total;236;1992.0
1715;2015K1;total;223;1883.0
1715;2015K2;total;213;1798.0
1715;2015K3;total;202;1706.0
1715;2015K4;total;283;2389.0
1715;2016K1;total;185;1568.0
1715;2016K2;total;201;1703.0
1715;2016K3;total;203;1720.0
1715;2016K4;total;174;1474.0
1715;2017K1;total;191;1611.0
1715;2017K2;total;155;1307.0
1715;2017K3;total;212;1788.0
1715;2017K4;total;152;1282.0
1715;2018K1;total;170;1424.0
1715;2018K2;total;200;1676.0
1715;2018K3;total;178;1491.0
1715;2018K4;total;171;1433.0
1715;2019K1;total;148;1231.0
1715;2019K2;total;180;1497.0
1715;2019K3;total;109;906.0
1715;2019K4;total;189;1572.0
1715;2020K1;total;183;1512.0
1715;2020K2;total;157;1297.0
1715;2020K3;total;195;1611.0
1715;2020K4;total;165;1364.0
1715;2021K1;total;130;1072.0
1715;2021K2;total;206;1699.0
1715;2021K3;total;238;1963.0
1715;2021K4;total;208;1716.0
1715;2022K1;total;200;1650.0
1715;2022K2;total;204;1683.0
1715;2022K3;total;209;1724.0
1715;2022K4;total;183;1509.0
1715;2023K1;total;195;1612.0
1715;2023K2;total;166;1372.0
1715;2023K3;total;134;1107.0
1715;2023K4;total;137;1132.0
1715;2024K1;total;96;795.0
1715;2024K2;total;118;977.0
1715;2024K3;total;142;1176.0
1715;2024K4;total;140;1160.0
1715;2025K1;total;143;1187.0
1715;2025K2;total;179;1486.0
1715;2025K3;total;158;1312.0
1715;2025K4;total;124;1030.0
1715;2026 prel.K1;total;157;1306.0
1715;2026 prel.K2;total;189;1572.0
1730;2014K1;total;220;2607.0
1730;2014K2;total;251;2974.0
1730;2015K1;total;186;2194.0
1730;2015K2;total;246;2901.0
1730;2015K3;total;301;3550.0
1730;2015K4;total;304;3585.0
1730;2016K1;total;350;4110.0
1730;2016K2;total;210;2466.0
1730;2016K3;total;233;2736.0
1730;2016K4;total;251;2948.0
1730;2017K1;total;267;3115.0
1730;2017K2;total;239;2788.0
1730;2017K3;total;242;2823.0
1730;2017K4;total;331;3861.0
1730;2018K1;total;287;3339.0
1730;2018K2;total;245;2850.0
1730;2018K3;total;268;3118.0
1730;2018K4;total;257;2990.0
1730;2019K1;total;182;2124.0
1730;2019K2;total;229;2672.0
1730;2019K3;total;257;2999.0
1730;2019K4;total;315;3676.0
1730;2020K1;total;190;2220.0
1730;2020K2;total;136;1589.0
1730;2020K3;total;210;2454.0
1730;2020K4;total;187;2185.0
1730;2021K1;total;160;1878.0
1730;2021K2;total;196;2300.0
1730;2021K3;total;187;2195.0
1730;2021K4;total;263;3087.0
1730;2022K1;total;200;2349.0
1730;2022K2;total;146;1715.0
1730;2022K3;total;201;2361.0
1730;2022K4;total;259;3043.0
1730;2023K1;total;198;2325.0
1730;2023K2;total;261;3064.0
1730;2023K3;total;178;2090.0
1730;2023K4;total;233;2736.0
1730;2024K1;total;208;2460.0
1730;2024K2;total;210;2483.0
1730;2024K3;total;229;2708.0
1730;2024K4;total;216;2554.0
1730;2025K1;total;202;2419.0
1730;2025K2;total;250;2994.0
1730;2025K3;total;177;2120.0
1730;2025K4;total;190;2275.0
1730;2026 prel.K1;total;219;2642.0
1730;2026 prel.K2;total;240;2895.0
1737;2014K1;total;199;1658.0
1737;2014K2;total;253;2108.0
1737;2015K1;total;169;1414.0
1737;2015K2;total;205;1715.0
1737;2015K3;total;280;2343.0
1737;2015K4;total;226;1891.0
1737;2016K1;total;196;1628.0
1737;2016K2;total;225;1869.0
1737;2016K3;total;305;2533.0
1737;2016K4;total;219;1819.0
1737;2017K1;total;267;2220.0
1737;2017K2;total;286;2377.0
1737;2017K3;total;283;2353.0
1737;2017K4;total;216;1796.0
1737;2018K1;total;172;1457.0
1737;2018K2;total;282;2389.0
1737;2018K3;total;285;2414.0
1737;2018K4;total;223;1889.0
1737;2019K1;total;171;1466.0
1737;2019K2;total;258;2211.0
1737;2019K3;total;223;1911.0
1737;2019K4;total;144;1234.0
1737;2020K1;total;155;1338.0
1737;2020K2;total;237;2046.0
1737;2020K3;total;226;1951.0
1737;2020K4;total;169;1459.0
1737;2021K1;total;121;1051.0
1737;2021K2;total;239;2076.0
1737;2021K3;total;195;1694.0
1737;2021K4;total;239;2076.0
1737;2022K1;total;169;1477.0
1737;2022K2;total;195;1704.0
1737;2022K3;total;314;2744.0
1737;2022K4;total;261;2281.0
1737;2023K1;total;232;2035.0
1737;2023K2;total;217;1904.0
1737;2023K3;total;279;2448.0
1737;2023K4;total;176;1544.0
1737;2024K1;total;207;1824.0
1737;2024K2;total;282;2485.0
1737;2024K3;total;302;2662.0
1737;2024K4;total;269;2371.0
1737;2025K1;total;249;2204.0
1737;2025K2;total;214;1894.0
1737;2025K3;total;260;2301.0
1737;2025K4;total;216;1912.0
1737;2026 prel.K1;total;252;2234.0
1737;2026 prel.K2;total;225;1995.0
1760;2014K1;total;70;1700.0
1760;2014K2;total;94;2282.0
1760;2015K1;total;58;1425.0
1760;2015K2;total;155;3809.0
1760;2015K3;total;71;1745.0
1760;2015K4;total;68;1671.0
1760;2016K1;total;72;1783.0
1760;2016K2;total;44;1089.0
1760;2016K3;total;68;1684.0
1760;2016K4;total;56;1386.0
1760;2017K1;total;70;1714.0
1760;2017K2;total;79;1934.0
1760;2017K3;total;90;2203.0
1760;2017K4;total;74;1812.0
1760;2018K1;total;45;1101.0
1760;2018K2;total;74;1810.0
1760;2018K3;total;90;2201.0
1760;2018K4;total;65;1590.0
1760;2019K1;total;93;2305.0
1760;2019K2;total;61;1512.0
1760;2019K3;total;87;2156.0
1760;2019K4;total;64;1586.0
1760;2020K1;total;64;1599.0
1760;2020K2;total;90;2249.0
1760;2020K3;total;74;1849.0
1760;2020K4;total;36;900.0
1760;2021K1;total;60;1512.0
1760;2021K2;total;47;1184.0
1760;2021K3;total;52;1310.0
1760;2021K4;total;38;957.0
1760;2022K1;total;51;1303.0
1760;2022K2;total;68;1737.0
1760;2022K3;total;100;2554.0
1760;2022K4;total;63;1609.0
1760;2023K1;total;53;1380.0
1760;2023K2;total;74;1926.0
1760;2023K3;total;73;1900.0
1760;2023K4;total;63;1640.0
1760;2024K1;total;68;1789.0
1760;2024K2;total;86;2263.0
1760;2024K3;total;75;1974.0
1760;2024K4;total;91;2395.0
1760;2025K1;total;98;2591.0
1760;2025K2;total;79;2089.0
1760;2025K3;total;36;952.0
1760;2025K4;total;65;1718.0
1760;2026 prel.K1;total;82;2171.0
1760;2026 prel.K2;total;59;1562.0
1761;2014K1;total;137;902.0
1761;2014K2;total;149;981.0
1761;2015K1;total;174;1134.0
1761;2015K2;total;186;1213.0
1761;2015K3;total;196;1278.0
1761;2015K4;total;141;919.0
1761;2016K1;total;110;706.0
1761;2016K2;total;218;1400.0
1761;2016K3;total;201;1291.0
1761;2016K4;total;179;1149.0
1761;2017K1;total;167;1047.0
1761;2017K2;total;143;897.0
1761;2017K3;total;146;915.0
1761;2017K4;total;149;934.0
1761;2018K1;total;135;827.0
1761;2018K2;total;192;1176.0
1761;2018K3;total;330;2021.0
1761;2018K4;total;225;1378.0
1761;2019K1;total;154;932.0
1761;2019K2;total;180;1089.0
1761;2019K3;total;168;1017.0
1761;2019K4;total;221;1337.0
1761;2020K1;total;170;1023.0
1761;2020K2;total;198;1191.0
1761;2020K3;total;189;1137.0
1761;2020K4;total;169;1017.0
1761;2021K1;total;154;921.0
1761;2021K2;total;201;1202.0
1761;2021K3;total;211;1262.0
1761;2021K4;total;166;993.0
1761;2022K1;total;140;834.0
1761;2022K2;total;186;1108.0
1761;2022K3;total;142;846.0
1761;2022K4;total;202;1203.0
1761;2023K1;total;129;764.0
1761;2023K2;total;154;912.0
1761;2023K3;total;163;966.0
1761;2023K4;total;119;705.0
1761;2024K1;total;105;619.0
1761;2024K2;total;165;973.0
1761;2024K3;total;190;1120.0
1761;2024K4;total;264;1557.0
1761;2025K1;total;140;825.0
1761;2025K2;total;233;1374.0
1761;2025K3;total;243;1433.0
1761;2025K4;total;188;1108.0
1761;2026 prel.K1;total;181;1069.0
1761;2026 prel.K2;total;256;1512.0
1762;2014K1;total;74;2024.0
1762;2014K2;total;79;2161.0
1762;2015K1;total;65;1776.0
1762;2015K2;total;50;1366.0
1762;2015K3;total;80;2186.0
1762;2015K4;total;71;1940.0
1762;2016K1;total;80;2162.0
1762;2016K2;total;82;2216.0
1762;2016K3;total;73;1973.0
1762;2016K4;total;90;2432.0
1762;2017K1;total;71;1893.0
1762;2017K2;total;95;2533.0
1762;2017K3;total;116;3093.0
1762;2017K4;total;76;2026.0
1762;2018K1;total;106;2807.0
1762;2018K2;total;177;4688.0
1762;2018K3;total;106;2807.0
1762;2018K4;total;93;2463.0
1762;2019K1;total;52;1381.0
1762;2019K2;total;56;1488.0
1762;2019K3;total;48;1275.0
1762;2019K4;total;73;1939.0
1762;2020K1;total;96;2572.0
1762;2020K2;total;77;2063.0
1762;2020K3;total;104;2786.0
1762;2020K4;total;46;1232.0
1762;2021K1;total;52;1404.0
1762;2021K2;total;52;1404.0
1762;2021K3;total;67;1810.0
1762;2021K4;total;34;918.0
1762;2022K1;total;52;1409.0
1762;2022K2;total;69;1870.0
1762;2022K3;total;67;1815.0
1762;2022K4;total;47;1274.0
1762;2023K1;total;88;2388.0
1762;2023K2;total;60;1628.0
1762;2023K3;total;60;1628.0
1762;2023K4;total;59;1601.0
1762;2024K1;total;41;1123.0
1762;2024K2;total;55;1507.0
1762;2024K3;total;99;2712.0
1762;2024K4;total;81;2219.0
1762;2025K1;total;65;1790.0
1762;2025K2;total;78;2148.0
1762;2025K3;total;72;1983.0
1762;2025K4;total;63;1735.0
1762;2026 prel.K1;total;89;2447.0
1762;2026 prel.K2;total;129;3547.0
1763;2014K1;total;203;1791.0
1763;2014K2;total;210;1853.0
1763;2015K1;total;151;1327.0
1763;2015K2;total;204;1793.0
1763;2015K3;total;222;1951.0
1763;2015K4;total;166;1459.0
1763;2016K1;total;150;1314.0
1763;2016K2;total;216;1892.0
1763;2016K3;total;231;2024.0
1763;2016K4;total;179;1568.0
1763;2017K1;total;167;1455.0
1763;2017K2;total;198;1725.0
1763;2017K3;total;234;2038.0
1763;2017K4;total;212;1847.0
1763;2018K1;total;185;1607.0
1763;2018K2;total;162;1407.0
1763;2018K3;total;287;2493.0
1763;2018K4;total;185;1607.0
1763;2019K1;total;213;1851.0
1763;2019K2;total;209;1816.0
1763;2019K3;total;139;1208.0
1763;2019K4;total;213;1851.0
1763;2020K1;total;166;1442.0
1763;2020K2;total;213;1850.0
1763;2020K3;total;141;1225.0
1763;2020K4;total;125;1086.0
1763;2021K1;total;135;1167.0
1763;2021K2;total;252;2179.0
1763;2021K3;total;258;2231.0
1763;2021K4;total;153;1323.0
1763;2022K1;total;117;1009.0
1763;2022K2;total;146;1259.0
1763;2022K3;total;168;1449.0
1763;2022K4;total;161;1389.0
1763;2023K1;total;108;934.0
1763;2023K2;total;123;1064.0
1763;2023K3;total;130;1125.0
1763;2023K4;total;120;1038.0
1763;2024K1;total;105;911.0
1763;2024K2;total;98;850.0
1763;2024K3;total;134;1163.0
1763;2024K4;total;199;1727.0
1763;2025K1;total;128;1115.0
1763;2025K2;total;142;1237.0
1763;2025K3;total;178;1551.0
1763;2025K4;total;100;871.0
1763;2026 prel.K1;total;166;1451.0
1763;2026 prel.K2;total;146;1276.0
1764;2014K1;total;222;2483.0
1764;2014K2;total;220;2460.0
1764;2015K1;total;199;2223.0
1764;2015K2;total;212;2368.0
1764;2015K3;total;233;2603.0
1764;2015K4;total;312;3485.0
1764;2016K1;total;236;2621.0
1764;2016K2;total;220;2443.0
1764;2016K3;total;279;3099.0
1764;2016K4;total;241;2677.0
1764;2017K1;total;190;2102.0
1764;2017K2;total;194;2147.0
1764;2017K3;total;220;2434.0
1764;2017K4;total;197;2180.0
1764;2018K1;total;172;1908.0
1764;2018K2;total;223;2474.0
1764;2018K3;total;206;2285.0
1764;2018K4;total;162;1797.0
1764;2019K1;total;164;1816.0
1764;2019K2;total;284;3145.0
1764;2019K3;total;215;2381.0
1764;2019K4;total;212;2347.0
1764;2020K1;total;284;3140.0
1764;2020K2;total;315;3483.0
1764;2020K3;total;262;2897.0
1764;2020K4;total;225;2488.0
1764;2021K1;total;157;1732.0
1764;2021K2;total;168;1853.0
1764;2021K3;total;210;2316.0
1764;2021K4;total;192;2118.0
1764;2022K1;total;190;2088.0
1764;2022K2;total;183;2011.0
1764;2022K3;total;198;2176.0
1764;2022K4;total;192;2110.0
1764;2023K1;total;153;1685.0
1764;2023K2;total;216;2379.0
1764;2023K3;total;202;2224.0
1764;2023K4;total;160;1762.0
1764;2024K1;total;97;1073.0
1764;2024K2;total;153;1693.0
1764;2024K3;total;168;1859.0
1764;2024K4;total;174;1925.0
1764;2025K1;total;171;1915.0
1764;2025K2;total;197;2206.0
1764;2025K3;total;150;1680.0
1764;2025K4;total;140;1568.0
1764;2026 prel.K1;total;114;1288.0
1764;2026 prel.K2;total;183;2067.0
1765;2014K1;total;195;1974.0
1765;2014K2;total;177;1792.0
1765;2015K1;total;216;2196.0
1765;2015K2;total;251;2552.0
1765;2015K3;total;234;2379.0
1765;2015K4;total;216;2196.0
1765;2016K1;total;173;1745.0
1765;2016K2;total;175;1765.0
1765;2016K3;total;192;1937.0
1765;2016K4;total;171;1725.0
1765;2017K1;total;152;1527.0
1765;2017K2;total;131;1316.0
1765;2017K3;total;232;2331.0
1765;2017K4;total;155;1557.0
1765;2018K1;total;151;1513.0
1765;2018K2;total;119;1192.0
1765;2018K3;total;134;1343.0
1765;2018K4;total;108;1082.0
1765;2019K1;total;122;1215.0
1765;2019K2;total;158;1574.0
1765;2019K3;total;112;1115.0
1765;2019K4;total;124;1235.0
1765;2020K1;total;150;1495.0
1765;2020K2;total;166;1655.0
1765;2020K3;total;158;1575.0
1765;2020K4;total;146;1455.0
1765;2021K1;total;149;1495.0
1765;2021K2;total;134;1344.0
1765;2021K3;total;155;1555.0
1765;2021K4;total;124;1244.0
1765;2022K1;total;102;1027.0
1765;2022K2;total;125;1259.0
1765;2022K3;total;159;1602.0
1765;2022K4;total;130;1309.0
1765;2023K1;total;210;2120.0
1765;2023K2;total;175;1767.0
1765;2023K3;total;174;1757.0
1765;2023K4;total;183;1848.0
1765;2024K1;total;136;1378.0
1765;2024K2;total;179;1814.0
1765;2024K3;total;157;1591.0
1765;2024K4;total;153;1550.0
1765;2025K1;total;144;1472.0
1765;2025K2;total;130;1329.0
1765;2025K3;total;227;2321.0
1765;2025K4;total;203;2076.0
1765;2026 prel.K1;total;182;1870.0
1765;2026 prel.K2;total;224;2301.0
1766;2014K1;total;203;1555.0
1766;2014K2;total;252;1930.0
1766;2015K1;total;178;1353.0
1766;2015K2;total;181;1376.0
1766;2015K3;total;223;1695.0
1766;2015K4;total;191;1452.0
1766;2016K1;total;183;1374.0
1766;2016K2;total;252;1892.0
1766;2016K3;total;253;1900.0
1766;2016K4;total;201;1509.0
1766;2017K1;total;176;1316.0
1766;2017K2;total;236;1764.0
1766;2017K3;total;241;1801.0
1766;2017K4;total;173;1293.0
1766;2018K1;total;255;1918.0
1766;2018K2;total;262;1971.0
1766;2018K3;total;263;1978.0
1766;2018K4;total;172;1294.0
1766;2019K1;total;152;1144.0
1766;2019K2;total;200;1506.0
1766;2019K3;total;268;2018.0
1766;2019K4;total;187;1408.0
1766;2020K1;total;151;1134.0
1766;2020K2;total;184;1381.0
1766;2020K3;total;229;1719.0
1766;2020K4;total;243;1824.0
1766;2021K1;total;178;1334.0
1766;2021K2;total;235;1761.0
1766;2021K3;total;231;1731.0
1766;2021K4;total;271;2031.0
1766;2022K1;total;125;934.0
1766;2022K2;total;195;1457.0
1766;2022K3;total;296;2211.0
1766;2022K4;total;255;1905.0
1766;2023K1;total;200;1493.0
1766;2023K2;total;250;1867.0
1766;2023K3;total;311;2322.0
1766;2023K4;total;252;1882.0
1766;2024K1;total;221;1652.0
1766;2024K2;total;233;1742.0
1766;2024K3;total;275;2056.0
1766;2024K4;total;221;1652.0
1766;2025K1;total;226;1692.0
1766;2025K2;total;200;1498.0
1766;2025K3;total;282;2112.0
1766;2025K4;total;290;2171.0
1766;2026 prel.K1;total;246;1842.0
1766;2026 prel.K2;total;283;2119.0
1780;2014K1;total;2411;2738.0
1780;2014K2;total;2543;2888.0
1780;2015K1;total;2298;2588.0
1780;2015K2;total;2447;2756.0
1780;2015K3;total;2696;3036.0
1780;2015K4;total;2272;2559.0
1780;2016K1;total;2108;2349.0
1780;2016K2;total;2279;2540.0
1780;2016K3;total;2490;2775.0
1780;2016K4;total;2380;2653.0
1780;2017K1;total;2266;2499.0
1780;2017K2;total;2327;2567.0
1780;2017K3;total;2204;2431.0
1780;2017K4;total;2076;2290.0
1780;2018K1;total;1788;1948.0
1780;2018K2;total;2243;2443.0
1780;2018K3;total;2479;2700.0
1780;2018K4;total;2201;2397.0
1780;2019K1;total;1917;2057.0
1780;2019K2;total;2066;2217.0
1780;2019K3;total;2258;2423.0
1780;2019K4;total;2484;2665.0
1780;2020K1;total;2333;2472.0
1780;2020K2;total;2320;2459.0
1780;2020K3;total;2847;3017.0
1780;2020K4;total;2298;2435.0
1780;2021K1;total;2168;2279.0
1780;2021K2;total;2305;2423.0
1780;2021K3;total;2485;2613.0
1780;2021K4;total;2415;2539.0
1780;2022K1;total;2042;2128.0
1780;2022K2;total;2281;2378.0
1780;2022K3;total;2382;2483.0
1780;2022K4;total;2352;2452.0
1780;2023K1;total;2087;2155.0
1780;2023K2;total;2327;2403.0
1780;2023K3;total;2291;2366.0
1780;2023K4;total;2346;2422.0
1780;2024K1;total;2164;2216.0
1780;2024K2;total;2398;2456.0
1780;2024K3;total;2654;2718.0
1780;2024K4;total;2435;2493.0
1780;2025K1;total;2337;2371.0
1780;2025K2;total;2571;2609.0
1780;2025K3;total;2447;2483.0
1780;2025K4;total;2460;2496.0
1780;2026 prel.K1;total;2525;2550.0
1780;2026 prel.K2;total;2688;2715.0
1781;2014K1;total;602;2505.0
1781;2014K2;total;812;3379.0
1781;2015K1;total;545;2253.0
1781;2015K2;total;703;2906.0
1781;2015K3;total;687;2840.0
1781;2015K4;total;610;2521.0
1781;2016K1;total;628;2566.0
1781;2016K2;total;748;3057.0
1781;2016K3;total;728;2975.0
1781;2016K4;total;787;3216.0
1781;2017K1;total;692;2806.0
1781;2017K2;total;669;2713.0
1781;2017K3;total;758;3074.0
1781;2017K4;total;721;2924.0
1781;2018K1;total;524;2139.0
1781;2018K2;total;765;3123.0
1781;2018K3;total;658;2686.0
1781;2018K4;total;598;2442.0
1781;2019K1;total;486;2000.0
1781;2019K2;total;636;2618.0
1781;2019K3;total;497;2046.0
1781;2019K4;total;586;2412.0
1781;2020K1;total;680;2807.0
1781;2020K2;total;606;2502.0
1781;2020K3;total;702;2898.0
1781;2020K4;total;727;3001.0
1781;2021K1;total;616;2551.0
1781;2021K2;total;652;2700.0
1781;2021K3;total;688;2850.0
1781;2021K4;total;572;2369.0
1781;2022K1;total;629;2613.0
1781;2022K2;total;733;3045.0
1781;2022K3;total;658;2733.0
1781;2022K4;total;698;2899.0
1781;2023K1;total;586;2448.0
1781;2023K2;total;615;2569.0
1781;2023K3;total;672;2808.0
1781;2023K4;total;634;2649.0
1781;2024K1;total;595;2501.0
1781;2024K2;total;647;2720.0
1781;2024K3;total;694;2917.0
1781;2024K4;total;582;2446.0
1781;2025K1;total;458;1935.0
1781;2025K2;total;512;2163.0
1781;2025K3;total;534;2256.0
1781;2025K4;total;572;2416.0
1781;2026 prel.K1;total;495;2098.0
1781;2026 prel.K2;total;664;2815.0
1782;2014K1;total;315;2975.0
1782;2014K2;total;336;3173.0
1782;2015K1;total;330;3108.0
1782;2015K2;total;547;5151.0
1782;2015K3;total;444;4181.0
1782;2015K4;total;321;3023.0
1782;2016K1;total;324;3002.0
1782;2016K2;total;357;3308.0
1782;2016K3;total;407;3771.0
1782;2016K4;total;320;2965.0
1782;2017K1;total;320;2943.0
1782;2017K2;total;276;2539.0
1782;2017K3;total;312;2870.0
1782;2017K4;total;247;2272.0
1782;2018K1;total;222;2054.0
1782;2018K2;total;200;1850.0
1782;2018K3;total;313;2895.0
1782;2018K4;total;366;3386.0
1782;2019K1;total;342;3184.0
1782;2019K2;total;315;2933.0
1782;2019K3;total;303;2821.0
1782;2019K4;total;312;2905.0
1782;2020K1;total;238;2251.0
1782;2020K2;total;316;2989.0
1782;2020K3;total;264;2497.0
1782;2020K4;total;286;2705.0
1782;2021K1;total;262;2506.0
1782;2021K2;total;285;2726.0
1782;2021K3;total;257;2459.0
1782;2021K4;total;273;2612.0
1782;2022K1;total;222;2143.0
1782;2022K2;total;291;2809.0
1782;2022K3;total;372;3591.0
1782;2022K4;total;271;2616.0
1782;2023K1;total;230;2261.0
1782;2023K2;total;257;2526.0
1782;2023K3;total;334;3283.0
1782;2023K4;total;166;1632.0
1782;2024K1;total;177;1784.0
1782;2024K2;total;291;2933.0
1782;2024K3;total;379;3820.0
1782;2024K4;total;319;3216.0
1782;2025K1;total;222;2289.0
1782;2025K2;total;211;2175.0
1782;2025K3;total;249;2567.0
1782;2025K4;total;227;2340.0
1782;2026 prel.K1;total;250;2597.0
1782;2026 prel.K2;total;257;2670.0
1783;2014K1;total;198;1651.0
1783;2014K2;total;272;2267.0
1783;2015K1;total;270;2274.0
1783;2015K2;total;313;2636.0
1783;2015K3;total;281;2367.0
1783;2015K4;total;233;1963.0
1783;2016K1;total;223;1879.0
1783;2016K2;total;338;2847.0
1783;2016K3;total;336;2831.0
1783;2016K4;total;427;3597.0
1783;2017K1;total;224;1890.0
1783;2017K2;total;225;1899.0
1783;2017K3;total;238;2009.0
1783;2017K4;total;294;2481.0
1783;2018K1;total;154;1312.0
1783;2018K2;total;246;2095.0
1783;2018K3;total;281;2394.0
1783;2018K4;total;197;1678.0
1783;2019K1;total;168;1442.0
1783;2019K2;total;238;2043.0
1783;2019K3;total;222;1905.0
1783;2019K4;total;215;1845.0
1783;2020K1;total;179;1548.0
1783;2020K2;total;289;2500.0
1783;2020K3;total;344;2975.0
1783;2020K4;total;225;1946.0
1783;2021K1;total;317;2748.0
1783;2021K2;total;209;1812.0
1783;2021K3;total;246;2133.0
1783;2021K4;total;210;1821.0
1783;2022K1;total;157;1357.0
1783;2022K2;total;273;2359.0
1783;2022K3;total;247;2135.0
1783;2022K4;total;323;2791.0
1783;2023K1;total;160;1384.0
1783;2023K2;total;254;2197.0
1783;2023K3;total;257;2223.0
1783;2023K4;total;207;1790.0
1783;2024K1;total;213;1857.0
1783;2024K2;total;194;1692.0
1783;2024K3;total;250;2180.0
1783;2024K4;total;199;1735.0
1783;2025K1;total;224;1970.0
1783;2025K2;total;252;2216.0
1783;2025K3;total;189;1662.0
1783;2025K4;total;215;1891.0
1783;2026 prel.K1;total;281;2481.0
1783;2026 prel.K2;total;254;2243.0
1784;2014K1;total;557;2159.0
1784;2014K2;total;713;2764.0
1784;2015K1;total;616;2387.0
1784;2015K2;total;752;2914.0
1784;2015K3;total;801;3104.0
1784;2015K4;total;626;2426.0
1784;2016K1;total;599;2309.0
1784;2016K2;total;637;2455.0
1784;2016K3;total;807;3110.0
1784;2016K4;total;651;2509.0
1784;2017K1;total;582;2234.0
1784;2017K2;total;566;2172.0
1784;2017K3;total;566;2172.0
1784;2017K4;total;518;1988.0
1784;2018K1;total;611;2344.0
1784;2018K2;total;629;2413.0
1784;2018K3;total;654;2509.0
1784;2018K4;total;546;2094.0
1784;2019K1;total;511;1961.0
1784;2019K2;total;684;2624.0
1784;2019K3;total;645;2475.0
1784;2019K4;total;541;2076.0
1784;2020K1;total;509;1959.0
1784;2020K2;total;512;1970.0
1784;2020K3;total;621;2390.0
1784;2020K4;total;542;2086.0
1784;2021K1;total;575;2221.0
1784;2021K2;total;496;1916.0
1784;2021K3;total;655;2530.0
1784;2021K4;total;480;1854.0
1784;2022K1;total;534;2066.0
1784;2022K2;total;642;2484.0
1784;2022K3;total;581;2248.0
1784;2022K4;total;496;1919.0
1784;2023K1;total;354;1374.0
1784;2023K2;total;427;1658.0
1784;2023K3;total;392;1522.0
1784;2023K4;total;400;1553.0
1784;2024K1;total;359;1401.0
1784;2024K2;total;495;1932.0
1784;2024K3;total;540;2107.0
1784;2024K4;total;440;1717.0
1784;2025K1;total;385;1511.0
1784;2025K2;total;475;1864.0
1784;2025K3;total;558;2190.0
1784;2025K4;total;610;2394.0
1784;2026 prel.K1;total;531;2090.0
1784;2026 prel.K2;total;510;2007.0
1785;2014K1;total;338;2208.0
1785;2014K2;total;377;2463.0
1785;2015K1;total;333;2169.0
1785;2015K2;total;364;2371.0
1785;2015K3;total;486;3166.0
1785;2015K4;total;352;2293.0
1785;2016K1;total;299;1929.0
1785;2016K2;total;359;2316.0
1785;2016K3;total;429;2768.0
1785;2016K4;total;353;2277.0
1785;2017K1;total;309;1971.0
1785;2017K2;total;319;2034.0
1785;2017K3;total;395;2519.0
1785;2017K4;total;383;2443.0
1785;2018K1;total;312;1989.0
1785;2018K2;total;362;2308.0
1785;2018K3;total;395;2518.0
1785;2018K4;total;317;2021.0
1785;2019K1;total;258;1659.0
1785;2019K2;total;362;2328.0
1785;2019K3;total;296;1904.0
1785;2019K4;total;326;2097.0
1785;2020K1;total;414;2682.0
1785;2020K2;total;372;2410.0
1785;2020K3;total;345;2235.0
1785;2020K4;total;378;2449.0
1785;2021K1;total;284;1843.0
1785;2021K2;total;297;1928.0
1785;2021K3;total;333;2161.0
1785;2021K4;total;367;2382.0
1785;2022K1;total;322;2102.0
1785;2022K2;total;464;3029.0
1785;2022K3;total;421;2748.0
1785;2022K4;total;359;2343.0
1785;2023K1;total;348;2301.0
1785;2023K2;total;484;3200.0
1785;2023K3;total;483;3193.0
1785;2023K4;total;424;2803.0
1785;2024K1;total;329;2198.0
1785;2024K2;total;375;2506.0
1785;2024K3;total;438;2927.0
1785;2024K4;total;279;1864.0
1785;2025K1;total;231;1558.0
1785;2025K2;total;347;2340.0
1785;2025K3;total;445;3001.0
1785;2025K4;total;295;1990.0
1785;2026 prel.K1;total;288;1952.0
1785;2026 prel.K2;total;373;2528.0
1814;2014K1;total;95;1297.0
1814;2014K2;total;112;1529.0
1814;2015K1;total;94;1266.0
1814;2015K2;total;92;1239.0
1814;2015K3;total;98;1319.0
1814;2015K4;total;118;1589.0
1814;2016K1;total;59;780.0
1814;2016K2;total;56;740.0
1814;2016K3;total;70;925.0
1814;2016K4;total;50;661.0
1814;2017K1;total;106;1367.0
1814;2017K2;total;87;1122.0
1814;2017K3;total;97;1251.0
1814;2017K4;total;78;1006.0
1814;2018K1;total;83;1039.0
1814;2018K2;total;93;1164.0
1814;2018K3;total;77;963.0
1814;2018K4;total;63;788.0
1814;2019K1;total;75;917.0
1814;2019K2;total;73;893.0
1814;2019K3;total;94;1150.0
1814;2019K4;total;57;697.0
1814;2020K1;total;82;982.0
1814;2020K2;total;142;1700.0
1814;2020K3;total;116;1389.0
1814;2020K4;total;80;958.0
1814;2021K1;total;109;1277.0
1814;2021K2;total;123;1441.0
1814;2021K3;total;157;1839.0
1814;2021K4;total;104;1218.0
1814;2022K1;total;107;1233.0
1814;2022K2;total;120;1383.0
1814;2022K3;total;211;2431.0
1814;2022K4;total;168;1936.0
1814;2023K1;total;95;1094.0
1814;2023K2;total;97;1117.0
1814;2023K3;total;121;1394.0
1814;2023K4;total;91;1048.0
1814;2024K1;total;62;721.0
1814;2024K2;total;113;1314.0
1814;2024K3;total;100;1163.0
1814;2024K4;total;96;1117.0
1814;2025K1;total;79;918.0
1814;2025K2;total;102;1185.0
1814;2025K3;total;123;1429.0
1814;2025K4;total;112;1301.0
1814;2026 prel.K1;total;98;1138.0
1814;2026 prel.K2;total;121;1406.0
1860;2014K1;total;105;1868.0
1860;2014K2;total;203;3611.0
1860;2015K1;total;172;3039.0
1860;2015K2;total;286;5053.0
1860;2015K3;total;230;4064.0
1860;2015K4;total;180;3180.0
1860;2016K1;total;133;2341.0
1860;2016K2;total;160;2816.0
1860;2016K3;total;243;4276.0
1860;2016K4;total;140;2464.0
1860;2017K1;total;129;2273.0
1860;2017K2;total;124;2185.0
1860;2017K3;total;131;2308.0
1860;2017K4;total;125;2202.0
1860;2018K1;total;94;1667.0
1860;2018K2;total;106;1879.0
1860;2018K3;total;113;2004.0
1860;2018K4;total;136;2411.0
1860;2019K1;total;127;2244.0
1860;2019K2;total;86;1519.0
1860;2019K3;total;132;2332.0
1860;2019K4;total;115;2032.0
1860;2020K1;total;124;2187.0
1860;2020K2;total;145;2557.0
1860;2020K3;total;173;3051.0
1860;2020K4;total;89;1569.0
1860;2021K1;total;117;2082.0
1860;2021K2;total;189;3363.0
1860;2021K3;total;126;2242.0
1860;2021K4;total;117;2082.0
1860;2022K1;total;118;2115.0
1860;2022K2;total;137;2456.0
1860;2022K3;total;186;3334.0
1860;2022K4;total;201;3603.0
1860;2023K1;total;148;2673.0
1860;2023K2;total;218;3938.0
1860;2023K3;total;127;2294.0
1860;2023K4;total;139;2511.0
1860;2024K1;total;117;2138.0
1860;2024K2;total;161;2941.0
1860;2024K3;total;193;3526.0
1860;2024K4;total;138;2521.0
1860;2025K1;total;140;2588.0
1860;2025K2;total;174;3216.0
1860;2025K3;total;140;2588.0
1860;2025K4;total;141;2606.0
1860;2026 prel.K1;total;92;1705.0
1860;2026 prel.K2;total;136;2520.0
1861;2014K1;total;390;2551.0
1861;2014K2;total;385;2518.0
1861;2015K1;total;451;2926.0
1861;2015K2;total;426;2764.0
1861;2015K3;total;455;2952.0
1861;2015K4;total;379;2459.0
1861;2016K1;total;416;2670.0
1861;2016K2;total;449;2882.0
1861;2016K3;total;479;3075.0
1861;2016K4;total;900;5777.0
1861;2017K1;total;478;3027.0
1861;2017K2;total;442;2799.0
1861;2017K3;total;477;3021.0
1861;2017K4;total;464;2938.0
1861;2018K1;total;356;2233.0
1861;2018K2;total;440;2760.0
1861;2018K3;total;356;2233.0
1861;2018K4;total;446;2797.0
1861;2019K1;total;346;2170.0
1861;2019K2;total;307;1926.0
1861;2019K3;total;331;2076.0
1861;2019K4;total;334;2095.0
1861;2020K1;total;351;2199.0
1861;2020K2;total;465;2913.0
1861;2020K3;total;424;2656.0
1861;2020K4;total;378;2368.0
1861;2021K1;total;417;2591.0
1861;2021K2;total;424;2635.0
1861;2021K3;total;458;2846.0
1861;2021K4;total;404;2510.0
1861;2022K1;total;377;2321.0
1861;2022K2;total;426;2623.0
1861;2022K3;total;453;2789.0
1861;2022K4;total;436;2684.0
1861;2023K1;total;405;2491.0
1861;2023K2;total;400;2460.0
1861;2023K3;total;404;2484.0
1861;2023K4;total;390;2398.0
1861;2024K1;total;390;2411.0
1861;2024K2;total;531;3282.0
1861;2024K3;total;480;2967.0
1861;2024K4;total;454;2806.0
1861;2025K1;total;642;3987.0
1861;2025K2;total;629;3907.0
1861;2025K3;total;555;3447.0
1861;2025K4;total;534;3317.0
1861;2026 prel.K1;total;394;2450.0
1861;2026 prel.K2;total;476;2960.0
1862;2014K1;total;167;1755.0
1862;2014K2;total;212;2228.0
1862;2015K1;total;208;2181.0
1862;2015K2;total;305;3198.0
1862;2015K3;total;195;2045.0
1862;2015K4;total;185;1940.0
1862;2016K1;total;157;1640.0
1862;2016K2;total;194;2026.0
1862;2016K3;total;223;2329.0
1862;2016K4;total;218;2277.0
1862;2017K1;total;204;2117.0
1862;2017K2;total;195;2023.0
1862;2017K3;total;183;1899.0
1862;2017K4;total;184;1909.0
1862;2018K1;total;155;1603.0
1862;2018K2;total;187;1935.0
1862;2018K3;total;247;2555.0
1862;2018K4;total;230;2379.0
1862;2019K1;total;263;2721.0
1862;2019K2;total;207;2142.0
1862;2019K3;total;252;2607.0
1862;2019K4;total;216;2235.0
1862;2020K1;total;178;1845.0
1862;2020K2;total;268;2778.0
1862;2020K3;total;259;2684.0
1862;2020K4;total;249;2581.0
1862;2021K1;total;261;2724.0
1862;2021K2;total;249;2598.0
1862;2021K3;total;220;2296.0
1862;2021K4;total;271;2828.0
1862;2022K1;total;202;2119.0
1862;2022K2;total;261;2738.0
1862;2022K3;total;262;2749.0
1862;2022K4;total;319;3347.0
1862;2023K1;total;184;1948.0
1862;2023K2;total;260;2753.0
1862;2023K3;total;424;4490.0
1862;2023K4;total;258;2732.0
1862;2024K1;total;196;2102.0
1862;2024K2;total;291;3121.0
1862;2024K3;total;238;2553.0
1862;2024K4;total;769;8248.0
1862;2025K1;total;217;2344.0
1862;2025K2;total;371;4008.0
1862;2025K3;total;317;3424.0
1862;2025K4;total;400;4321.0
1862;2026 prel.K1;total;192;2079.0
1862;2026 prel.K2;total;202;2187.0
1863;2014K1;total;130;1868.0
1863;2014K2;total;148;2127.0
1863;2015K1;total;150;2148.0
1863;2015K2;total;206;2950.0
1863;2015K3;total;164;2348.0
1863;2015K4;total;431;6171.0
1863;2016K1;total;195;2752.0
1863;2016K2;total;147;2075.0
1863;2016K3;total;202;2851.0
1863;2016K4;total;140;1976.0
1863;2017K1;total;102;1432.0
1863;2017K2;total;140;1965.0
1863;2017K3;total;104;1460.0
1863;2017K4;total;104;1460.0
1863;2018K1;total;114;1618.0
1863;2018K2;total;138;1959.0
1863;2018K3;total;156;2214.0
1863;2018K4;total;101;1433.0
1863;2019K1;total;101;1443.0
1863;2019K2;total;145;2072.0
1863;2019K3;total;118;1686.0
1863;2019K4;total;125;1786.0
1863;2020K1;total;167;2401.0
1863;2020K2;total;213;3063.0
1863;2020K3;total;223;3207.0
1863;2020K4;total;182;2617.0
1863;2021K1;total;194;2823.0
1863;2021K2;total;126;1833.0
1863;2021K3;total;191;2779.0
1863;2021K4;total;180;2619.0
1863;2022K1;total;236;3495.0
1863;2022K2;total;154;2281.0
1863;2022K3;total;122;1807.0
1863;2022K4;total;124;1836.0
1863;2023K1;total;88;1338.0
1863;2023K2;total;162;2464.0
1863;2023K3;total;100;1521.0
1863;2023K4;total;100;1521.0
1863;2024K1;total;87;1356.0
1863;2024K2;total;89;1387.0
1863;2024K3;total;109;1699.0
1863;2024K4;total;121;1886.0
1863;2025K1;total;90;1430.0
1863;2025K2;total;132;2097.0
1863;2025K3;total;128;2033.0
1863;2025K4;total;116;1843.0
1863;2026 prel.K1;total;108;1723.0
1863;2026 prel.K2;total;144;2297.0
1864;2014K1;total;153;3126.0
1864;2014K2;total;149;3045.0
1864;2015K1;total;136;2764.0
1864;2015K2;total;163;3313.0
1864;2015K3;total;218;4430.0
1864;2015K4;total;122;2479.0
1864;2016K1;total;212;4268.0
1864;2016K2;total;174;3503.0
1864;2016K3;total;211;4248.0
1864;2016K4;total;186;3745.0
1864;2017K1;total;150;3016.0
1864;2017K2;total;140;2815.0
1864;2017K3;total;189;3800.0
1864;2017K4;total;149;2996.0
1864;2018K1;total;108;2207.0
1864;2018K2;total;206;4209.0
1864;2018K3;total;201;4107.0
1864;2018K4;total;166;3392.0
1864;2019K1;total;138;2870.0
1864;2019K2;total;150;3119.0
1864;2019K3;total;134;2787.0
1864;2019K4;total;198;4118.0
1864;2020K1;total;183;3875.0
1864;2020K2;total;180;3812.0
1864;2020K3;total;317;6713.0
1864;2020K4;total;191;4044.0
1864;2021K1;total;193;4160.0
1864;2021K2;total;199;4290.0
1864;2021K3;total;217;4678.0
1864;2021K4;total;179;3859.0
1864;2022K1;total;116;2544.0
1864;2022K2;total;128;2807.0
1864;2022K3;total;127;2785.0
1864;2022K4;total;113;2478.0
1864;2023K1;total;185;4146.0
1864;2023K2;total;182;4079.0
1864;2023K3;total;190;4258.0
1864;2023K4;total;84;1883.0
1864;2024K1;total;99;2257.0
1864;2024K2;total;125;2850.0
1864;2024K3;total;116;2645.0
1864;2024K4;total;123;2805.0
1864;2025K1;total;123;2841.0
1864;2025K2;total;147;3395.0
1864;2025K3;total;180;4158.0
1864;2025K4;total;114;2633.0
1864;2026 prel.K1;total;142;3310.0
1864;2026 prel.K2;total;222;5175.0
1880;2014K1;total;4460;3150.0
1880;2014K2;total;5540;3912.0
1880;2015K1;total;4510;3145.0
1880;2015K2;total;5359;3737.0
1880;2015K3;total;5728;3994.0
1880;2015K4;total;5079;3542.0
1880;2016K1;total;4980;3425.0
1880;2016K2;total;5586;3841.0
1880;2016K3;total;5413;3722.0
1880;2016K4;total;5081;3494.0
1880;2017K1;total;4383;2952.0
1880;2017K2;total;5489;3697.0
1880;2017K3;total;5357;3608.0
1880;2017K4;total;5191;3497.0
1880;2018K1;total;4497;2962.0
1880;2018K2;total;4950;3260.0
1880;2018K3;total;5119;3372.0
1880;2018K4;total;4675;3079.0
1880;2019K1;total;4183;2707.0
1880;2019K2;total;5291;3424.0
1880;2019K3;total;5513;3568.0
1880;2019K4;total;5773;3736.0
1880;2020K1;total;5477;3510.0
1880;2020K2;total;5053;3238.0
1880;2020K3;total;6013;3854.0
1880;2020K4;total;6203;3975.0
1880;2021K1;total;5361;3422.0
1880;2021K2;total;5979;3816.0
1880;2021K3;total;6186;3948.0
1880;2021K4;total;5534;3532.0
1880;2022K1;total;5319;3377.0
1880;2022K2;total;6117;3883.0
1880;2022K3;total;5670;3599.0
1880;2022K4;total;5269;3345.0
1880;2023K1;total;4918;3099.0
1880;2023K2;total;5947;3747.0
1880;2023K3;total;5762;3631.0
1880;2023K4;total;5096;3211.0
1880;2024K1;total;4784;2994.0
1880;2024K2;total;5528;3460.0
1880;2024K3;total;6139;3842.0
1880;2024K4;total;5728;3585.0
1880;2025K1;total;5620;3503.0
1880;2025K2;total;6128;3820.0
1880;2025K3;total;5577;3477.0
1880;2025K4;total;4996;3114.0
1880;2026 prel.K1;total;4391;2733.0
1880;2026 prel.K2;total;5519;3435.0
1881;2014K1;total;589;2810.0
1881;2014K2;total;680;3244.0
1881;2015K1;total;528;2504.0
1881;2015K2;total;543;2575.0
1881;2015K3;total;592;2808.0
1881;2015K4;total;605;2869.0
1881;2016K1;total;535;2518.0
1881;2016K2;total;535;2518.0
1881;2016K3;total;700;3295.0
1881;2016K4;total;530;2495.0
1881;2017K1;total;575;2684.0
1881;2017K2;total;514;2400.0
1881;2017K3;total;639;2983.0
1881;2017K4;total;476;2222.0
1881;2018K1;total;441;2044.0
1881;2018K2;total;490;2271.0
1881;2018K3;total;502;2327.0
1881;2018K4;total;476;2206.0
1881;2019K1;total;397;1830.0
1881;2019K2;total;581;2679.0
1881;2019K3;total;497;2291.0
1881;2019K4;total;617;2845.0
1881;2020K1;total;598;2743.0
1881;2020K2;total;661;3032.0
1881;2020K3;total;725;3326.0
1881;2020K4;total;564;2587.0
1881;2021K1;total;579;2631.0
1881;2021K2;total;661;3004.0
1881;2021K3;total;659;2995.0
1881;2021K4;total;670;3045.0
1881;2022K1;total;644;2886.0
1881;2022K2;total;801;3590.0
1881;2022K3;total;697;3124.0
1881;2022K4;total;635;2846.0
1881;2023K1;total;464;2062.0
1881;2023K2;total;647;2876.0
1881;2023K3;total;562;2498.0
1881;2023K4;total;452;2009.0
1881;2024K1;total;566;2505.0
1881;2024K2;total;550;2434.0
1881;2024K3;total;583;2580.0
1881;2024K4;total;656;2903.0
1881;2025K1;total;478;2108.0
1881;2025K2;total;645;2845.0
1881;2025K3;total;570;2514.0
1881;2025K4;total;528;2329.0
1881;2026 prel.K1;total;546;2409.0
1881;2026 prel.K2;total;481;2122.0
1882;2014K1;total;199;1792.0
1882;2014K2;total;235;2116.0
1882;2015K1;total;190;1706.0
1882;2015K2;total;242;2173.0
1882;2015K3;total;380;3413.0
1882;2015K4;total;362;3251.0
1882;2016K1;total;268;2389.0
1882;2016K2;total;302;2692.0
1882;2016K3;total;315;2808.0
1882;2016K4;total;238;2122.0
1882;2017K1;total;228;2031.0
1882;2017K2;total;218;1941.0
1882;2017K3;total;205;1826.0
1882;2017K4;total;201;1790.0
1882;2018K1;total;107;952.0
1882;2018K2;total;205;1823.0
1882;2018K3;total;234;2081.0
1882;2018K4;total;152;1352.0
1882;2019K1;total;150;1322.0
1882;2019K2;total;184;1622.0
1882;2019K3;total;194;1710.0
1882;2019K4;total;215;1895.0
1882;2020K1;total;186;1628.0
1882;2020K2;total;219;1917.0
1882;2020K3;total;293;2565.0
1882;2020K4;total;214;1873.0
1882;2021K1;total;155;1348.0
1882;2021K2;total;255;2217.0
1882;2021K3;total;258;2243.0
1882;2021K4;total;194;1687.0
1882;2022K1;total;179;1554.0
1882;2022K2;total;269;2336.0
1882;2022K3;total;251;2180.0
1882;2022K4;total;242;2102.0
1882;2023K1;total;164;1428.0
1882;2023K2;total;204;1776.0
1882;2023K3;total;216;1880.0
1882;2023K4;total;201;1750.0
1882;2024K1;total;148;1290.0
1882;2024K2;total;320;2789.0
1882;2024K3;total;206;1795.0
1882;2024K4;total;194;1691.0
1882;2025K1;total;195;1706.0
1882;2025K2;total;272;2380.0
1882;2025K3;total;225;1969.0
1882;2025K4;total;152;1330.0
1882;2026 prel.K1;total;161;1415.0
1882;2026 prel.K2;total;317;2785.0
1883;2014K1;total;826;2763.0
1883;2014K2;total;908;3038.0
1883;2015K1;total;782;2592.0
1883;2015K2;total;968;3209.0
1883;2015K3;total;795;2635.0
1883;2015K4;total;983;3258.0
1883;2016K1;total;783;2575.0
1883;2016K2;total;890;2927.0
1883;2016K3;total;831;2733.0
1883;2016K4;total;841;2765.0
1883;2017K1;total;882;2894.0
1883;2017K2;total;965;3166.0
1883;2017K3;total;943;3094.0
1883;2017K4;total;868;2848.0
1883;2018K1;total;623;2048.0
1883;2018K2;total;713;2344.0
1883;2018K3;total;810;2663.0
1883;2018K4;total;743;2443.0
1883;2019K1;total;866;2849.0
1883;2019K2;total;922;3033.0
1883;2019K3;total;850;2796.0
1883;2019K4;total;707;2326.0
1883;2020K1;total;763;2516.0
1883;2020K2;total;832;2744.0
1883;2020K3;total;882;2909.0
1883;2020K4;total;896;2955.0
1883;2021K1;total;935;3081.0
1883;2021K2;total;910;2998.0
1883;2021K3;total;1011;3331.0
1883;2021K4;total;900;2965.0
1883;2022K1;total;617;2032.0
1883;2022K2;total;778;2563.0
1883;2022K3;total;949;3126.0
1883;2022K4;total;873;2876.0
1883;2023K1;total;863;2851.0
1883;2023K2;total;923;3049.0
1883;2023K3;total;799;2640.0
1883;2023K4;total;827;2732.0
1883;2024K1;total;618;2045.0
1883;2024K2;total;784;2595.0
1883;2024K3;total;811;2684.0
1883;2024K4;total;787;2605.0
1883;2025K1;total;641;2126.0
1883;2025K2;total;852;2825.0
1883;2025K3;total;834;2766.0
1883;2025K4;total;856;2839.0
1883;2026 prel.K1;total;697;2313.0
1883;2026 prel.K2;total;855;2838.0
1884;2014K1;total;159;1532.0
1884;2014K2;total;213;2053.0
1884;2015K1;total;176;1688.0
1884;2015K2;total;228;2187.0
1884;2015K3;total;199;1909.0
1884;2015K4;total;164;1573.0
1884;2016K1;total;164;1550.0
1884;2016K2;total;190;1795.0
1884;2016K3;total;236;2230.0
1884;2016K4;total;194;1833.0
1884;2017K1;total;173;1616.0
1884;2017K2;total;187;1747.0
1884;2017K3;total;238;2223.0
1884;2017K4;total;122;1140.0
1884;2018K1;total;98;912.0
1884;2018K2;total;133;1238.0
1884;2018K3;total;198;1843.0
1884;2018K4;total;125;1164.0
1884;2019K1;total;106;988.0
1884;2019K2;total;187;1743.0
1884;2019K3;total;157;1463.0
1884;2019K4;total;146;1360.0
1884;2020K1;total;225;2102.0
1884;2020K2;total;155;1448.0
1884;2020K3;total;174;1625.0
1884;2020K4;total;185;1728.0
1884;2021K1;total;176;1644.0
1884;2021K2;total;213;1990.0
1884;2021K3;total;195;1822.0
1884;2021K4;total;139;1299.0
1884;2022K1;total;198;1849.0
1884;2022K2;total;155;1447.0
1884;2022K3;total;139;1298.0
1884;2022K4;total;128;1195.0
1884;2023K1;total;128;1200.0
1884;2023K2;total;115;1078.0
1884;2023K3;total;198;1857.0
1884;2023K4;total;181;1697.0
1884;2024K1;total;139;1308.0
1884;2024K2;total;148;1393.0
1884;2024K3;total;175;1647.0
1884;2024K4;total;529;4978.0
1884;2025K1;total;217;2043.0
1884;2025K2;total;172;1619.0
1884;2025K3;total;202;1902.0
1884;2025K4;total;186;1751.0
1884;2026 prel.K1;total;161;1518.0
1884;2026 prel.K2;total;205;1933.0
1885;2014K1;total;736;3169.0
1885;2014K2;total;582;2506.0
1885;2015K1;total;528;2255.0
1885;2015K2;total;686;2930.0
1885;2015K3;total;621;2652.0
1885;2015K4;total;602;2571.0
1885;2016K1;total;555;2346.0
1885;2016K2;total;720;3044.0
1885;2016K3;total;741;3133.0
1885;2016K4;total;552;2334.0
1885;2017K1;total;595;2513.0
1885;2017K2;total;492;2078.0
1885;2017K3;total;584;2466.0
1885;2017K4;total;463;1955.0
1885;2018K1;total;445;1886.0
1885;2018K2;total;540;2289.0
1885;2018K3;total;529;2242.0
1885;2018K4;total;399;1691.0
1885;2019K1;total;401;1700.0
1885;2019K2;total;486;2061.0
1885;2019K3;total;508;2154.0
1885;2019K4;total;427;1811.0
1885;2020K1;total;442;1871.0
1885;2020K2;total;468;1981.0
1885;2020K3;total;497;2104.0
1885;2020K4;total;462;1956.0
1885;2021K1;total;466;1972.0
1885;2021K2;total;497;2103.0
1885;2021K3;total;499;2112.0
1885;2021K4;total;430;1820.0
1885;2022K1;total;394;1675.0
1885;2022K2;total;549;2334.0
1885;2022K3;total;750;3189.0
1885;2022K4;total;466;1981.0
1885;2023K1;total;488;2089.0
1885;2023K2;total;521;2230.0
1885;2023K3;total;538;2303.0
1885;2023K4;total;513;2196.0
1885;2024K1;total;406;1748.0
1885;2024K2;total;520;2238.0
1885;2024K3;total;608;2617.0
1885;2024K4;total;533;2294.0
1885;2025K1;total;453;1963.0
1885;2025K2;total;535;2318.0
1885;2025K3;total;486;2106.0
1885;2025K4;total;513;2223.0
1885;2026 prel.K1;total;503;2186.0
1885;2026 prel.K2;total;618;2685.0
1904;2014K1;total;116;2623.0
1904;2014K2;total;141;3188.0
1904;2015K1;total;88;1976.0
1904;2015K2;total;71;1594.0
1904;2015K3;total;102;2291.0
1904;2015K4;total;136;3054.0
1904;2016K1;total;130;2921.0
1904;2016K2;total;89;2000.0
1904;2016K3;total;125;2809.0
1904;2016K4;total;113;2539.0
1904;2017K1;total;103;2325.0
1904;2017K2;total;127;2867.0
1904;2017K3;total;147;3318.0
1904;2017K4;total;142;3205.0
1904;2018K1;total;105;2370.0
1904;2018K2;total;100;2257.0
1904;2018K3;total;127;2867.0
1904;2018K4;total;141;3183.0
1904;2019K1;total;110;2494.0
1904;2019K2;total;176;3990.0
1904;2019K3;total;179;4058.0
1904;2019K4;total;146;3310.0
1904;2020K1;total;157;3585.0
1904;2020K2;total;206;4704.0
1904;2020K3;total;148;3379.0
1904;2020K4;total;137;3128.0
1904;2021K1;total;88;2014.0
1904;2021K2;total;87;1992.0
1904;2021K3;total;160;3663.0
1904;2021K4;total;138;3159.0
1904;2022K1;total;100;2280.0
1904;2022K2;total;125;2850.0
1904;2022K3;total;137;3123.0
1904;2022K4;total;135;3078.0
1904;2023K1;total;117;2674.0
1904;2023K2;total;110;2514.0
1904;2023K3;total;144;3291.0
1904;2023K4;total;149;3406.0
1904;2024K1;total;159;3690.0
1904;2024K2;total;137;3179.0
1904;2024K3;total;153;3550.0
1904;2024K4;total;116;2692.0
1904;2025K1;total;117;2756.0
1904;2025K2;total;104;2450.0
1904;2025K3;total;123;2898.0
1904;2025K4;total;102;2403.0
1904;2026 prel.K1;total;116;2740.0
1904;2026 prel.K2;total;139;3283.0
1907;2014K1;total;207;2096.0
1907;2014K2;total;293;2967.0
1907;2015K1;total;210;2110.0
1907;2015K2;total;281;2824.0
1907;2015K3;total;188;1889.0
1907;2015K4;total;223;2241.0
1907;2016K1;total;227;2265.0
1907;2016K2;total;255;2544.0
1907;2016K3;total;256;2554.0
1907;2016K4;total;167;1666.0
1907;2017K1;total;181;1801.0
1907;2017K2;total;215;2140.0
1907;2017K3;total;188;1871.0
1907;2017K4;total;157;1563.0
1907;2018K1;total;158;1570.0
1907;2018K2;total;279;2773.0
1907;2018K3;total;267;2653.0
1907;2018K4;total;366;3637.0
1907;2019K1;total;282;2793.0
1907;2019K2;total;227;2248.0
1907;2019K3;total;204;2020.0
1907;2019K4;total;221;2189.0
1907;2020K1;total;271;2683.0
1907;2020K2;total;249;2466.0
1907;2020K3;total;234;2317.0
1907;2020K4;total;251;2485.0
1907;2021K1;total;211;2090.0
1907;2021K2;total;186;1842.0
1907;2021K3;total;208;2060.0
1907;2021K4;total;180;1783.0
1907;2022K1;total;174;1729.0
1907;2022K2;total;167;1659.0
1907;2022K3;total;222;2205.0
1907;2022K4;total;249;2474.0
1907;2023K1;total;343;3436.0
1907;2023K2;total;279;2795.0
1907;2023K3;total;278;2785.0
1907;2023K4;total;284;2845.0
1907;2024K1;total;185;1872.0
1907;2024K2;total;306;3097.0
1907;2024K3;total;213;2155.0
1907;2024K4;total;235;2378.0
1907;2025K1;total;214;2186.0
1907;2025K2;total;189;1931.0
1907;2025K3;total;239;2442.0
1907;2025K4;total;236;2411.0
1907;2026 prel.K1;total;180;1849.0
1907;2026 prel.K2;total;193;1983.0
1960;2014K1;total;191;2323.0
1960;2014K2;total;195;2372.0
1960;2015K1;total;163;1962.0
1960;2015K2;total;165;1987.0
1960;2015K3;total;151;1818.0
1960;2015K4;total;181;2179.0
1960;2016K1;total;137;1633.0
1960;2016K2;total;193;2301.0
1960;2016K3;total;115;1371.0
1960;2016K4;total;159;1896.0
1960;2017K1;total;126;1479.0
1960;2017K2;total;151;1773.0
1960;2017K3;total;136;1597.0
1960;2017K4;total;132;1550.0
1960;2018K1;total;164;1899.0
1960;2018K2;total;183;2119.0
1960;2018K3;total;154;1783.0
1960;2018K4;total;124;1436.0
1960;2019K1;total;128;1476.0
1960;2019K2;total;192;2214.0
1960;2019K3;total;172;1984.0
1960;2019K4;total;187;2157.0
1960;2020K1;total;161;1848.0
1960;2020K2;total;164;1883.0
1960;2020K3;total;166;1906.0
1960;2020K4;total;134;1538.0
1960;2021K1;total;137;1563.0
1960;2021K2;total;130;1483.0
1960;2021K3;total;136;1551.0
1960;2021K4;total;155;1768.0
1960;2022K1;total;104;1185.0
1960;2022K2;total;138;1573.0
1960;2022K3;total;143;1630.0
1960;2022K4;total;143;1630.0
1960;2023K1;total;151;1735.0
1960;2023K2;total;170;1953.0
1960;2023K3;total;197;2264.0
1960;2023K4;total;150;1724.0
1960;2024K1;total;103;1190.0
1960;2024K2;total;204;2356.0
1960;2024K3;total;171;1975.0
1960;2024K4;total;243;2807.0
1960;2025K1;total;214;2482.0
1960;2025K2;total;192;2227.0
1960;2025K3;total;159;1844.0
1960;2025K4;total;194;2250.0
1960;2026 prel.K1;total;183;2140.0
1960;2026 prel.K2;total;198;2316.0
1961;2014K1;total;493;3168.0
1961;2014K2;total;410;2635.0
1961;2015K1;total;295;1889.0
1961;2015K2;total;356;2279.0
1961;2015K3;total;414;2650.0
1961;2015K4;total;358;2292.0
1961;2016K1;total;359;2280.0
1961;2016K2;total;401;2547.0
1961;2016K3;total;450;2858.0
1961;2016K4;total;390;2477.0
1961;2017K1;total;671;4215.0
1961;2017K2;total;412;2588.0
1961;2017K3;total;431;2707.0
1961;2017K4;total;305;1916.0
1961;2018K1;total;1121;6966.0
1961;2018K2;total;338;2100.0
1961;2018K3;total;357;2218.0
1961;2018K4;total;348;2163.0
1961;2019K1;total;391;2404.0
1961;2019K2;total;379;2330.0
1961;2019K3;total;411;2527.0
1961;2019K4;total;342;2103.0
1961;2020K1;total;390;2382.0
1961;2020K2;total;375;2290.0
1961;2020K3;total;380;2321.0
1961;2020K4;total;377;2303.0
1961;2021K1;total;390;2363.0
1961;2021K2;total;521;3157.0
1961;2021K3;total;376;2278.0
1961;2021K4;total;313;1897.0
1961;2022K1;total;309;1855.0
1961;2022K2;total;342;2053.0
1961;2022K3;total;389;2335.0
1961;2022K4;total;384;2305.0
1961;2023K1;total;433;2596.0
1961;2023K2;total;533;3195.0
1961;2023K3;total;437;2620.0
1961;2023K4;total;458;2745.0
1961;2024K1;total;420;2522.0
1961;2024K2;total;470;2822.0
1961;2024K3;total;399;2395.0
1961;2024K4;total;407;2443.0
1961;2025K1;total;344;2069.0
1961;2025K2;total;504;3031.0
1961;2025K3;total;539;3242.0
1961;2025K4;total;472;2839.0
1961;2026 prel.K1;total;414;2494.0
1961;2026 prel.K2;total;456;2747.0
1962;2014K1;total;107;1889.0
1962;2014K2;total;216;3814.0
1962;2015K1;total;168;2916.0
1962;2015K2;total;248;4305.0
1962;2015K3;total;185;3211.0
1962;2015K4;total;210;3645.0
1962;2016K1;total;188;3242.0
1962;2016K2;total;177;3052.0
1962;2016K3;total;130;2242.0
1962;2016K4;total;174;3001.0
1962;2017K1;total;186;3209.0
1962;2017K2;total;168;2899.0
1962;2017K3;total;186;3209.0
1962;2017K4;total;118;2036.0
1962;2018K1;total;114;1967.0
1962;2018K2;total;189;3261.0
1962;2018K3;total;173;2985.0
1962;2018K4;total;149;2571.0
1962;2019K1;total;176;3065.0
1962;2019K2;total;143;2490.0
1962;2019K3;total;235;4092.0
1962;2019K4;total;143;2490.0
1962;2020K1;total;117;2049.0
1962;2020K2;total;174;3048.0
1962;2020K3;total;172;3013.0
1962;2020K4;total;129;2259.0
1962;2021K1;total;140;2447.0
1962;2021K2;total;219;3828.0
1962;2021K3;total;155;2709.0
1962;2021K4;total;115;2010.0
1962;2022K1;total;137;2416.0
1962;2022K2;total;151;2663.0
1962;2022K3;total;158;2786.0
1962;2022K4;total;171;3016.0
1962;2023K1;total;140;2513.0
1962;2023K2;total;177;3177.0
1962;2023K3;total;252;4523.0
1962;2023K4;total;118;2118.0
1962;2024K1;total;129;2352.0
1962;2024K2;total;213;3884.0
1962;2024K3;total;151;2753.0
1962;2024K4;total;164;2991.0
1962;2025K1;total;149;2758.0
1962;2025K2;total;140;2592.0
1962;2025K3;total;207;3832.0
1962;2025K4;total;180;3332.0
1962;2026 prel.K1;total;204;3812.0
1962;2026 prel.K2;total;145;2710.0
1980;2014K1;total;4328;3028.0
1980;2014K2;total;5116;3580.0
1980;2015K1;total;4141;2867.0
1980;2015K2;total;4820;3337.0
1980;2015K3;total;5372;3719.0
1980;2015K4;total;4715;3264.0
1980;2016K1;total;4114;2812.0
1980;2016K2;total;4232;2892.0
1980;2016K3;total;4543;3105.0
1980;2016K4;total;5496;3756.0
1980;2017K1;total;4524;3041.0
1980;2017K2;total;5244;3525.0
1980;2017K3;total;5699;3831.0
1980;2017K4;total;5827;3917.0
1980;2018K1;total;4702;3112.0
1980;2018K2;total;5131;3396.0
1980;2018K3;total;5815;3848.0
1980;2018K4;total;5588;3698.0
1980;2019K1;total;4561;2980.0
1980;2019K2;total;5741;3751.0
1980;2019K3;total;5675;3708.0
1980;2019K4;total;4952;3235.0
1980;2020K1;total;4772;3083.0
1980;2020K2;total;5128;3313.0
1980;2020K3;total;6183;3994.0
1980;2020K4;total;5861;3786.0
1980;2021K1;total;6071;3887.0
1980;2021K2;total;6123;3920.0
1980;2021K3;total;5775;3697.0
1980;2021K4;total;5523;3536.0
1980;2022K1;total;5043;3197.0
1980;2022K2;total;4761;3018.0
1980;2022K3;total;5702;3615.0
1980;2022K4;total;4794;3039.0
1980;2023K1;total;5257;3303.0
1980;2023K2;total;5824;3659.0
1980;2023K3;total;5744;3609.0
1980;2023K4;total;5143;3231.0
1980;2024K1;total;4947;3088.0
1980;2024K2;total;5322;3323.0
1980;2024K3;total;5753;3592.0
1980;2024K4;total;5370;3353.0
1980;2025K1;total;5260;3268.0
1980;2025K2;total;5749;3572.0
1980;2025K3;total;6030;3747.0
1980;2025K4;total;5738;3565.0
1980;2026 prel.K1;total;5191;3219.0
1980;2026 prel.K2;total;4983;3090.0
1981;2014K1;total;547;2504.0
1981;2014K2;total;618;2829.0
1981;2015K1;total;620;2816.0
1981;2015K2;total;639;2902.0
1981;2015K3;total;758;3443.0
1981;2015K4;total;717;3257.0
1981;2016K1;total;604;2717.0
1981;2016K2;total;703;3162.0
1981;2016K3;total;694;3122.0
1981;2016K4;total;759;3414.0
1981;2017K1;total;633;2814.0
1981;2017K2;total;661;2939.0
1981;2017K3;total;680;3023.0
1981;2017K4;total;679;3019.0
1981;2018K1;total;532;2341.0
1981;2018K2;total;576;2535.0
1981;2018K3;total;607;2671.0
1981;2018K4;total;555;2442.0
1981;2019K1;total;567;2481.0
1981;2019K2;total;752;3290.0
1981;2019K3;total;612;2678.0
1981;2019K4;total;707;3093.0
1981;2020K1;total;525;2295.0
1981;2020K2;total;582;2544.0
1981;2020K3;total;749;3274.0
1981;2020K4;total;681;2976.0
1981;2021K1;total;760;3314.0
1981;2021K2;total;691;3013.0
1981;2021K3;total;679;2961.0
1981;2021K4;total;609;2656.0
1981;2022K1;total;699;3041.0
1981;2022K2;total;751;3267.0
1981;2022K3;total;686;2984.0
1981;2022K4;total;724;3149.0
1981;2023K1;total;753;3286.0
1981;2023K2;total;655;2858.0
1981;2023K3;total;722;3150.0
1981;2023K4;total;656;2863.0
1981;2024K1;total;762;3334.0
1981;2024K2;total;795;3479.0
1981;2024K3;total;806;3527.0
1981;2024K4;total;643;2814.0
1981;2025K1;total;718;3160.0
1981;2025K2;total;769;3384.0
1981;2025K3;total;823;3622.0
1981;2025K4;total;774;3406.0
1981;2026 prel.K1;total;630;2788.0
1981;2026 prel.K2;total;663;2934.0
1982;2014K1;total;373;2869.0
1982;2014K2;total;422;3246.0
1982;2015K1;total;374;2831.0
1982;2015K2;total;294;2226.0
1982;2015K3;total;386;2922.0
1982;2015K4;total;382;2892.0
1982;2016K1;total;438;3277.0
1982;2016K2;total;519;3883.0
1982;2016K3;total;450;3367.0
1982;2016K4;total;399;2985.0
1982;2017K1;total;356;2651.0
1982;2017K2;total;418;3112.0
1982;2017K3;total;293;2182.0
1982;2017K4;total;404;3008.0
1982;2018K1;total;267;1987.0
1982;2018K2;total;288;2143.0
1982;2018K3;total;252;1875.0
1982;2018K4;total;307;2284.0
1982;2019K1;total;313;2331.0
1982;2019K2;total;338;2517.0
1982;2019K3;total;356;2651.0
1982;2019K4;total;332;2473.0
1982;2020K1;total;353;2648.0
1982;2020K2;total;347;2603.0
1982;2020K3;total;403;3023.0
1982;2020K4;total;485;3639.0
1982;2021K1;total;298;2242.0
1982;2021K2;total;368;2768.0
1982;2021K3;total;342;2573.0
1982;2021K4;total;438;3295.0
1982;2022K1;total;274;2056.0
1982;2022K2;total;279;2093.0
1982;2022K3;total;286;2146.0
1982;2022K4;total;361;2708.0
1982;2023K1;total;368;2771.0
1982;2023K2;total;431;3245.0
1982;2023K3;total;432;3253.0
1982;2023K4;total;371;2793.0
1982;2024K1;total;294;2234.0
1982;2024K2;total;335;2545.0
1982;2024K3;total;382;2903.0
1982;2024K4;total;367;2789.0
1982;2025K1;total;339;2609.0
1982;2025K2;total;440;3386.0
1982;2025K3;total;492;3787.0
1982;2025K4;total;424;3263.0
1982;2026 prel.K1;total;344;2664.0
1982;2026 prel.K2;total;379;2935.0
1983;2014K1;total;659;2604.0
1983;2014K2;total;693;2738.0
1983;2015K1;total;674;2647.0
1983;2015K2;total;831;3263.0
1983;2015K3;total;704;2764.0
1983;2015K4;total;624;2450.0
1983;2016K1;total;639;2481.0
1983;2016K2;total;786;3052.0
1983;2016K3;total;633;2458.0
1983;2016K4;total;662;2571.0
1983;2017K1;total;693;2662.0
1983;2017K2;total;755;2900.0
1983;2017K3;total;726;2789.0
1983;2017K4;total;718;2758.0
1983;2018K1;total;577;2203.0
1983;2018K2;total;732;2795.0
1983;2018K3;total;659;2516.0
1983;2018K4;total;701;2676.0
1983;2019K1;total;762;2904.0
1983;2019K2;total;626;2386.0
1983;2019K3;total;725;2763.0
1983;2019K4;total;673;2565.0
1983;2020K1;total;699;2673.0
1983;2020K2;total;647;2474.0
1983;2020K3;total;918;3511.0
1983;2020K4;total;805;3078.0
1983;2021K1;total;683;2616.0
1983;2021K2;total;835;3198.0
1983;2021K3;total;758;2903.0
1983;2021K4;total;751;2876.0
1983;2022K1;total;709;2714.0
1983;2022K2;total;752;2878.0
1983;2022K3;total;684;2618.0
1983;2022K4;total;639;2446.0
1983;2023K1;total;698;2680.0
1983;2023K2;total;732;2810.0
1983;2023K3;total;843;3236.0
1983;2023K4;total;708;2718.0
1983;2024K1;total;664;2564.0
1983;2024K2;total;795;3070.0
1983;2024K3;total;646;2495.0
1983;2024K4;total;724;2796.0
1983;2025K1;total;678;2641.0
1983;2025K2;total;723;2817.0
1983;2025K3;total;815;3175.0
1983;2025K4;total;760;2961.0
1983;2026 prel.K1;total;829;3237.0
1983;2026 prel.K2;total;843;3292.0
1984;2014K1;total;383;2824.0
1984;2014K2;total;402;2964.0
1984;2015K1;total;310;2255.0
1984;2015K2;total;387;2816.0
1984;2015K3;total;431;3136.0
1984;2015K4;total;291;2117.0
1984;2016K1;total;301;2169.0
1984;2016K2;total;285;2053.0
1984;2016K3;total;309;2226.0
1984;2016K4;total;291;2096.0
1984;2017K1;total;292;2098.0
1984;2017K2;total;261;1875.0
1984;2017K3;total;327;2349.0
1984;2017K4;total;333;2392.0
1984;2018K1;total;358;2551.0
1984;2018K2;total;423;3014.0
1984;2018K3;total;464;3306.0
1984;2018K4;total;427;3042.0
1984;2019K1;total;414;2934.0
1984;2019K2;total;545;3862.0
1984;2019K3;total;426;3019.0
1984;2019K4;total;415;2941.0
1984;2020K1;total;366;2603.0
1984;2020K2;total;399;2837.0
1984;2020K3;total;392;2787.0
1984;2020K4;total;365;2595.0
1984;2021K1;total;253;1798.0
1984;2021K2;total;295;2097.0
1984;2021K3;total;291;2068.0
1984;2021K4;total;308;2189.0
1984;2022K1;total;289;2051.0
1984;2022K2;total;304;2157.0
1984;2022K3;total;317;2250.0
1984;2022K4;total;308;2186.0
1984;2023K1;total;315;2243.0
1984;2023K2;total;308;2193.0
1984;2023K3;total;331;2357.0
1984;2023K4;total;416;2962.0
1984;2024K1;total;323;2308.0
1984;2024K2;total;425;3036.0
1984;2024K3;total;403;2879.0
1984;2024K4;total;361;2579.0
1984;2025K1;total;376;2694.0
1984;2025K2;total;404;2895.0
1984;2025K3;total;347;2487.0
1984;2025K4;total;297;2128.0
1984;2026 prel.K1;total;297;2132.0
1984;2026 prel.K2;total;341;2448.0
2021;2014K1;total;88;1311.0
2021;2014K2;total;103;1535.0
2021;2015K1;total;79;1178.0
2021;2015K2;total;102;1521.0
2021;2015K3;total;147;2193.0
2021;2015K4;total;107;1596.0
2021;2016K1;total;144;2118.0
2021;2016K2;total;95;1397.0
2021;2016K3;total;113;1662.0
2021;2016K4;total;87;1280.0
2021;2017K1;total;88;1283.0
2021;2017K2;total;97;1414.0
2021;2017K3;total;84;1224.0
2021;2017K4;total;102;1487.0
2021;2018K1;total;49;718.0
2021;2018K2;total;105;1539.0
2021;2018K3;total;122;1788.0
2021;2018K4;total;102;1495.0
2021;2019K1;total;74;1087.0
2021;2019K2;total;121;1778.0
2021;2019K3;total;101;1484.0
2021;2019K4;total;88;1293.0
2021;2020K1;total;123;1808.0
2021;2020K2;total;82;1205.0
2021;2020K3;total;116;1705.0
2021;2020K4;total;103;1514.0
2021;2021K1;total;73;1075.0
2021;2021K2;total;91;1341.0
2021;2021K3;total;90;1326.0
2021;2021K4;total;109;1606.0
2021;2022K1;total;122;1797.0
2021;2022K2;total;88;1296.0
2021;2022K3;total;94;1385.0
2021;2022K4;total;122;1797.0
2021;2023K1;total;83;1227.0
2021;2023K2;total;119;1759.0
2021;2023K3;total;99;1464.0
2021;2023K4;total;75;1109.0
2021;2024K1;total;54;801.0
2021;2024K2;total;71;1054.0
2021;2024K3;total;65;965.0
2021;2024K4;total;94;1395.0
2021;2025K1;total;84;1245.0
2021;2025K2;total;114;1690.0
2021;2025K3;total;197;2920.0
2021;2025K4;total;129;1912.0
2021;2026 prel.K1;total;91;1350.0
2021;2026 prel.K2;total;120;1780.0
2023;2014K1;total;349;3485.0
2023;2014K2;total;243;2426.0
2023;2015K1;total;519;5189.0
2023;2015K2;total;257;2569.0
2023;2015K3;total;292;2919.0
2023;2015K4;total;236;2359.0
2023;2016K1;total;476;4730.0
2023;2016K2;total;222;2206.0
2023;2016K3;total;261;2594.0
2023;2016K4;total;272;2703.0
2023;2017K1;total;453;4484.0
2023;2017K2;total;198;1960.0
2023;2017K3;total;279;2762.0
2023;2017K4;total;186;1841.0
2023;2018K1;total;441;4362.0
2023;2018K2;total;290;2868.0
2023;2018K3;total;261;2582.0
2023;2018K4;total;199;1968.0
2023;2019K1;total;423;4179.0
2023;2019K2;total;209;2065.0
2023;2019K3;total;228;2253.0
2023;2019K4;total;194;1917.0
2023;2020K1;total;288;2835.0
2023;2020K2;total;121;1191.0
2023;2020K3;total;117;1152.0
2023;2020K4;total;178;1752.0
2023;2021K1;total;251;2461.0
2023;2021K2;total;166;1628.0
2023;2021K3;total;147;1442.0
2023;2021K4;total;202;1981.0
2023;2022K1;total;296;2891.0
2023;2022K2;total;282;2754.0
2023;2022K3;total;231;2256.0
2023;2022K4;total;223;2178.0
2023;2023K1;total;428;4172.0
2023;2023K2;total;233;2271.0
2023;2023K3;total;138;1345.0
2023;2023K4;total;238;2320.0
2023;2024K1;total;444;4343.0
2023;2024K2;total;225;2201.0
2023;2024K3;total;184;1800.0
2023;2024K4;total;202;1976.0
2023;2025K1;total;470;4597.0
2023;2025K2;total;251;2455.0
2023;2025K3;total;184;1800.0
2023;2025K4;total;196;1917.0
2023;2026 prel.K1;total;410;4023.0
2023;2026 prel.K2;total;247;2423.0
2026;2014K1;total;81;808.0
2026;2014K2;total;156;1556.0
2026;2015K1;total;135;1343.0
2026;2015K2;total;143;1423.0
2026;2015K3;total;103;1025.0
2026;2015K4;total;107;1065.0
2026;2016K1;total;74;731.0
2026;2016K2;total;197;1945.0
2026;2016K3;total;141;1392.0
2026;2016K4;total;171;1689.0
2026;2017K1;total;94;921.0
2026;2017K2;total;122;1195.0
2026;2017K3;total;137;1342.0
2026;2017K4;total;103;1009.0
2026;2018K1;total;80;780.0
2026;2018K2;total;115;1121.0
2026;2018K3;total;88;858.0
2026;2018K4;total;84;819.0
2026;2019K1;total;75;729.0
2026;2019K2;total;92;894.0
2026;2019K3;total;98;953.0
2026;2019K4;total;122;1186.0
2026;2020K1;total;102;986.0
2026;2020K2;total;116;1122.0
2026;2020K3;total;96;928.0
2026;2020K4;total;85;822.0
2026;2021K1;total;66;632.0
2026;2021K2;total;136;1303.0
2026;2021K3;total;118;1130.0
2026;2021K4;total;150;1437.0
2026;2022K1;total;114;1086.0
2026;2022K2;total;64;609.0
2026;2022K3;total;119;1133.0
2026;2022K4;total;161;1533.0
2026;2023K1;total;113;1080.0
2026;2023K2;total;118;1128.0
2026;2023K3;total;151;1443.0
2026;2023K4;total;112;1070.0
2026;2024K1;total;125;1201.0
2026;2024K2;total;97;932.0
2026;2024K3;total;128;1230.0
2026;2024K4;total;121;1163.0
2026;2025K1;total;76;735.0
2026;2025K2;total;135;1305.0
2026;2025K3;total;181;1750.0
2026;2025K4;total;123;1189.0
2026;2026 prel.K1;total;93;902.0
2026;2026 prel.K2;total;170;1649.0
2029;2014K1;total;208;1368.0
2029;2014K2;total;282;1855.0
2029;2015K1;total;221;1445.0
2029;2015K2;total;192;1256.0
2029;2015K3;total;201;1315.0
2029;2015K4;total;230;1504.0
2029;2016K1;total;233;1511.0
2029;2016K2;total;231;1498.0
2029;2016K3;total;240;1557.0
2029;2016K4;total;211;1369.0
2029;2017K1;total;192;1233.0
2029;2017K2;total;246;1580.0
2029;2017K3;total;259;1663.0
2029;2017K4;total;254;1631.0
2029;2018K1;total;264;1679.0
2029;2018K2;total;191;1215.0
2029;2018K3;total;234;1488.0
2029;2018K4;total;172;1094.0
2029;2019K1;total;164;1038.0
2029;2019K2;total;231;1462.0
2029;2019K3;total;281;1778.0
2029;2019K4;total;242;1531.0
2029;2020K1;total;153;968.0
2029;2020K2;total;179;1133.0
2029;2020K3;total;206;1303.0
2029;2020K4;total;230;1455.0
2029;2021K1;total;138;868.0
2029;2021K2;total;182;1144.0
2029;2021K3;total;195;1226.0
2029;2021K4;total;243;1528.0
2029;2022K1;total;172;1071.0
2029;2022K2;total;222;1382.0
2029;2022K3;total;301;1874.0
2029;2022K4;total;195;1214.0
2029;2023K1;total;191;1188.0
2029;2023K2;total;321;1997.0
2029;2023K3;total;288;1791.0
2029;2023K4;total;257;1598.0
2029;2024K1;total;225;1400.0
2029;2024K2;total;291;1810.0
2029;2024K3;total;209;1300.0
2029;2024K4;total;283;1760.0
2029;2025K1;total;207;1282.0
2029;2025K2;total;258;1597.0
2029;2025K3;total;264;1634.0
2029;2025K4;total;196;1213.0
2029;2026 prel.K1;total;155;959.0
2029;2026 prel.K2;total;282;1744.0
2031;2014K1;total;254;2361.0
2031;2014K2;total;198;1841.0
2031;2015K1;total;167;1553.0
2031;2015K2;total;216;2009.0
2031;2015K3;total;335;3115.0
2031;2015K4;total;183;1702.0
2031;2016K1;total;164;1517.0
2031;2016K2;total;215;1989.0
2031;2016K3;total;370;3424.0
2031;2016K4;total;161;1490.0
2031;2017K1;total;180;1660.0
2031;2017K2;total;221;2038.0
2031;2017K3;total;261;2406.0
2031;2017K4;total;214;1973.0
2031;2018K1;total;145;1334.0
2031;2018K2;total;172;1582.0
2031;2018K3;total;258;2373.0
2031;2018K4;total;138;1269.0
2031;2019K1;total;184;1684.0
2031;2019K2;total;161;1473.0
2031;2019K3;total;248;2269.0
2031;2019K4;total;164;1501.0
2031;2020K1;total;126;1146.0
2031;2020K2;total;165;1500.0
2031;2020K3;total;207;1882.0
2031;2020K4;total;124;1127.0
2031;2021K1;total;113;1020.0
2031;2021K2;total;205;1851.0
2031;2021K3;total;282;2546.0
2031;2021K4;total;166;1499.0
2031;2022K1;total;92;829.0
2031;2022K2;total;171;1541.0
2031;2022K3;total;305;2748.0
2031;2022K4;total;152;1370.0
2031;2023K1;total;108;976.0
2031;2023K2;total;189;1708.0
2031;2023K3;total;317;2864.0
2031;2023K4;total;158;1428.0
2031;2024K1;total;157;1423.0
2031;2024K2;total;172;1559.0
2031;2024K3;total;335;3036.0
2031;2024K4;total;141;1278.0
2031;2025K1;total;188;1711.0
2031;2025K2;total;178;1620.0
2031;2025K3;total;444;4041.0
2031;2025K4;total;270;2457.0
2031;2026 prel.K1;total;229;2086.0
2031;2026 prel.K2;total;269;2450.0
2034;2014K1;total;168;2460.0
2034;2014K2;total;179;2621.0
2034;2015K1;total;118;1740.0
2034;2015K2;total;115;1696.0
2034;2015K3;total;168;2478.0
2034;2015K4;total;174;2566.0
2034;2016K1;total;158;2322.0
2034;2016K2;total;172;2527.0
2034;2016K3;total;189;2777.0
2034;2016K4;total;124;1822.0
2034;2017K1;total;161;2342.0
2034;2017K2;total;146;2124.0
2034;2017K3;total;112;1629.0
2034;2017K4;total;170;2473.0
2034;2018K1;total;90;1306.0
2034;2018K2;total;100;1451.0
2034;2018K3;total;151;2192.0
2034;2018K4;total;101;1466.0
2034;2019K1;total;79;1145.0
2034;2019K2;total;133;1927.0
2034;2019K3;total;140;2029.0
2034;2019K4;total;128;1855.0
2034;2020K1;total;117;1697.0
2034;2020K2;total;151;2190.0
2034;2020K3;total;165;2393.0
2034;2020K4;total;178;2582.0
2034;2021K1;total;76;1102.0
2034;2021K2;total;160;2320.0
2034;2021K3;total;170;2465.0
2034;2021K4;total;90;1305.0
2034;2022K1;total;101;1458.0
2034;2022K2;total;143;2065.0
2034;2022K3;total;173;2498.0
2034;2022K4;total;137;1978.0
2034;2023K1;total;124;1792.0
2034;2023K2;total;97;1402.0
2034;2023K3;total;98;1416.0
2034;2023K4;total;75;1084.0
2034;2024K1;total;101;1467.0
2034;2024K2;total;111;1612.0
2034;2024K3;total;125;1815.0
2034;2024K4;total;151;2193.0
2034;2025K1;total;114;1658.0
2034;2025K2;total;152;2210.0
2034;2025K3;total;210;3054.0
2034;2025K4;total;177;2574.0
2034;2026 prel.K1;total;125;1811.0
2034;2026 prel.K2;total;128;1855.0
2039;2014K1;total;105;1484.0
2039;2014K2;total;127;1795.0
2039;2015K1;total;100;1420.0
2039;2015K2;total;154;2186.0
2039;2015K3;total;187;2655.0
2039;2015K4;total;142;2016.0
2039;2016K1;total;111;1577.0
2039;2016K2;total;165;2345.0
2039;2016K3;total;205;2913.0
2039;2016K4;total;121;1719.0
2039;2017K1;total;116;1645.0
2039;2017K2;total;124;1758.0
2039;2017K3;total;126;1786.0
2039;2017K4;total;110;1560.0
2039;2018K1;total;118;1663.0
2039;2018K2;total;86;1212.0
2039;2018K3;total;122;1720.0
2039;2018K4;total;107;1508.0
2039;2019K1;total;84;1187.0
2039;2019K2;total;87;1230.0
2039;2019K3;total;139;1964.0
2039;2019K4;total;134;1894.0
2039;2020K1;total;104;1479.0
2039;2020K2;total;93;1323.0
2039;2020K3;total;179;2546.0
2039;2020K4;total;94;1337.0
2039;2021K1;total;121;1719.0
2039;2021K2;total;144;2046.0
2039;2021K3;total;124;1762.0
2039;2021K4;total;122;1734.0
2039;2022K1;total;198;2817.0
2039;2022K2;total;158;2248.0
2039;2022K3;total;184;2617.0
2039;2022K4;total;187;2660.0
2039;2023K1;total;185;2653.0
2039;2023K2;total;115;1649.0
2039;2023K3;total;139;1993.0
2039;2023K4;total;118;1692.0
2039;2024K1;total;176;2551.0
2039;2024K2;total;104;1508.0
2039;2024K3;total;144;2087.0
2039;2024K4;total;103;1493.0
2039;2025K1;total;114;1663.0
2039;2025K2;total;97;1415.0
2039;2025K3;total;145;2115.0
2039;2025K4;total;162;2363.0
2039;2026 prel.K1;total;132;1932.0
2039;2026 prel.K2;total;178;2606.0
2061;2014K1;total;172;1607.0
2061;2014K2;total;214;2000.0
2061;2015K1;total;187;1739.0
2061;2015K2;total;180;1674.0
2061;2015K3;total;227;2111.0
2061;2015K4;total;148;1377.0
2061;2016K1;total;185;1705.0
2061;2016K2;total;214;1972.0
2061;2016K3;total;255;2350.0
2061;2016K4;total;169;1558.0
2061;2017K1;total;171;1569.0
2061;2017K2;total;173;1587.0
2061;2017K3;total;157;1440.0
2061;2017K4;total;197;1807.0
2061;2018K1;total;177;1625.0
2061;2018K2;total;162;1487.0
2061;2018K3;total;203;1863.0
2061;2018K4;total;148;1358.0
2061;2019K1;total;138;1267.0
2061;2019K2;total;150;1377.0
2061;2019K3;total;171;1569.0
2061;2019K4;total;149;1368.0
2061;2020K1;total;122;1122.0
2061;2020K2;total;206;1894.0
2061;2020K3;total;178;1637.0
2061;2020K4;total;181;1665.0
2061;2021K1;total;207;1900.0
2061;2021K2;total;174;1597.0
2061;2021K3;total;154;1414.0
2061;2021K4;total;150;1377.0
2061;2022K1;total;138;1263.0
2061;2022K2;total;173;1583.0
2061;2022K3;total;217;1986.0
2061;2022K4;total;190;1739.0
2061;2023K1;total;127;1163.0
2061;2023K2;total;192;1759.0
2061;2023K3;total;224;2052.0
2061;2023K4;total;189;1731.0
2061;2024K1;total;147;1353.0
2061;2024K2;total;224;2061.0
2061;2024K3;total;206;1896.0
2061;2024K4;total;177;1629.0
2061;2025K1;total;230;2132.0
2061;2025K2;total;193;1789.0
2061;2025K3;total;178;1650.0
2061;2025K4;total;171;1585.0
2061;2026 prel.K1;total;164;1524.0
2061;2026 prel.K2;total;221;2054.0
2062;2014K1;total;322;1610.0
2062;2014K2;total;448;2240.0
2062;2015K1;total;445;2219.0
2062;2015K2;total;539;2688.0
2062;2015K3;total;486;2424.0
2062;2015K4;total;504;2513.0
2062;2016K1;total;560;2774.0
2062;2016K2;total;598;2962.0
2062;2016K3;total;485;2402.0
2062;2016K4;total;564;2793.0
2062;2017K1;total;412;2027.0
2062;2017K2;total;482;2372.0
2062;2017K3;total;547;2691.0
2062;2017K4;total;461;2268.0
2062;2018K1;total;288;1413.0
2062;2018K2;total;399;1958.0
2062;2018K3;total;389;1909.0
2062;2018K4;total;334;1639.0
2062;2019K1;total;377;1845.0
2062;2019K2;total;439;2149.0
2062;2019K3;total;360;1762.0
2062;2019K4;total;486;2379.0
2062;2020K1;total;321;1567.0
2062;2020K2;total;322;1572.0
2062;2020K3;total;420;2051.0
2062;2020K4;total;458;2236.0
2062;2021K1;total;523;2541.0
2062;2021K2;total;472;2293.0
2062;2021K3;total;506;2459.0
2062;2021K4;total;460;2235.0
2062;2022K1;total;308;1490.0
2062;2022K2;total;418;2022.0
2062;2022K3;total;454;2196.0
2062;2022K4;total;330;1596.0
2062;2023K1;total;428;2077.0
2062;2023K2;total;416;2019.0
2062;2023K3;total;361;1752.0
2062;2023K4;total;412;1999.0
2062;2024K1;total;367;1787.0
2062;2024K2;total;452;2201.0
2062;2024K3;total;476;2318.0
2062;2024K4;total;405;1973.0
2062;2025K1;total;385;1880.0
2062;2025K2;total;406;1982.0
2062;2025K3;total;388;1895.0
2062;2025K4;total;464;2266.0
2062;2026 prel.K1;total;378;1851.0
2062;2026 prel.K2;total;411;2013.0
2080;2014K1;total;1184;2083.0
2080;2014K2;total;1261;2219.0
2080;2015K1;total;1129;1981.0
2080;2015K2;total;1191;2090.0
2080;2015K3;total;1286;2257.0
2080;2015K4;total;1152;2022.0
2080;2016K1;total;1071;1867.0
2080;2016K2;total;1271;2215.0
2080;2016K3;total;1446;2520.0
2080;2016K4;total;1151;2006.0
2080;2017K1;total;960;1655.0
2080;2017K2;total;1336;2303.0
2080;2017K3;total;1122;1934.0
2080;2017K4;total;1125;1939.0
2080;2018K1;total;877;1496.0
2080;2018K2;total;1116;1903.0
2080;2018K3;total;1156;1972.0
2080;2018K4;total;988;1685.0
2080;2019K1;total;859;1452.0
2080;2019K2;total;1088;1839.0
2080;2019K3;total;1292;2184.0
2080;2019K4;total;1035;1749.0
2080;2020K1;total;1101;1851.0
2080;2020K2;total;1211;2036.0
2080;2020K3;total;1348;2267.0
2080;2020K4;total;1325;2228.0
2080;2021K1;total;967;1620.0
2080;2021K2;total;1342;2249.0
2080;2021K3;total;1195;2002.0
2080;2021K4;total;1144;1917.0
2080;2022K1;total;917;1533.0
2080;2022K2;total;1164;1946.0
2080;2022K3;total;1307;2185.0
2080;2022K4;total;1175;1964.0
2080;2023K1;total;907;1514.0
2080;2023K2;total;1466;2447.0
2080;2023K3;total;1457;2432.0
2080;2023K4;total;1213;2025.0
2080;2024K1;total;934;1558.0
2080;2024K2;total;1391;2321.0
2080;2024K3;total;1204;2009.0
2080;2024K4;total;1168;1949.0
2080;2025K1;total;906;1511.0
2080;2025K2;total;1059;1766.0
2080;2025K3;total;1279;2133.0
2080;2025K4;total;1241;2070.0
2080;2026 prel.K1;total;1150;1917.0
2080;2026 prel.K2;total;1341;2236.0
2081;2014K1;total;1311;2603.0
2081;2014K2;total;1597;3171.0
2081;2015K1;total;1445;2842.0
2081;2015K2;total;1650;3245.0
2081;2015K3;total;1823;3585.0
2081;2015K4;total;1554;3056.0
2081;2016K1;total;1691;3297.0
2081;2016K2;total;1956;3813.0
2081;2016K3;total;1891;3686.0
2081;2016K4;total;1537;2996.0
2081;2017K1;total;1474;2846.0
2081;2017K2;total;1601;3092.0
2081;2017K3;total;1498;2893.0
2081;2017K4;total;1656;3198.0
2081;2018K1;total;1439;2762.0
2081;2018K2;total;1780;3417.0
2081;2018K3;total;1713;3288.0
2081;2018K4;total;1345;2582.0
2081;2019K1;total;1440;2748.0
2081;2019K2;total;1601;3055.0
2081;2019K3;total;1559;2975.0
2081;2019K4;total;1476;2816.0
2081;2020K1;total;1399;2665.0
2081;2020K2;total;1451;2764.0
2081;2020K3;total;1636;3117.0
2081;2020K4;total;1335;2543.0
2081;2021K1;total;1356;2592.0
2081;2021K2;total;1459;2788.0
2081;2021K3;total;1796;3432.0
2081;2021K4;total;1551;2964.0
2081;2022K1;total;1313;2515.0
2081;2022K2;total;1535;2940.0
2081;2022K3;total;1801;3449.0
2081;2022K4;total;1612;3087.0
2081;2023K1;total;1385;2666.0
2081;2023K2;total;1687;3247.0
2081;2023K3;total;1640;3156.0
2081;2023K4;total;1484;2856.0
2081;2024K1;total;1326;2572.0
2081;2024K2;total;1590;3084.0
2081;2024K3;total;1896;3677.0
2081;2024K4;total;1612;3126.0
2081;2025K1;total;1450;2822.0
2081;2025K2;total;1409;2742.0
2081;2025K3;total;1558;3032.0
2081;2025K4;total;1429;2781.0
2081;2026 prel.K1;total;1284;2500.0
2081;2026 prel.K2;total;1634;3182.0
2082;2014K1;total;168;1544.0
2082;2014K2;total;209;1921.0
2082;2015K1;total;168;1535.0
2082;2015K2;total;195;1781.0
2082;2015K3;total;257;2348.0
2082;2015K4;total;232;2119.0
2082;2016K1;total;154;1394.0
2082;2016K2;total;200;1810.0
2082;2016K3;total;220;1991.0
2082;2016K4;total;238;2154.0
2082;2017K1;total;205;1843.0
2082;2017K2;total;216;1942.0
2082;2017K3;total;252;2266.0
2082;2017K4;total;245;2203.0
2082;2018K1;total;146;1310.0
2082;2018K2;total;163;1463.0
2082;2018K3;total;214;1921.0
2082;2018K4;total;138;1239.0
2082;2019K1;total;165;1485.0
2082;2019K2;total;184;1656.0
2082;2019K3;total;201;1810.0
2082;2019K4;total;208;1873.0
2082;2020K1;total;173;1555.0
2082;2020K2;total;169;1519.0
2082;2020K3;total;180;1618.0
2082;2020K4;total;174;1564.0
2082;2021K1;total;141;1259.0
2082;2021K2;total;138;1232.0
2082;2021K3;total;174;1553.0
2082;2021K4;total;162;1446.0
2082;2022K1;total;146;1297.0
2082;2022K2;total;138;1226.0
2082;2022K3;total;218;1937.0
2082;2022K4;total;183;1626.0
2082;2023K1;total;163;1448.0
2082;2023K2;total;228;2025.0
2082;2023K3;total;339;3011.0
2082;2023K4;total;237;2105.0
2082;2024K1;total;159;1415.0
2082;2024K2;total;219;1949.0
2082;2024K3;total;265;2358.0
2082;2024K4;total;168;1495.0
2082;2025K1;total;142;1265.0
2082;2025K2;total;214;1907.0
2082;2025K3;total;215;1916.0
2082;2025K4;total;172;1533.0
2082;2026 prel.K1;total;163;1453.0
2082;2026 prel.K2;total;197;1755.0
2083;2014K1;total;372;2471.0
2083;2014K2;total;408;2710.0
2083;2015K1;total;377;2487.0
2083;2015K2;total;430;2836.0
2083;2015K3;total;363;2394.0
2083;2015K4;total;305;2012.0
2083;2016K1;total;349;2274.0
2083;2016K2;total;395;2574.0
2083;2016K3;total;439;2860.0
2083;2016K4;total;346;2254.0
2083;2017K1;total;309;1992.0
2083;2017K2;total;391;2520.0
2083;2017K3;total;398;2566.0
2083;2017K4;total;451;2907.0
2083;2018K1;total;256;1650.0
2083;2018K2;total;330;2127.0
2083;2018K3;total;425;2740.0
2083;2018K4;total;458;2953.0
2083;2019K1;total;351;2268.0
2083;2019K2;total;475;3070.0
2083;2019K3;total;484;3128.0
2083;2019K4;total;366;2365.0
2083;2020K1;total;370;2391.0
2083;2020K2;total;394;2546.0
2083;2020K3;total;303;1958.0
2083;2020K4;total;439;2837.0
2083;2021K1;total;316;2044.0
2083;2021K2;total;316;2044.0
2083;2021K3;total;276;1785.0
2083;2021K4;total;346;2238.0
2083;2022K1;total;242;1566.0
2083;2022K2;total;369;2388.0
2083;2022K3;total;382;2472.0
2083;2022K4;total;453;2932.0
2083;2023K1;total;328;2131.0
2083;2023K2;total;408;2650.0
2083;2023K3;total;333;2163.0
2083;2023K4;total;319;2072.0
2083;2024K1;total;233;1521.0
2083;2024K2;total;417;2722.0
2083;2024K3;total;419;2735.0
2083;2024K4;total;418;2728.0
2083;2025K1;total;321;2118.0
2083;2025K2;total;496;3273.0
2083;2025K3;total;421;2778.0
2083;2025K4;total;378;2495.0
2083;2026 prel.K1;total;331;2203.0
2083;2026 prel.K2;total;347;2309.0
2084;2014K1;total;560;2569.0
2084;2014K2;total;562;2578.0
2084;2015K1;total;416;1857.0
2084;2015K2;total;563;2513.0
2084;2015K3;total;678;3027.0
2084;2015K4;total;531;2370.0
2084;2016K1;total;538;2342.0
2084;2016K2;total;721;3139.0
2084;2016K3;total;714;3108.0
2084;2016K4;total;667;2904.0
2084;2017K1;total;588;2534.0
2084;2017K2;total;592;2551.0
2084;2017K3;total;526;2266.0
2084;2017K4;total;576;2482.0
2084;2018K1;total;561;2409.0
2084;2018K2;total;653;2804.0
2084;2018K3;total;738;3169.0
2084;2018K4;total;618;2654.0
2084;2019K1;total;466;2004.0
2084;2019K2;total;679;2920.0
2084;2019K3;total;688;2959.0
2084;2019K4;total;704;3028.0
2084;2020K1;total;640;2768.0
2084;2020K2;total;537;2322.0
2084;2020K3;total;664;2872.0
2084;2020K4;total;525;2271.0
2084;2021K1;total;569;2474.0
2084;2021K2;total;599;2605.0
2084;2021K3;total;639;2779.0
2084;2021K4;total;622;2705.0
2084;2022K1;total;394;1718.0
2084;2022K2;total;526;2294.0
2084;2022K3;total;591;2578.0
2084;2022K4;total;573;2499.0
2084;2023K1;total;522;2285.0
2084;2023K2;total;596;2609.0
2084;2023K3;total;584;2557.0
2084;2023K4;total;479;2097.0
2084;2024K1;total;454;2009.0
2084;2024K2;total;688;3044.0
2084;2024K3;total;768;3398.0
2084;2024K4;total;555;2456.0
2084;2025K1;total;590;2635.0
2084;2025K2;total;649;2898.0
2084;2025K3;total;532;2376.0
2084;2025K4;total;672;3001.0
2084;2026 prel.K1;total;482;2155.0
2084;2026 prel.K2;total;565;2526.0
2085;2014K1;total;545;2107.0
2085;2014K2;total;611;2362.0
2085;2015K1;total;621;2371.0
2085;2015K2;total;676;2581.0
2085;2015K3;total;852;3252.0
2085;2015K4;total;734;2802.0
2085;2016K1;total;840;3152.0
2085;2016K2;total;823;3088.0
2085;2016K3;total;979;3674.0
2085;2016K4;total;963;3614.0
2085;2017K1;total;705;2615.0
2085;2017K2;total;697;2585.0
2085;2017K3;total;671;2489.0
2085;2017K4;total;707;2622.0
2085;2018K1;total;890;3300.0
2085;2018K2;total;629;2332.0
2085;2018K3;total;613;2273.0
2085;2018K4;total;634;2351.0
2085;2019K1;total;623;2314.0
2085;2019K2;total;657;2440.0
2085;2019K3;total;666;2474.0
2085;2019K4;total;574;2132.0
2085;2020K1;total;736;2751.0
2085;2020K2;total;615;2299.0
2085;2020K3;total;723;2703.0
2085;2020K4;total;632;2363.0
2085;2021K1;total;715;2693.0
2085;2021K2;total;609;2294.0
2085;2021K3;total;587;2211.0
2085;2021K4;total;594;2237.0
2085;2022K1;total;508;1922.0
2085;2022K2;total;546;2066.0
2085;2022K3;total;580;2195.0
2085;2022K4;total;549;2078.0
2085;2023K1;total;484;1835.0
2085;2023K2;total;525;1990.0
2085;2023K3;total;493;1869.0
2085;2023K4;total;447;1695.0
2085;2024K1;total;437;1649.0
2085;2024K2;total;546;2061.0
2085;2024K3;total;538;2031.0
2085;2024K4;total;606;2287.0
2085;2025K1;total;471;1763.0
2085;2025K2;total;613;2294.0
2085;2025K3;total;526;1968.0
2085;2025K4;total;566;2118.0
2085;2026 prel.K1;total;550;2051.0
2085;2026 prel.K2;total;569;2122.0
2101;2014K1;total;84;1455.0
2101;2014K2;total;137;2372.0
2101;2015K1;total;127;2187.0
2101;2015K2;total;129;2221.0
2101;2015K3;total;233;4012.0
2101;2015K4;total;143;2463.0
2101;2016K1;total;96;1640.0
2101;2016K2;total;188;3212.0
2101;2016K3;total;181;3093.0
2101;2016K4;total;130;2221.0
2101;2017K1;total;150;2553.0
2101;2017K2;total;177;3012.0
2101;2017K3;total;161;2740.0
2101;2017K4;total;118;2008.0
2101;2018K1;total;102;1729.0
2101;2018K2;total;75;1271.0
2101;2018K3;total;112;1898.0
2101;2018K4;total;111;1881.0
2101;2019K1;total;120;2031.0
2101;2019K2;total;141;2387.0
2101;2019K3;total;122;2065.0
2101;2019K4;total;117;1981.0
2101;2020K1;total;127;2154.0
2101;2020K2;total;135;2290.0
2101;2020K3;total;151;2561.0
2101;2020K4;total;122;2069.0
2101;2021K1;total;110;1872.0
2101;2021K2;total;186;3166.0
2101;2021K3;total;142;2417.0
2101;2021K4;total;133;2264.0
2101;2022K1;total;99;1694.0
2101;2022K2;total;77;1318.0
2101;2022K3;total;131;2242.0
2101;2022K4;total;80;1369.0
2101;2023K1;total;140;2418.0
2101;2023K2;total;115;1986.0
2101;2023K3;total;175;3023.0
2101;2023K4;total;178;3075.0
2101;2024K1;total;104;1809.0
2101;2024K2;total;137;2383.0
2101;2024K3;total;110;1913.0
2101;2024K4;total;157;2731.0
2101;2025K1;total;130;2275.0
2101;2025K2;total;104;1820.0
2101;2025K3;total;104;1820.0
2101;2025K4;total;105;1837.0
2101;2026 prel.K1;total;120;2100.0
2101;2026 prel.K2;total;152;2660.0
2104;2014K1;total;140;1478.0
2104;2014K2;total;198;2091.0
2104;2015K1;total;141;1495.0
2104;2015K2;total;176;1866.0
2104;2015K3;total;177;1876.0
2104;2015K4;total;153;1622.0
2104;2016K1;total;137;1442.0
2104;2016K2;total;148;1558.0
2104;2016K3;total;151;1590.0
2104;2016K4;total;127;1337.0
2104;2017K1;total;148;1540.0
2104;2017K2;total;233;2424.0
2104;2017K3;total;141;1467.0
2104;2017K4;total;221;2299.0
2104;2018K1;total;177;1838.0
2104;2018K2;total;189;1962.0
2104;2018K3;total;179;1859.0
2104;2018K4;total;166;1724.0
2104;2019K1;total;215;2241.0
2104;2019K2;total;197;2053.0
2104;2019K3;total;191;1991.0
2104;2019K4;total;145;1511.0
2104;2020K1;total;178;1858.0
2104;2020K2;total;226;2359.0
2104;2020K3;total;219;2286.0
2104;2020K4;total;157;1639.0
2104;2021K1;total;148;1546.0
2104;2021K2;total;202;2110.0
2104;2021K3;total;251;2622.0
2104;2021K4;total;136;1421.0
2104;2022K1;total;168;1764.0
2104;2022K2;total;205;2152.0
2104;2022K3;total;244;2562.0
2104;2022K4;total;228;2394.0
2104;2023K1;total;179;1900.0
2104;2023K2;total;197;2091.0
2104;2023K3;total;191;2027.0
2104;2023K4;total;246;2611.0
2104;2024K1;total;186;1989.0
2104;2024K2;total;155;1657.0
2104;2024K3;total;233;2491.0
2104;2024K4;total;246;2630.0
2104;2025K1;total;143;1553.0
2104;2025K2;total;237;2573.0
2104;2025K3;total;231;2508.0
2104;2025K4;total;192;2085.0
2104;2026 prel.K1;total;143;1565.0
2104;2026 prel.K2;total;249;2725.0
2121;2014K1;total;74;650.0
2121;2014K2;total;147;1290.0
2121;2015K1;total;156;1362.0
2121;2015K2;total;198;1729.0
2121;2015K3;total;153;1336.0
2121;2015K4;total;148;1293.0
2121;2016K1;total;133;1152.0
2121;2016K2;total;227;1965.0
2121;2016K3;total;204;1766.0
2121;2016K4;total;123;1065.0
2121;2017K1;total;98;843.0
2121;2017K2;total;151;1299.0
2121;2017K3;total;176;1515.0
2121;2017K4;total;176;1515.0
2121;2018K1;total;142;1219.0
2121;2018K2;total;168;1442.0
2121;2018K3;total;156;1339.0
2121;2018K4;total;186;1597.0
2121;2019K1;total;117;1002.0
2121;2019K2;total;157;1345.0
2121;2019K3;total;185;1584.0
2121;2019K4;total;136;1165.0
2121;2020K1;total;173;1482.0
2121;2020K2;total;209;1791.0
2121;2020K3;total;240;2056.0
2121;2020K4;total;145;1242.0
2121;2021K1;total;226;1933.0
2121;2021K2;total;149;1274.0
2121;2021K3;total;188;1608.0
2121;2021K4;total;192;1642.0
2121;2022K1;total;165;1414.0
2121;2022K2;total;146;1251.0
2121;2022K3;total;124;1063.0
2121;2022K4;total;163;1397.0
2121;2023K1;total;134;1158.0
2121;2023K2;total;198;1711.0
2121;2023K3;total;208;1797.0
2121;2023K4;total;191;1650.0
2121;2024K1;total;138;1206.0
2121;2024K2;total;132;1154.0
2121;2024K3;total;172;1504.0
2121;2024K4;total;172;1504.0
2121;2025K1;total;170;1504.0
2121;2025K2;total;193;1707.0
2121;2025K3;total;213;1884.0
2121;2025K4;total;187;1654.0
2121;2026 prel.K1;total;160;1419.0
2121;2026 prel.K2;total;124;1100.0
2132;2014K1;total;125;1317.0
2132;2014K2;total;120;1264.0
2132;2015K1;total;131;1380.0
2132;2015K2;total;162;1707.0
2132;2015K3;total;172;1812.0
2132;2015K4;total;121;1275.0
2132;2016K1;total;134;1410.0
2132;2016K2;total;154;1621.0
2132;2016K3;total;179;1884.0
2132;2016K4;total;206;2168.0
2132;2017K1;total;162;1706.0
2132;2017K2;total;199;2096.0
2132;2017K3;total;171;1801.0
2132;2017K4;total;188;1980.0
2132;2018K1;total;154;1621.0
2132;2018K2;total;210;2211.0
2132;2018K3;total;189;1990.0
2132;2018K4;total;244;2569.0
2132;2019K1;total;177;1864.0
2132;2019K2;total;166;1748.0
2132;2019K3;total;145;1527.0
2132;2019K4;total;166;1748.0
2132;2020K1;total;156;1646.0
2132;2020K2;total;229;2416.0
2132;2020K3;total;207;2184.0
2132;2020K4;total;254;2679.0
2132;2021K1;total;177;1867.0
2132;2021K2;total;210;2215.0
2132;2021K3;total;240;2531.0
2132;2021K4;total;237;2500.0
2132;2022K1;total;133;1402.0
2132;2022K2;total;191;2014.0
2132;2022K3;total;228;2404.0
2132;2022K4;total;179;1887.0
2132;2023K1;total;202;2142.0
2132;2023K2;total;216;2291.0
2132;2023K3;total;185;1962.0
2132;2023K4;total;173;1835.0
2132;2024K1;total;135;1447.0
2132;2024K2;total;197;2112.0
2132;2024K3;total;187;2005.0
2132;2024K4;total;231;2477.0
2132;2025K1;total;152;1639.0
2132;2025K2;total;233;2513.0
2132;2025K3;total;179;1930.0
2132;2025K4;total;203;2189.0
2132;2026 prel.K1;total;125;1346.0
2132;2026 prel.K2;total;142;1530.0
2161;2014K1;total;383;2022.0
2161;2014K2;total;455;2402.0
2161;2015K1;total;378;1991.0
2161;2015K2;total;480;2528.0
2161;2015K3;total;447;2354.0
2161;2015K4;total;435;2291.0
2161;2016K1;total;351;1843.0
2161;2016K2;total;391;2053.0
2161;2016K3;total;392;2058.0
2161;2016K4;total;403;2116.0
2161;2017K1;total;374;1964.0
2161;2017K2;total;560;2940.0
2161;2017K3;total;578;3035.0
2161;2017K4;total;564;2961.0
2161;2018K1;total;373;1960.0
2161;2018K2;total;418;2196.0
2161;2018K3;total;430;2260.0
2161;2018K4;total;449;2359.0
2161;2019K1;total;282;1485.0
2161;2019K2;total;411;2164.0
2161;2019K3;total;330;1738.0
2161;2019K4;total;376;1980.0
2161;2020K1;total;285;1507.0
2161;2020K2;total;417;2205.0
2161;2020K3;total;458;2422.0
2161;2020K4;total;361;1909.0
2161;2021K1;total;235;1248.0
2161;2021K2;total;393;2086.0
2161;2021K3;total;424;2251.0
2161;2021K4;total;390;2071.0
2161;2022K1;total;312;1661.0
2161;2022K2;total;303;1613.0
2161;2022K3;total;377;2007.0
2161;2022K4;total;441;2347.0
2161;2023K1;total;366;1962.0
2161;2023K2;total;404;2166.0
2161;2023K3;total;418;2241.0
2161;2023K4;total;354;1898.0
2161;2024K1;total;374;2022.0
2161;2024K2;total;438;2368.0
2161;2024K3;total;418;2260.0
2161;2024K4;total;413;2233.0
2161;2025K1;total;311;1689.0
2161;2025K2;total;338;1836.0
2161;2025K3;total;384;2086.0
2161;2025K4;total;383;2080.0
2161;2026 prel.K1;total;370;2013.0
2161;2026 prel.K2;total;405;2204.0
2180;2014K1;total;2904;2970.0
2180;2014K2;total;3158;3230.0
2180;2015K1;total;3085;3129.0
2180;2015K2;total;3042;3085.0
2180;2015K3;total;3183;3228.0
2180;2015K4;total;2988;3031.0
2180;2016K1;total;2750;2768.0
2180;2016K2;total;3480;3503.0
2180;2016K3;total;3395;3418.0
2180;2016K4;total;3074;3095.0
2180;2017K1;total;3108;3102.0
2180;2017K2;total;3449;3442.0
2180;2017K3;total;3481;3474.0
2180;2017K4;total;3285;3279.0
2180;2018K1;total;3501;3465.0
2180;2018K2;total;3344;3310.0
2180;2018K3;total;3598;3561.0
2180;2018K4;total;3337;3303.0
2180;2019K1;total;2993;2936.0
2180;2019K2;total;3267;3205.0
2180;2019K3;total;3506;3439.0
2180;2019K4;total;3171;3111.0
2180;2020K1;total;3654;3559.0
2180;2020K2;total;3322;3236.0
2180;2020K3;total;3279;3194.0
2180;2020K4;total;3525;3434.0
2180;2021K1;total;2881;2797.0
2180;2021K2;total;3198;3104.0
2180;2021K3;total;3698;3590.0
2180;2021K4;total;3055;2965.0
2180;2022K1;total;2698;2611.0
2180;2022K2;total;2916;2822.0
2180;2022K3;total;3163;3062.0
2180;2022K4;total;3240;3136.0
2180;2023K1;total;3090;2985.0
2180;2023K2;total;3705;3579.0
2180;2023K3;total;3775;3647.0
2180;2023K4;total;3294;3182.0
2180;2024K1;total;2901;2799.0
2180;2024K2;total;3221;3108.0
2180;2024K3;total;3676;3547.0
2180;2024K4;total;3369;3251.0
2180;2025K1;total;3190;3068.0
2180;2025K2;total;3453;3321.0
2180;2025K3;total;3549;3413.0
2180;2025K4;total;3046;2930.0
2180;2026 prel.K1;total;2908;2793.0
2180;2026 prel.K2;total;3118;2995.0
2181;2014K1;total;871;2320.0
2181;2014K2;total;1013;2698.0
2181;2015K1;total;881;2314.0
2181;2015K2;total;940;2469.0
2181;2015K3;total;999;2624.0
2181;2015K4;total;799;2099.0
2181;2016K1;total;904;2340.0
2181;2016K2;total;1020;2640.0
2181;2016K3;total;934;2418.0
2181;2016K4;total;761;1970.0
2181;2017K1;total;714;1826.0
2181;2017K2;total;878;2245.0
2181;2017K3;total;872;2230.0
2181;2017K4;total;852;2179.0
2181;2018K1;total;861;2195.0
2181;2018K2;total;880;2243.0
2181;2018K3;total;834;2126.0
2181;2018K4;total;797;2031.0
2181;2019K1;total;843;2149.0
2181;2019K2;total;745;1899.0
2181;2019K3;total;932;2376.0
2181;2019K4;total;868;2213.0
2181;2020K1;total;925;2356.0
2181;2020K2;total;879;2239.0
2181;2020K3;total;933;2376.0
2181;2020K4;total;932;2374.0
2181;2021K1;total;949;2417.0
2181;2021K2;total;1156;2944.0
2181;2021K3;total;1116;2842.0
2181;2021K4;total;785;1999.0
2181;2022K1;total;862;2200.0
2181;2022K2;total;969;2474.0
2181;2022K3;total;915;2336.0
2181;2022K4;total;945;2412.0
2181;2023K1;total;870;2239.0
2181;2023K2;total;1037;2668.0
2181;2023K3;total;987;2540.0
2181;2023K4;total;926;2383.0
2181;2024K1;total;922;2395.0
2181;2024K2;total;901;2340.0
2181;2024K3;total;1058;2748.0
2181;2024K4;total;1022;2654.0
2181;2025K1;total;945;2474.0
2181;2025K2;total;847;2217.0
2181;2025K3;total;884;2314.0
2181;2025K4;total;919;2406.0
2181;2026 prel.K1;total;754;1982.0
2181;2026 prel.K2;total;767;2017.0
2182;2014K1;total;532;2090.0
2182;2014K2;total;788;3096.0
2182;2015K1;total;713;2783.0
2182;2015K2;total;953;3720.0
2182;2015K3;total;778;3037.0
2182;2015K4;total;619;2416.0
2182;2016K1;total;684;2642.0
2182;2016K2;total;765;2955.0
2182;2016K3;total;773;2986.0
2182;2016K4;total;674;2603.0
2182;2017K1;total;670;2588.0
2182;2017K2;total;789;3048.0
2182;2017K3;total;661;2553.0
2182;2017K4;total;832;3214.0
2182;2018K1;total;627;2435.0
2182;2018K2;total;607;2357.0
2182;2018K3;total;592;2299.0
2182;2018K4;total;663;2575.0
2182;2019K1;total;574;2235.0
2182;2019K2;total;665;2589.0
2182;2019K3;total;618;2406.0
2182;2019K4;total;679;2644.0
2182;2020K1;total;613;2398.0
2182;2020K2;total;747;2922.0
2182;2020K3;total;838;3278.0
2182;2020K4;total;759;2969.0
2182;2021K1;total;721;2831.0
2182;2021K2;total;780;3063.0
2182;2021K3;total;774;3039.0
2182;2021K4;total;684;2686.0
2182;2022K1;total;615;2426.0
2182;2022K2;total;754;2974.0
2182;2022K3;total;609;2402.0
2182;2022K4;total;584;2304.0
2182;2023K1;total;699;2790.0
2182;2023K2;total;863;3444.0
2182;2023K3;total;817;3260.0
2182;2023K4;total;798;3185.0
2182;2024K1;total;733;2968.0
2182;2024K2;total;807;3267.0
2182;2024K3;total;711;2879.0
2182;2024K4;total;773;3130.0
2182;2025K1;total;651;2673.0
2182;2025K2;total;834;3424.0
2182;2025K3;total;759;3117.0
2182;2025K4;total;694;2850.0
2182;2026 prel.K1;total;628;2599.0
2182;2026 prel.K2;total;655;2711.0
2183;2014K1;total;504;1919.0
2183;2014K2;total;631;2402.0
2183;2015K1;total;604;2280.0
2183;2015K2;total;612;2310.0
2183;2015K3;total;587;2216.0
2183;2015K4;total;589;2223.0
2183;2016K1;total;755;2821.0
2183;2016K2;total;661;2470.0
2183;2016K3;total;594;2220.0
2183;2016K4;total;576;2152.0
2183;2017K1;total;513;1905.0
2183;2017K2;total;705;2619.0
2183;2017K3;total;660;2451.0
2183;2017K4;total;582;2162.0
2183;2018K1;total;561;2081.0
2183;2018K2;total;576;2137.0
2183;2018K3;total;603;2237.0
2183;2018K4;total;759;2816.0
2183;2019K1;total;608;2257.0
2183;2019K2;total;719;2669.0
2183;2019K3;total;656;2435.0
2183;2019K4;total;607;2253.0
2183;2020K1;total;703;2618.0
2183;2020K2;total;661;2462.0
2183;2020K3;total;739;2752.0
2183;2020K4;total;832;3099.0
2183;2021K1;total;652;2435.0
2183;2021K2;total;610;2278.0
2183;2021K3;total;776;2898.0
2183;2021K4;total;704;2629.0
2183;2022K1;total;552;2068.0
2183;2022K2;total;669;2507.0
2183;2022K3;total;638;2391.0
2183;2022K4;total;771;2889.0
2183;2023K1;total;632;2383.0
2183;2023K2;total;836;3152.0
2183;2023K3;total;774;2919.0
2183;2023K4;total;689;2598.0
2183;2024K1;total;714;2711.0
2183;2024K2;total;616;2339.0
2183;2024K3;total;788;2992.0
2183;2024K4;total;647;2456.0
2183;2025K1;total;618;2365.0
2183;2025K2;total;603;2308.0
2183;2025K3;total;762;2916.0
2183;2025K4;total;513;1963.0
2183;2026 prel.K1;total;533;2049.0
2183;2026 prel.K2;total;557;2141.0
2184;2014K1;total;691;1874.0
2184;2014K2;total;807;2188.0
2184;2015K1;total;938;2539.0
2184;2015K2;total;1112;3010.0
2184;2015K3;total;931;2520.0
2184;2015K4;total;843;2281.0
2184;2016K1;total;792;2133.0
2184;2016K2;total;843;2270.0
2184;2016K3;total;1179;3175.0
2184;2016K4;total;964;2596.0
2184;2017K1;total;957;2562.0
2184;2017K2;total;1027;2750.0
2184;2017K3;total;926;2479.0
2184;2017K4;total;802;2147.0
2184;2018K1;total;759;2029.0
2184;2018K2;total;854;2282.0
2184;2018K3;total;893;2387.0
2184;2018K4;total;948;2534.0
2184;2019K1;total;807;2151.0
2184;2019K2;total;855;2279.0
2184;2019K3;total;905;2412.0
2184;2019K4;total;884;2356.0
2184;2020K1;total;895;2382.0
2184;2020K2;total;914;2433.0
2184;2020K3;total;858;2284.0
2184;2020K4;total;903;2404.0
2184;2021K1;total;593;1576.0
2184;2021K2;total;864;2296.0
2184;2021K3;total;903;2399.0
2184;2021K4;total;899;2389.0
2184;2022K1;total;691;1832.0
2184;2022K2;total;854;2264.0
2184;2022K3;total;840;2227.0
2184;2022K4;total;800;2121.0
2184;2023K1;total;726;1927.0
2184;2023K2;total;888;2358.0
2184;2023K3;total;928;2464.0
2184;2023K4;total;903;2397.0
2184;2024K1;total;921;2449.0
2184;2024K2;total;940;2500.0
2184;2024K3;total;1063;2827.0
2184;2024K4;total;942;2505.0
2184;2025K1;total;1326;3542.0
2184;2025K2;total;1001;2674.0
2184;2025K3;total;911;2434.0
2184;2025K4;total;972;2597.0
2184;2026 prel.K1;total;931;2493.0
2184;2026 prel.K2;total;858;2298.0
2260;2014K1;total;165;1734.0
2260;2014K2;total;174;1828.0
2260;2015K1;total;143;1507.0
2260;2015K2;total;184;1939.0
2260;2015K3;total;177;1865.0
2260;2015K4;total;237;2498.0
2260;2016K1;total;157;1654.0
2260;2016K2;total;327;3444.0
2260;2016K3;total;202;2128.0
2260;2016K4;total;167;1759.0
2260;2017K1;total;186;1960.0
2260;2017K2;total;247;2603.0
2260;2017K3;total;228;2403.0
2260;2017K4;total;241;2540.0
2260;2018K1;total;157;1662.0
2260;2018K2;total;241;2551.0
2260;2018K3;total;193;2043.0
2260;2018K4;total;203;2149.0
2260;2019K1;total;184;1965.0
2260;2019K2;total;247;2638.0
2260;2019K3;total;179;1912.0
2260;2019K4;total;201;2147.0
2260;2020K1;total;212;2287.0
2260;2020K2;total;197;2125.0
2260;2020K3;total;241;2600.0
2260;2020K4;total;206;2222.0
2260;2021K1;total;172;1864.0
2260;2021K2;total;208;2254.0
2260;2021K3;total;166;1799.0
2260;2021K4;total;158;1712.0
2260;2022K1;total;209;2275.0
2260;2022K2;total;141;1535.0
2260;2022K3;total;204;2220.0
2260;2022K4;total;142;1545.0
2260;2023K1;total;174;1907.0
2260;2023K2;total;168;1841.0
2260;2023K3;total;239;2619.0
2260;2023K4;total;146;1600.0
2260;2024K1;total;164;1806.0
2260;2024K2;total;143;1575.0
2260;2024K3;total;203;2236.0
2260;2024K4;total;132;1454.0
2260;2025K1;total;179;1984.0
2260;2025K2;total;214;2372.0
2260;2025K3;total;256;2838.0
2260;2025K4;total;191;2117.0
2260;2026 prel.K1;total;162;1800.0
2260;2026 prel.K2;total;222;2467.0
2262;2014K1;total;453;2511.0
2262;2014K2;total;408;2261.0
2262;2015K1;total;368;2044.0
2262;2015K2;total;455;2527.0
2262;2015K3;total;425;2360.0
2262;2015K4;total;390;2166.0
2262;2016K1;total;420;2335.0
2262;2016K2;total;390;2168.0
2262;2016K3;total;473;2629.0
2262;2016K4;total;442;2457.0
2262;2017K1;total;378;2099.0
2262;2017K2;total;541;3004.0
2262;2017K3;total;538;2987.0
2262;2017K4;total;522;2898.0
2262;2018K1;total;346;1917.0
2262;2018K2;total;373;2067.0
2262;2018K3;total;473;2621.0
2262;2018K4;total;483;2677.0
2262;2019K1;total;404;2242.0
2262;2019K2;total;503;2791.0
2262;2019K3;total;498;2764.0
2262;2019K4;total;428;2375.0
2262;2020K1;total;362;2014.0
2262;2020K2;total;450;2504.0
2262;2020K3;total;510;2838.0
2262;2020K4;total;439;2443.0
2262;2021K1;total;409;2279.0
2262;2021K2;total;435;2424.0
2262;2021K3;total;390;2174.0
2262;2021K4;total;396;2207.0
2262;2022K1;total;257;1441.0
2262;2022K2;total;385;2158.0
2262;2022K3;total;365;2046.0
2262;2022K4;total;332;1861.0
2262;2023K1;total;346;1961.0
2262;2023K2;total;384;2176.0
2262;2023K3;total;439;2488.0
2262;2023K4;total;406;2301.0
2262;2024K1;total;346;1976.0
2262;2024K2;total;389;2222.0
2262;2024K3;total;304;1736.0
2262;2024K4;total;333;1902.0
2262;2025K1;total;306;1749.0
2262;2025K2;total;331;1892.0
2262;2025K3;total;380;2172.0
2262;2025K4;total;394;2252.0
2262;2026 prel.K1;total;308;1764.0
2262;2026 prel.K2;total;393;2250.0
2280;2014K1;total;678;2753.0
2280;2014K2;total;691;2805.0
2280;2015K1;total;674;2706.0
2280;2015K2;total;803;3224.0
2280;2015K3;total;916;3677.0
2280;2015K4;total;708;2842.0
2280;2016K1;total;635;2523.0
2280;2016K2;total;801;3183.0
2280;2016K3;total;911;3620.0
2280;2016K4;total;943;3747.0
2280;2017K1;total;908;3599.0
2280;2017K2;total;1051;4166.0
2280;2017K3;total;893;3540.0
2280;2017K4;total;815;3230.0
2280;2018K1;total;625;2485.0
2280;2018K2;total;835;3319.0
2280;2018K3;total;933;3709.0
2280;2018K4;total;745;2962.0
2280;2019K1;total;703;2795.0
2280;2019K2;total;786;3125.0
2280;2019K3;total;861;3423.0
2280;2019K4;total;861;3423.0
2280;2020K1;total;655;2605.0
2280;2020K2;total;920;3658.0
2280;2020K3;total;819;3257.0
2280;2020K4;total;891;3543.0
2280;2021K1;total;978;3902.0
2280;2021K2;total;764;3048.0
2280;2021K3;total;773;3084.0
2280;2021K4;total;944;3767.0
2280;2022K1;total;652;2614.0
2280;2022K2;total;822;3295.0
2280;2022K3;total;830;3327.0
2280;2022K4;total;828;3319.0
2280;2023K1;total;739;2984.0
2280;2023K2;total;865;3493.0
2280;2023K3;total;1160;4684.0
2280;2023K4;total;878;3545.0
2280;2024K1;total;753;3061.0
2280;2024K2;total;714;2902.0
2280;2024K3;total;752;3057.0
2280;2024K4;total;544;2211.0
2280;2025K1;total;643;2632.0
2280;2025K2;total;691;2828.0
2280;2025K3;total;810;3315.0
2280;2025K4;total;795;3254.0
2280;2026 prel.K1;total;691;2838.0
2280;2026 prel.K2;total;676;2776.0
2281;2014K1;total;2847;2930.0
2281;2014K2;total;3409;3509.0
2281;2015K1;total;3064;3143.0
2281;2015K2;total;3082;3161.0
2281;2015K3;total;3106;3186.0
2281;2015K4;total;2762;2833.0
2281;2016K1;total;2967;3028.0
2281;2016K2;total;3333;3402.0
2281;2016K3;total;3432;3503.0
2281;2016K4;total;3017;3079.0
2281;2017K1;total;3095;3140.0
2281;2017K2;total;3513;3564.0
2281;2017K3;total;3212;3259.0
2281;2017K4;total;3349;3398.0
2281;2018K1;total;2632;2663.0
2281;2018K2;total;3018;3054.0
2281;2018K3;total;3310;3349.0
2281;2018K4;total;3342;3382.0
2281;2019K1;total;3041;3067.0
2281;2019K2;total;3147;3174.0
2281;2019K3;total;3433;3462.0
2281;2019K4;total;3303;3331.0
2281;2020K1;total;3388;3407.0
2281;2020K2;total;3011;3028.0
2281;2020K3;total;3049;3066.0
2281;2020K4;total;2940;2956.0
2281;2021K1;total;2489;2504.0
2281;2021K2;total;2805;2822.0
2281;2021K3;total;2926;2943.0
2281;2021K4;total;2769;2785.0
2281;2022K1;total;2368;2383.0
2281;2022K2;total;2867;2885.0
2281;2022K3;total;2855;2873.0
2281;2022K4;total;2853;2871.0
2281;2023K1;total;2712;2731.0
2281;2023K2;total;2990;3011.0
2281;2023K3;total;2853;2873.0
2281;2023K4;total;2567;2585.0
2281;2024K1;total;2303;2322.0
2281;2024K2;total;2551;2572.0
2281;2024K3;total;2786;2809.0
2281;2024K4;total;2366;2386.0
2281;2025K1;total;2044;2065.0
2281;2025K2;total;2345;2369.0
2281;2025K3;total;2644;2671.0
2281;2025K4;total;2521;2546.0
2281;2026 prel.K1;total;2333;2357.0
2281;2026 prel.K2;total;2603;2630.0
2282;2014K1;total;448;2429.0
2282;2014K2;total;618;3351.0
2282;2015K1;total;505;2745.0
2282;2015K2;total;584;3174.0
2282;2015K3;total;564;3066.0
2282;2015K4;total;517;2810.0
2282;2016K1;total;545;2943.0
2282;2016K2;total;614;3315.0
2282;2016K3;total;558;3013.0
2282;2016K4;total;722;3898.0
2282;2017K1;total;526;2821.0
2282;2017K2;total;667;3577.0
2282;2017K3;total;719;3856.0
2282;2017K4;total;759;4071.0
2282;2018K1;total;685;3699.0
2282;2018K2;total;679;3667.0
2282;2018K3;total;715;3861.0
2282;2018K4;total;662;3575.0
2282;2019K1;total;461;2512.0
2282;2019K2;total;779;4245.0
2282;2019K3;total;760;4141.0
2282;2019K4;total;664;3618.0
2282;2020K1;total;608;3339.0
2282;2020K2;total;613;3367.0
2282;2020K3;total;710;3899.0
2282;2020K4;total;572;3142.0
2282;2021K1;total;490;2712.0
2282;2021K2;total;705;3902.0
2282;2021K3;total;574;3177.0
2282;2021K4;total;412;2280.0
2282;2022K1;total;392;2183.0
2282;2022K2;total;546;3041.0
2282;2022K3;total;538;2996.0
2282;2022K4;total;510;2841.0
2282;2023K1;total;434;2443.0
2282;2023K2;total;512;2882.0
2282;2023K3;total;548;3084.0
2282;2023K4;total;472;2657.0
2282;2024K1;total;432;2456.0
2282;2024K2;total;470;2672.0
2282;2024K3;total;457;2598.0
2282;2024K4;total;467;2654.0
2282;2025K1;total;411;2357.0
2282;2025K2;total;497;2850.0
2282;2025K3;total;558;3199.0
2282;2025K4;total;514;2947.0
2282;2026 prel.K1;total;374;2151.0
2282;2026 prel.K2;total;402;2312.0
2283;2014K1;total;377;1914.0
2283;2014K2;total;486;2467.0
2283;2015K1;total;406;2053.0
2283;2015K2;total;682;3448.0
2283;2015K3;total;862;4358.0
2283;2015K4;total;559;2826.0
2283;2016K1;total;508;2564.0
2283;2016K2;total;595;3003.0
2283;2016K3;total;604;3048.0
2283;2016K4;total;568;2867.0
2283;2017K1;total;466;2356.0
2283;2017K2;total;470;2376.0
2283;2017K3;total;657;3322.0
2283;2017K4;total;576;2912.0
2283;2018K1;total;458;2336.0
2283;2018K2;total;648;3305.0
2283;2018K3;total;789;4025.0
2283;2018K4;total;645;3290.0
2283;2019K1;total;494;2557.0
2283;2019K2;total;583;3018.0
2283;2019K3;total;665;3442.0
2283;2019K4;total;518;2681.0
2283;2020K1;total;533;2804.0
2283;2020K2;total;568;2989.0
2283;2020K3;total;577;3036.0
2283;2020K4;total;606;3188.0
2283;2021K1;total;425;2255.0
2283;2021K2;total;451;2393.0
2283;2021K3;total;461;2447.0
2283;2021K4;total;624;3312.0
2283;2022K1;total;447;2385.0
2283;2022K2;total;439;2343.0
2283;2022K3;total;633;3378.0
2283;2022K4;total;530;2828.0
2283;2023K1;total;464;2495.0
2283;2023K2;total;515;2770.0
2283;2023K3;total;431;2318.0
2283;2023K4;total;421;2264.0
2283;2024K1;total;444;2403.0
2283;2024K2;total;458;2479.0
2283;2024K3;total;505;2734.0
2283;2024K4;total;449;2430.0
2283;2025K1;total;364;1993.0
2283;2025K2;total;471;2578.0
2283;2025K3;total;526;2880.0
2283;2025K4;total;445;2436.0
2283;2026 prel.K1;total;355;1957.0
2283;2026 prel.K2;total;454;2503.0
2284;2014K1;total;826;1499.0
2284;2014K2;total;1375;2495.0
2284;2015K1;total;824;1487.0
2284;2015K2;total;924;1668.0
2284;2015K3;total;1005;1814.0
2284;2015K4;total;1019;1839.0
2284;2016K1;total;855;1533.0
2284;2016K2;total;1129;2024.0
2284;2016K3;total;1090;1954.0
2284;2016K4;total;1128;2023.0
2284;2017K1;total;1108;1977.0
2284;2017K2;total;1151;2053.0
2284;2017K3;total;1126;2009.0
2284;2017K4;total;1175;2096.0
2284;2018K1;total;1058;1885.0
2284;2018K2;total;1239;2208.0
2284;2018K3;total;1264;2253.0
2284;2018K4;total;1253;2233.0
2284;2019K1;total;1153;2057.0
2284;2019K2;total;1487;2653.0
2284;2019K3;total;1520;2712.0
2284;2019K4;total;1388;2477.0
2284;2020K1;total;1211;2166.0
2284;2020K2;total;1333;2385.0
2284;2020K3;total;1404;2512.0
2284;2020K4;total;1323;2367.0
2284;2021K1;total;1133;2030.0
2284;2021K2;total;1450;2598.0
2284;2021K3;total;1402;2512.0
2284;2021K4;total;1300;2329.0
2284;2022K1;total;1167;2096.0
2284;2022K2;total;1095;1966.0
2284;2022K3;total;1152;2069.0
2284;2022K4;total;1065;1912.0
2284;2023K1;total;987;1778.0
2284;2023K2;total;1259;2268.0
2284;2023K3;total;1176;2118.0
2284;2023K4;total;1180;2125.0
2284;2024K1;total;987;1780.0
2284;2024K2;total;1117;2014.0
2284;2024K3;total;1054;1901.0
2284;2024K4;total;1039;1874.0
2284;2025K1;total;1063;1919.0
2284;2025K2;total;1131;2042.0
2284;2025K3;total;1208;2181.0
2284;2025K4;total;1086;1961.0
2284;2026 prel.K1;total;993;1794.0
2284;2026 prel.K2;total;993;1794.0
2303;2014K1;total;52;954.0
2303;2014K2;total;51;936.0
2303;2015K1;total;77;1422.0
2303;2015K2;total;109;2013.0
2303;2015K3;total;106;1958.0
2303;2015K4;total;130;2401.0
2303;2016K1;total;80;1481.0
2303;2016K2;total;110;2037.0
2303;2016K3;total;118;2185.0
2303;2016K4;total;95;1759.0
2303;2017K1;total;106;1952.0
2303;2017K2;total;110;2026.0
2303;2017K3;total;100;1842.0
2303;2017K4;total;132;2431.0
2303;2018K1;total;118;2188.0
2303;2018K2;total;153;2837.0
2303;2018K3;total;147;2726.0
2303;2018K4;total;125;2318.0
2303;2019K1;total;101;1901.0
2303;2019K2;total;109;2051.0
2303;2019K3;total;122;2296.0
2303;2019K4;total;93;1750.0
2303;2020K1;total;80;1525.0
2303;2020K2;total;107;2040.0
2303;2020K3;total;76;1449.0
2303;2020K4;total;103;1963.0
2303;2021K1;total;77;1478.0
2303;2021K2;total;84;1613.0
2303;2021K3;total;97;1862.0
2303;2021K4;total;71;1363.0
2303;2022K1;total;77;1483.0
2303;2022K2;total;59;1136.0
2303;2022K3;total;122;2350.0
2303;2022K4;total;88;1695.0
2303;2023K1;total;75;1455.0
2303;2023K2;total;75;1455.0
2303;2023K3;total;125;2425.0
2303;2023K4;total;88;1707.0
2303;2024K1;total;69;1342.0
2303;2024K2;total;120;2333.0
2303;2024K3;total;89;1731.0
2303;2024K4;total;95;1847.0
2303;2025K1;total;81;1573.0
2303;2025K2;total;118;2292.0
2303;2025K3;total;101;1962.0
2303;2025K4;total;118;2292.0
2303;2026 prel.K1;total;88;1708.0
2303;2026 prel.K2;total;106;2057.0
2305;2014K1;total;80;1229.0
2305;2014K2;total;101;1551.0
2305;2015K1;total;73;1130.0
2305;2015K2;total;100;1548.0
2305;2015K3;total;123;1904.0
2305;2015K4;total;93;1440.0
2305;2016K1;total;128;1977.0
2305;2016K2;total;98;1514.0
2305;2016K3;total;120;1854.0
2305;2016K4;total;107;1653.0
2305;2017K1;total;106;1632.0
2305;2017K2;total;114;1755.0
2305;2017K3;total;111;1709.0
2305;2017K4;total;148;2278.0
2305;2018K1;total;110;1708.0
2305;2018K2;total;174;2702.0
2305;2018K3;total;158;2454.0
2305;2018K4;total;113;1755.0
2305;2019K1;total;118;1862.0
2305;2019K2;total;158;2493.0
2305;2019K3;total;143;2257.0
2305;2019K4;total;109;1720.0
2305;2020K1;total;175;2805.0
2305;2020K2;total;127;2035.0
2305;2020K3;total;143;2292.0
2305;2020K4;total;98;1571.0
2305;2021K1;total;120;1942.0
2305;2021K2;total;107;1732.0
2305;2021K3;total;129;2088.0
2305;2021K4;total;97;1570.0
2305;2022K1;total;105;1702.0
2305;2022K2;total;129;2091.0
2305;2022K3;total;123;1994.0
2305;2022K4;total;79;1281.0
2305;2023K1;total;114;1860.0
2305;2023K2;total;120;1957.0
2305;2023K3;total;95;1550.0
2305;2023K4;total;101;1648.0
2305;2024K1;total;169;2785.0
2305;2024K2;total;117;1928.0
2305;2024K3;total;174;2868.0
2305;2024K4;total;139;2291.0
2305;2025K1;total;122;2036.0
2305;2025K2;total;162;2703.0
2305;2025K3;total;230;3838.0
2305;2025K4;total;202;3371.0
2305;2026 prel.K1;total;140;2353.0
2305;2026 prel.K2;total;145;2437.0
2309;2014K1;total;108;737.0
2309;2014K2;total;192;1311.0
2309;2015K1;total;195;1325.0
2309;2015K2;total;225;1529.0
2309;2015K3;total;168;1142.0
2309;2015K4;total;151;1026.0
2309;2016K1;total;167;1127.0
2309;2016K2;total;224;1512.0
2309;2016K3;total;558;3767.0
2309;2016K4;total;233;1573.0
2309;2017K1;total;202;1357.0
2309;2017K2;total;244;1639.0
2309;2017K3;total;295;1982.0
2309;2017K4;total;245;1646.0
2309;2018K1;total;230;1545.0
2309;2018K2;total;283;1900.0
2309;2018K3;total;282;1894.0
2309;2018K4;total;241;1618.0
2309;2019K1;total;190;1274.0
2309;2019K2;total;184;1234.0
2309;2019K3;total;177;1187.0
2309;2019K4;total;206;1381.0
2309;2020K1;total;204;1359.0
2309;2020K2;total;238;1586.0
2309;2020K3;total;266;1772.0
2309;2020K4;total;277;1845.0
2309;2021K1;total;345;2269.0
2309;2021K2;total;206;1355.0
2309;2021K3;total;233;1533.0
2309;2021K4;total;249;1638.0
2309;2022K1;total;204;1321.0
2309;2022K2;total;241;1561.0
2309;2022K3;total;156;1010.0
2309;2022K4;total;241;1561.0
2309;2023K1;total;167;1073.0
2309;2023K2;total;189;1214.0
2309;2023K3;total;172;1105.0
2309;2023K4;total;221;1420.0
2309;2024K1;total;215;1374.0
2309;2024K2;total;252;1610.0
2309;2024K3;total;223;1425.0
2309;2024K4;total;208;1329.0
2309;2025K1;total;232;1474.0
2309;2025K2;total;230;1461.0
2309;2025K3;total;228;1449.0
2309;2025K4;total;215;1366.0
2309;2026 prel.K1;total;243;1538.0
2309;2026 prel.K2;total;219;1387.0
2313;2014K1;total;171;1434.0
2313;2014K2;total;203;1702.0
2313;2015K1;total;129;1094.0
2313;2015K2;total;148;1255.0
2313;2015K3;total;238;2018.0
2313;2015K4;total;199;1688.0
2313;2016K1;total;185;1573.0
2313;2016K2;total;259;2202.0
2313;2016K3;total;233;1981.0
2313;2016K4;total;224;1905.0
2313;2017K1;total;232;1966.0
2313;2017K2;total;239;2025.0
2313;2017K3;total;243;2059.0
2313;2017K4;total;238;2017.0
2313;2018K1;total;191;1626.0
2313;2018K2;total;242;2060.0
2313;2018K3;total;273;2324.0
2313;2018K4;total;247;2103.0
2313;2019K1;total;182;1562.0
2313;2019K2;total;238;2042.0
2313;2019K3;total;276;2368.0
2313;2019K4;total;252;2162.0
2313;2020K1;total;243;2105.0
2313;2020K2;total;227;1966.0
2313;2020K3;total;271;2347.0
2313;2020K4;total;259;2243.0
2313;2021K1;total;186;1620.0
2313;2021K2;total;176;1533.0
2313;2021K3;total;280;2439.0
2313;2021K4;total;331;2883.0
2313;2022K1;total;191;1670.0
2313;2022K2;total;178;1557.0
2313;2022K3;total;210;1836.0
2313;2022K4;total;223;1950.0
2313;2023K1;total;196;1741.0
2313;2023K2;total;233;2070.0
2313;2023K3;total;251;2230.0
2313;2023K4;total;199;1768.0
2313;2024K1;total;191;1728.0
2313;2024K2;total;226;2045.0
2313;2024K3;total;261;2361.0
2313;2024K4;total;172;1556.0
2313;2025K1;total;257;2344.0
2313;2025K2;total;225;2052.0
2313;2025K3;total;264;2408.0
2313;2025K4;total;257;2344.0
2313;2026 prel.K1;total;170;1559.0
2313;2026 prel.K2;total;290;2660.0
2321;2014K1;total;363;3461.0
2321;2014K2;total;249;2374.0
2321;2015K1;total;383;3608.0
2321;2015K2;total;198;1865.0
2321;2015K3;total;177;1667.0
2321;2015K4;total;277;2609.0
2321;2016K1;total;435;3997.0
2321;2016K2;total;245;2251.0
2321;2016K3;total;262;2408.0
2321;2016K4;total;282;2591.0
2321;2017K1;total;423;3784.0
2321;2017K2;total;318;2845.0
2321;2017K3;total;313;2800.0
2321;2017K4;total;330;2952.0
2321;2018K1;total;368;3228.0
2321;2018K2;total;319;2799.0
2321;2018K3;total;292;2562.0
2321;2018K4;total;327;2869.0
2321;2019K1;total;399;3431.0
2321;2019K2;total;333;2864.0
2321;2019K3;total;316;2718.0
2321;2019K4;total;348;2993.0
2321;2020K1;total;388;3264.0
2321;2020K2;total;219;1842.0
2321;2020K3;total;270;2271.0
2321;2020K4;total;225;1893.0
2321;2021K1;total;270;2220.0
2321;2021K2;total;221;1817.0
2321;2021K3;total;173;1423.0
2321;2021K4;total;261;2146.0
2321;2022K1;total;386;3138.0
2321;2022K2;total;275;2236.0
2321;2022K3;total;227;1845.0
2321;2022K4;total;250;2032.0
2321;2023K1;total;371;2993.0
2321;2023K2;total;300;2420.0
2321;2023K3;total;220;1775.0
2321;2023K4;total;269;2170.0
2321;2024K1;total;456;3635.0
2321;2024K2;total;318;2535.0
2321;2024K3;total;243;1937.0
2321;2024K4;total;290;2312.0
2321;2025K1;total;377;2961.0
2321;2025K2;total;308;2419.0
2321;2025K3;total;285;2239.0
2321;2025K4;total;307;2411.0
2321;2026 prel.K1;total;409;3203.0
2321;2026 prel.K2;total;243;1903.0
2326;2014K1;total;95;1335.0
2326;2014K2;total;118;1659.0
2326;2015K1;total;97;1376.0
2326;2015K2;total;167;2369.0
2326;2015K3;total;133;1887.0
2326;2015K4;total;110;1560.0
2326;2016K1;total;93;1318.0
2326;2016K2;total;104;1474.0
2326;2016K3;total;154;2182.0
2326;2016K4;total;129;1828.0
2326;2017K1;total;172;2422.0
2326;2017K2;total;156;2197.0
2326;2017K3;total;160;2253.0
2326;2017K4;total;171;2408.0
2326;2018K1;total;174;2447.0
2326;2018K2;total;152;2138.0
2326;2018K3;total;187;2630.0
2326;2018K4;total;185;2602.0
2326;2019K1;total;133;1879.0
2326;2019K2;total;132;1865.0
2326;2019K3;total;133;1879.0
2326;2019K4;total;149;2105.0
2326;2020K1;total;137;1932.0
2326;2020K2;total;101;1424.0
2326;2020K3;total;128;1805.0
2326;2020K4;total;143;2017.0
2326;2021K1;total;90;1263.0
2326;2021K2;total;131;1838.0
2326;2021K3;total;126;1768.0
2326;2021K4;total;133;1866.0
2326;2022K1;total;160;2236.0
2326;2022K2;total;137;1915.0
2326;2022K3;total;120;1677.0
2326;2022K4;total;135;1887.0
2326;2023K1;total;120;1676.0
2326;2023K2;total;114;1593.0
2326;2023K3;total;176;2459.0
2326;2023K4;total;109;1523.0
2326;2024K1;total;127;1784.0
2326;2024K2;total;111;1559.0
2326;2024K3;total;174;2444.0
2326;2024K4;total;134;1882.0
2326;2025K1;total;157;2212.0
2326;2025K2;total;137;1931.0
2326;2025K3;total;191;2691.0
2326;2025K4;total;146;2057.0
2326;2026 prel.K1;total;140;1976.0
2326;2026 prel.K2;total;140;1976.0
2361;2014K1;total;207;2019.0
2361;2014K2;total;162;1580.0
2361;2015K1;total;209;2040.0
2361;2015K2;total;236;2304.0
2361;2015K3;total;333;3251.0
2361;2015K4;total;234;2284.0
2361;2016K1;total;238;2326.0
2361;2016K2;total;250;2444.0
2361;2016K3;total;207;2023.0
2361;2016K4;total;204;1994.0
2361;2017K1;total;243;2388.0
2361;2017K2;total;254;2496.0
2361;2017K3;total;202;1985.0
2361;2017K4;total;271;2663.0
2361;2018K1;total;270;2660.0
2361;2018K2;total;303;2985.0
2361;2018K3;total;240;2364.0
2361;2018K4;total;301;2965.0
2361;2019K1;total;244;2411.0
2361;2019K2;total;244;2411.0
2361;2019K3;total;188;1858.0
2361;2019K4;total;197;1947.0
2361;2020K1;total;255;2530.0
2361;2020K2;total;178;1766.0
2361;2020K3;total;223;2212.0
2361;2020K4;total;229;2272.0
2361;2021K1;total;270;2675.0
2361;2021K2;total;197;1952.0
2361;2021K3;total;186;1843.0
2361;2021K4;total;192;1902.0
2361;2022K1;total;220;2168.0
2361;2022K2;total;208;2049.0
2361;2022K3;total;202;1990.0
2361;2022K4;total;191;1882.0
2361;2023K1;total;280;2755.0
2361;2023K2;total;195;1918.0
2361;2023K3;total;184;1810.0
2361;2023K4;total;239;2351.0
2361;2024K1;total;256;2527.0
2361;2024K2;total;232;2290.0
2361;2024K3;total;260;2566.0
2361;2024K4;total;226;2230.0
2361;2025K1;total;234;2306.0
2361;2025K2;total;223;2198.0
2361;2025K3;total;223;2198.0
2361;2025K4;total;239;2356.0
2361;2026 prel.K1;total;269;2659.0
2361;2026 prel.K2;total;210;2076.0
2380;2014K1;total;1391;2310.0
2380;2014K2;total;1769;2937.0
2380;2015K1;total;1767;2907.0
2380;2015K2;total;2022;3327.0
2380;2015K3;total;1838;3024.0
2380;2015K4;total;1871;3078.0
2380;2016K1;total;1662;2707.0
2380;2016K2;total;1668;2716.0
2380;2016K3;total;1799;2930.0
2380;2016K4;total;2021;3291.0
2380;2017K1;total;1697;2729.0
2380;2017K2;total;1746;2808.0
2380;2017K3;total;1968;3165.0
2380;2017K4;total;1773;2852.0
2380;2018K1;total;1623;2580.0
2380;2018K2;total;2035;3235.0
2380;2018K3;total;2038;3239.0
2380;2018K4;total;1835;2917.0
2380;2019K1;total;1847;2909.0
2380;2019K2;total;2089;3290.0
2380;2019K3;total;1960;3086.0
2380;2019K4;total;1874;2951.0
2380;2020K1;total;2143;3355.0
2380;2020K2;total;2348;3676.0
2380;2020K3;total;2303;3605.0
2380;2020K4;total;2431;3805.0
2380;2021K1;total;2008;3130.0
2380;2021K2;total;2116;3298.0
2380;2021K3;total;2058;3208.0
2380;2021K4;total;2160;3367.0
2380;2022K1;total;1708;2647.0
2380;2022K2;total;2247;3483.0
2380;2022K3;total;2064;3199.0
2380;2022K4;total;1772;2746.0
2380;2023K1;total;1548;2389.0
2380;2023K2;total;1919;2962.0
2380;2023K3;total;2030;3133.0
2380;2023K4;total;1886;2911.0
2380;2024K1;total;1636;2520.0
2380;2024K2;total;1897;2922.0
2380;2024K3;total;1906;2936.0
2380;2024K4;total;1851;2851.0
2380;2025K1;total;1887;2904.0
2380;2025K2;total;1847;2843.0
2380;2025K3;total;2022;3112.0
2380;2025K4;total;1874;2884.0
2380;2026 prel.K1;total;2011;3096.0
2380;2026 prel.K2;total;2041;3142.0
2401;2014K1;total;79;1121.0
2401;2014K2;total;83;1178.0
2401;2015K1;total;126;1782.0
2401;2015K2;total;155;2192.0
2401;2015K3;total;184;2602.0
2401;2015K4;total;181;2559.0
2401;2016K1;total;115;1621.0
2401;2016K2;total;192;2706.0
2401;2016K3;total;294;4143.0
2401;2016K4;total;140;1973.0
2401;2017K1;total;255;3583.0
2401;2017K2;total;192;2698.0
2401;2017K3;total;152;2136.0
2401;2017K4;total;204;2866.0
2401;2018K1;total;153;2152.0
2401;2018K2;total;143;2011.0
2401;2018K3;total;134;1885.0
2401;2018K4;total;145;2039.0
2401;2019K1;total;154;2160.0
2401;2019K2;total;176;2468.0
2401;2019K3;total;274;3843.0
2401;2019K4;total;140;1963.0
2401;2020K1;total;153;2147.0
2401;2020K2;total;143;2007.0
2401;2020K3;total;132;1853.0
2401;2020K4;total;184;2582.0
2401;2021K1;total;145;2041.0
2401;2021K2;total;165;2323.0
2401;2021K3;total;147;2069.0
2401;2021K4;total;142;1999.0
2401;2022K1;total;72;1017.0
2401;2022K2;total;92;1299.0
2401;2022K3;total;67;946.0
2401;2022K4;total;124;1751.0
2401;2023K1;total;94;1333.0
2401;2023K2;total;84;1192.0
2401;2023K3;total;145;2057.0
2401;2023K4;total;82;1163.0
2401;2024K1;total;107;1531.0
2401;2024K2;total;138;1974.0
2401;2024K3;total;144;2060.0
2401;2024K4;total;142;2031.0
2401;2025K1;total;130;1878.0
2401;2025K2;total;111;1603.0
2401;2025K3;total;111;1603.0
2401;2025K4;total;152;2195.0
2401;2026 prel.K1;total;112;1622.0
2401;2026 prel.K2;total;145;2100.0
2403;2014K1;total;36;1473.0
2403;2014K2;total;32;1310.0
2403;2015K1;total;52;2121.0
2403;2015K2;total;45;1835.0
2403;2015K3;total;45;1835.0
2403;2015K4;total;51;2080.0
2403;2016K1;total;82;3342.0
2403;2016K2;total;45;1834.0
2403;2016K3;total;38;1549.0
2403;2016K4;total;38;1549.0
2403;2017K1;total;30;1223.0
2403;2017K2;total;65;2650.0
2403;2017K3;total;90;3670.0
2403;2017K4;total;105;4281.0
2403;2018K1;total;55;2244.0
2403;2018K2;total;46;1877.0
2403;2018K3;total;68;2775.0
2403;2018K4;total;59;2408.0
2403;2019K1;total;41;1688.0
2403;2019K2;total;69;2841.0
2403;2019K3;total;47;1935.0
2403;2019K4;total;50;2058.0
2403;2020K1;total;35;1460.0
2403;2020K2;total;43;1794.0
2403;2020K3;total;56;2336.0
2403;2020K4;total;33;1376.0
2403;2021K1;total;45;1882.0
2403;2021K2;total;46;1924.0
2403;2021K3;total;52;2175.0
2403;2021K4;total;48;2008.0
2403;2022K1;total;24;1007.0
2403;2022K2;total;33;1385.0
2403;2022K3;total;68;2853.0
2403;2022K4;total;35;1468.0
2403;2023K1;total;26;1102.0
2403;2023K2;total;54;2288.0
2403;2023K3;total;57;2415.0
2403;2023K4;total;46;1949.0
2403;2024K1;total;45;1912.0
2403;2024K2;total;72;3060.0
2403;2024K3;total;23;977.0
2403;2024K4;total;47;1997.0
2403;2025K1;total;68;2902.0
2403;2025K2;total;62;2646.0
2403;2025K3;total;57;2433.0
2403;2025K4;total;53;2262.0
2403;2026 prel.K1;total;34;1461.0
2403;2026 prel.K2;total;27;1160.0
2404;2014K1;total;65;1212.0
2404;2014K2;total;109;2032.0
2404;2015K1;total;104;1934.0
2404;2015K2;total;100;1860.0
2404;2015K3;total;94;1748.0
2404;2015K4;total;92;1711.0
2404;2016K1;total;132;2448.0
2404;2016K2;total;78;1447.0
2404;2016K3;total;109;2022.0
2404;2016K4;total;140;2596.0
2404;2017K1;total;108;1995.0
2404;2017K2;total;85;1570.0
2404;2017K3;total;137;2531.0
2404;2017K4;total;154;2845.0
2404;2018K1;total;109;2010.0
2404;2018K2;total;188;3466.0
2404;2018K3;total;91;1678.0
2404;2018K4;total;110;2028.0
2404;2019K1;total;119;2192.0
2404;2019K2;total;106;1952.0
2404;2019K3;total;175;3223.0
2404;2019K4;total;123;2265.0
2404;2020K1;total;94;1724.0
2404;2020K2;total;79;1448.0
2404;2020K3;total;104;1907.0
2404;2020K4;total;110;2017.0
2404;2021K1;total;106;1921.0
2404;2021K2;total;79;1432.0
2404;2021K3;total;85;1541.0
2404;2021K4;total;114;2066.0
2404;2022K1;total;94;1701.0
2404;2022K2;total;140;2533.0
2404;2022K3;total;78;1411.0
2404;2022K4;total;117;2117.0
2404;2023K1;total;126;2298.0
2404;2023K2;total;106;1933.0
2404;2023K3;total;107;1952.0
2404;2023K4;total;117;2134.0
2404;2024K1;total;106;1947.0
2404;2024K2;total;98;1800.0
2404;2024K3;total;122;2240.0
2404;2024K4;total;111;2038.0
2404;2025K1;total;115;2122.0
2404;2025K2;total;124;2288.0
2404;2025K3;total;148;2731.0
2404;2025K4;total;122;2251.0
2404;2026 prel.K1;total;104;1918.0
2404;2026 prel.K2;total;139;2564.0
2409;2014K1;total;68;1010.0
2409;2014K2;total;112;1664.0
2409;2015K1;total;102;1512.0
2409;2015K2;total;115;1704.0
2409;2015K3;total;91;1349.0
2409;2015K4;total;95;1408.0
2409;2016K1;total;77;1136.0
2409;2016K2;total;95;1402.0
2409;2016K3;total;121;1785.0
2409;2016K4;total;135;1992.0
2409;2017K1;total;174;2565.0
2409;2017K2;total;150;2211.0
2409;2017K3;total;140;2064.0
2409;2017K4;total;150;2211.0
2409;2018K1;total;211;3115.0
2409;2018K2;total;158;2333.0
2409;2018K3;total;168;2480.0
2409;2018K4;total;140;2067.0
2409;2019K1;total;104;1540.0
2409;2019K2;total;118;1747.0
2409;2019K3;total;129;1910.0
2409;2019K4;total;122;1806.0
2409;2020K1;total;143;2119.0
2409;2020K2;total;173;2564.0
2409;2020K3;total;90;1334.0
2409;2020K4;total;140;2075.0
2409;2021K1;total;113;1670.0
2409;2021K2;total;92;1360.0
2409;2021K3;total;95;1404.0
2409;2021K4;total;88;1300.0
2409;2022K1;total;136;2008.0
2409;2022K2;total;136;2008.0
2409;2022K3;total;136;2008.0
2409;2022K4;total;143;2111.0
2409;2023K1;total;107;1585.0
2409;2023K2;total;112;1659.0
2409;2023K3;total;134;1985.0
2409;2023K4;total;99;1467.0
2409;2024K1;total;135;2010.0
2409;2024K2;total;90;1340.0
2409;2024K3;total;190;2829.0
2409;2024K4;total;153;2278.0
2409;2025K1;total;159;2394.0
2409;2025K2;total;143;2153.0
2409;2025K3;total;156;2349.0
2409;2025K4;total;154;2318.0
2409;2026 prel.K1;total;153;2320.0
2409;2026 prel.K2;total;121;1835.0
2417;2014K1;total;40;958.0
2417;2014K2;total;71;1700.0
2417;2015K1;total;53;1269.0
2417;2015K2;total;70;1675.0
2417;2015K3;total;60;1436.0
2417;2015K4;total;110;2633.0
2417;2016K1;total;53;1277.0
2417;2016K2;total;89;2144.0
2417;2016K3;total;105;2530.0
2417;2016K4;total;111;2674.0
2417;2017K1;total;48;1169.0
2417;2017K2;total;68;1656.0
2417;2017K3;total;91;2217.0
2417;2017K4;total;80;1949.0
2417;2018K1;total;59;1443.0
2417;2018K2;total;58;1418.0
2417;2018K3;total;86;2103.0
2417;2018K4;total;86;2103.0
2417;2019K1;total;46;1139.0
2417;2019K2;total;56;1386.0
2417;2019K3;total;97;2401.0
2417;2019K4;total;46;1139.0
2417;2020K1;total;40;1009.0
2417;2020K2;total;60;1513.0
2417;2020K3;total;100;2522.0
2417;2020K4;total;91;2295.0
2417;2021K1;total;59;1491.0
2417;2021K2;total;59;1491.0
2417;2021K3;total;51;1289.0
2417;2021K4;total;95;2400.0
2417;2022K1;total;29;733.0
2417;2022K2;total;75;1894.0
2417;2022K3;total;76;1920.0
2417;2022K4;total;34;859.0
2417;2023K1;total;133;3379.0
2417;2023K2;total;37;940.0
2417;2023K3;total;75;1906.0
2417;2023K4;total;58;1474.0
2417;2024K1;total;55;1392.0
2417;2024K2;total;47;1189.0
2417;2024K3;total;84;2125.0
2417;2024K4;total;52;1316.0
2417;2025K1;total;48;1234.0
2417;2025K2;total;47;1208.0
2417;2025K3;total;56;1440.0
2417;2025K4;total;63;1620.0
2417;2026 prel.K1;total;52;1364.0
2417;2026 prel.K2;total;45;1181.0
2418;2014K1;total;34;1085.0
2418;2014K2;total;41;1308.0
2418;2015K1;total;36;1157.0
2418;2015K2;total;32;1028.0
2418;2015K3;total;65;2089.0
2418;2015K4;total;34;1093.0
2418;2016K1;total;34;1095.0
2418;2016K2;total;40;1288.0
2418;2016K3;total;57;1836.0
2418;2016K4;total;56;1804.0
2418;2017K1;total;46;1476.0
2418;2017K2;total;48;1540.0
2418;2017K3;total;23;738.0
2418;2017K4;total;43;1380.0
2418;2018K1;total;41;1311.0
2418;2018K2;total;54;1727.0
2418;2018K3;total;55;1759.0
2418;2018K4;total;54;1727.0
2418;2019K1;total;49;1583.0
2418;2019K2;total;39;1260.0
2418;2019K3;total;55;1777.0
2418;2019K4;total;37;1195.0
2418;2020K1;total;27;886.0
2418;2020K2;total;38;1248.0
2418;2020K3;total;91;2988.0
2418;2020K4;total;49;1609.0
2418;2021K1;total;42;1387.0
2418;2021K2;total;65;2146.0
2418;2021K3;total;50;1651.0
2418;2021K4;total;49;1618.0
2418;2022K1;total;43;1418.0
2418;2022K2;total;45;1483.0
2418;2022K3;total;49;1615.0
2418;2022K4;total;44;1450.0
2418;2023K1;total;58;1926.0
2418;2023K2;total;52;1727.0
2418;2023K3;total;57;1893.0
2418;2023K4;total;53;1760.0
2418;2024K1;total;36;1210.0
2418;2024K2;total;60;2017.0
2418;2024K3;total;69;2320.0
2418;2024K4;total;68;2286.0
2418;2025K1;total;34;1160.0
2418;2025K2;total;55;1876.0
2418;2025K3;total;82;2797.0
2418;2025K4;total;50;1705.0
2418;2026 prel.K1;total;60;2068.0
2418;2026 prel.K2;total;50;1723.0
2421;2014K1;total;126;2116.0
2421;2014K2;total;150;2519.0
2421;2015K1;total;125;2101.0
2421;2015K2;total;99;1664.0
2421;2015K3;total;108;1815.0
2421;2015K4;total;91;1530.0
2421;2016K1;total;158;2668.0
2421;2016K2;total;123;2077.0
2421;2016K3;total;84;1419.0
2421;2016K4;total;70;1182.0
2421;2017K1;total;147;2491.0
2421;2017K2;total;107;1813.0
2421;2017K3;total;111;1881.0
2421;2017K4;total;123;2085.0
2421;2018K1;total;182;3081.0
2421;2018K2;total;146;2472.0
2421;2018K3;total;133;2252.0
2421;2018K4;total;107;1811.0
2421;2019K1;total;92;1564.0
2421;2019K2;total;114;1938.0
2421;2019K3;total;126;2142.0
2421;2019K4;total;116;1972.0
2421;2020K1;total;173;2963.0
2421;2020K2;total;70;1199.0
2421;2020K3;total;127;2175.0
2421;2020K4;total;102;1747.0
2421;2021K1;total;103;1771.0
2421;2021K2;total;90;1547.0
2421;2021K3;total;108;1857.0
2421;2021K4;total;91;1564.0
2421;2022K1;total;101;1748.0
2421;2022K2;total;105;1817.0
2421;2022K3;total;123;2129.0
2421;2022K4;total;135;2337.0
2421;2023K1;total;192;3378.0
2421;2023K2;total;130;2287.0
2421;2023K3;total;99;1742.0
2421;2023K4;total;113;1988.0
2421;2024K1;total;176;3139.0
2421;2024K2;total;110;1962.0
2421;2024K3;total;96;1712.0
2421;2024K4;total;90;1605.0
2421;2025K1;total;200;3597.0
2421;2025K2;total;107;1924.0
2421;2025K3;total;132;2374.0
2421;2025K4;total;132;2374.0
2421;2026 prel.K1;total;178;3211.0
2421;2026 prel.K2;total;126;2273.0
2422;2014K1;total;25;969.0
2422;2014K2;total;44;1705.0
2422;2015K1;total;49;1929.0
2422;2015K2;total;37;1456.0
2422;2015K3;total;63;2480.0
2422;2015K4;total;52;2047.0
2422;2016K1;total;44;1742.0
2422;2016K2;total;54;2138.0
2422;2016K3;total;48;1901.0
2422;2016K4;total;53;2099.0
2422;2017K1;total;41;1623.0
2422;2017K2;total;51;2019.0
2422;2017K3;total;51;2019.0
2422;2017K4;total;49;1940.0
2422;2018K1;total;57;2263.0
2422;2018K2;total;61;2422.0
2422;2018K3;total;84;3335.0
2422;2018K4;total;52;2064.0
2422;2019K1;total;39;1557.0
2422;2019K2;total;57;2275.0
2422;2019K3;total;65;2594.0
2422;2019K4;total;54;2155.0
2422;2020K1;total;36;1460.0
2422;2020K2;total;65;2636.0
2422;2020K3;total;34;1379.0
2422;2020K4;total;46;1866.0
2422;2021K1;total;31;1265.0
2422;2021K2;total;31;1265.0
2422;2021K3;total;62;2530.0
2422;2021K4;total;30;1224.0
2422;2022K1;total;23;940.0
2422;2022K2;total;44;1797.0
2422;2022K3;total;35;1430.0
2422;2022K4;total;43;1757.0
2422;2023K1;total;43;1783.0
2422;2023K2;total;30;1244.0
2422;2023K3;total;37;1534.0
2422;2023K4;total;29;1203.0
2422;2024K1;total;40;1687.0
2422;2024K2;total;50;2109.0
2422;2024K3;total;49;2067.0
2422;2024K4;total;43;1814.0
2422;2025K1;total;62;2628.0
2422;2025K2;total;45;1907.0
2422;2025K3;total;62;2628.0
2422;2025K4;total;46;1950.0
2422;2026 prel.K1;total;21;889.0
2422;2026 prel.K2;total;59;2498.0
2425;2014K1;total;37;1342.0
2425;2014K2;total;48;1741.0
2425;2015K1;total;44;1601.0
2425;2015K2;total;48;1746.0
2425;2015K3;total;47;1710.0
2425;2015K4;total;36;1310.0
2425;2016K1;total;43;1575.0
2425;2016K2;total;40;1465.0
2425;2016K3;total;59;2162.0
2425;2016K4;total;58;2125.0
2425;2017K1;total;62;2311.0
2425;2017K2;total;63;2349.0
2425;2017K3;total;65;2423.0
2425;2017K4;total;70;2610.0
2425;2018K1;total;49;1880.0
2425;2018K2;total;54;2071.0
2425;2018K3;total;59;2263.0
2425;2018K4;total;40;1534.0
2425;2019K1;total;62;2422.0
2425;2019K2;total;44;1719.0
2425;2019K3;total;68;2657.0
2425;2019K4;total;80;3126.0
2425;2020K1;total;83;3288.0
2425;2020K2;total;59;2337.0
2425;2020K3;total;56;2218.0
2425;2020K4;total;109;4318.0
2425;2021K1;total;55;2219.0
2425;2021K2;total;63;2542.0
2425;2021K3;total;45;1816.0
2425;2021K4;total;54;2179.0
2425;2022K1;total;32;1314.0
2425;2022K2;total;51;2094.0
2425;2022K3;total;54;2217.0
2425;2022K4;total;76;3120.0
2425;2023K1;total;44;1852.0
2425;2023K2;total;44;1852.0
2425;2023K3;total;48;2020.0
2425;2023K4;total;37;1557.0
2425;2024K1;total;87;3744.0
2425;2024K2;total;49;2109.0
2425;2024K3;total;76;3271.0
2425;2024K4;total;40;1722.0
2425;2025K1;total;55;2426.0
2425;2025K2;total;51;2249.0
2425;2025K3;total;47;2073.0
2425;2025K4;total;74;3264.0
2425;2026 prel.K1;total;46;2053.0
2425;2026 prel.K2;total;41;1830.0
2460;2014K1;total;99;1151.0
2460;2014K2;total;107;1244.0
2460;2015K1;total;120;1395.0
2460;2015K2;total;136;1581.0
2460;2015K3;total;121;1406.0
2460;2015K4;total;90;1046.0
2460;2016K1;total;129;1492.0
2460;2016K2;total;125;1446.0
2460;2016K3;total;125;1446.0
2460;2016K4;total;112;1296.0
2460;2017K1;total;290;3320.0
2460;2017K2;total;260;2976.0
2460;2017K3;total;161;1843.0
2460;2017K4;total;128;1465.0
2460;2018K1;total;155;1765.0
2460;2018K2;total;142;1617.0
2460;2018K3;total;150;1708.0
2460;2018K4;total;164;1868.0
2460;2019K1;total;167;1892.0
2460;2019K2;total;182;2062.0
2460;2019K3;total;169;1914.0
2460;2019K4;total;195;2209.0
2460;2020K1;total;156;1746.0
2460;2020K2;total;147;1645.0
2460;2020K3;total;147;1645.0
2460;2020K4;total;173;1936.0
2460;2021K1;total;124;1374.0
2460;2021K2;total;108;1197.0
2460;2021K3;total;126;1396.0
2460;2021K4;total;111;1230.0
2460;2022K1;total;109;1210.0
2460;2022K2;total;103;1143.0
2460;2022K3;total;81;899.0
2460;2022K4;total;86;955.0
2460;2023K1;total;100;1110.0
2460;2023K2;total;107;1187.0
2460;2023K3;total;114;1265.0
2460;2023K4;total;112;1243.0
2460;2024K1;total;137;1508.0
2460;2024K2;total;139;1530.0
2460;2024K3;total;178;1959.0
2460;2024K4;total;157;1728.0
2460;2025K1;total;176;1918.0
2460;2025K2;total;125;1362.0
2460;2025K3;total;248;2702.0
2460;2025K4;total;199;2168.0
2460;2026 prel.K1;total;175;1897.0
2460;2026 prel.K2;total;149;1615.0
2462;2014K1;total;106;1544.0
2462;2014K2;total;109;1587.0
2462;2015K1;total;128;1872.0
2462;2015K2;total;148;2164.0
2462;2015K3;total;145;2120.0
2462;2015K4;total;142;2076.0
2462;2016K1;total;118;1731.0
2462;2016K2;total;193;2831.0
2462;2016K3;total;108;1584.0
2462;2016K4;total;155;2274.0
2462;2017K1;total;126;1854.0
2462;2017K2;total;225;3311.0
2462;2017K3;total;161;2369.0
2462;2017K4;total;214;3149.0
2462;2018K1;total;240;3545.0
2462;2018K2;total;161;2378.0
2462;2018K3;total;166;2452.0
2462;2018K4;total;192;2836.0
2462;2019K1;total;122;1818.0
2462;2019K2;total;127;1893.0
2462;2019K3;total;166;2474.0
2462;2019K4;total;245;3651.0
2462;2020K1;total;155;2347.0
2462;2020K2;total;176;2665.0
2462;2020K3;total;136;2060.0
2462;2020K4;total;144;2181.0
2462;2021K1;total;86;1321.0
2462;2021K2;total;153;2350.0
2462;2021K3;total;157;2411.0
2462;2021K4;total;186;2856.0
2462;2022K1;total;187;2904.0
2462;2022K2;total;133;2066.0
2462;2022K3;total;134;2081.0
2462;2022K4;total;173;2687.0
2462;2023K1;total;145;2291.0
2462;2023K2;total;146;2307.0
2462;2023K3;total;123;1944.0
2462;2023K4;total;125;1975.0
2462;2024K1;total;113;1809.0
2462;2024K2;total;138;2209.0
2462;2024K3;total;196;3137.0
2462;2024K4;total;122;1953.0
2462;2025K1;total;166;2677.0
2462;2025K2;total;137;2209.0
2462;2025K3;total;154;2484.0
2462;2025K4;total;150;2419.0
2462;2026 prel.K1;total;156;2528.0
2462;2026 prel.K2;total;150;2430.0
2463;2014K1;total;33;1155.0
2463;2014K2;total;26;910.0
2463;2015K1;total;41;1446.0
2463;2015K2;total;41;1446.0
2463;2015K3;total;98;3457.0
2463;2015K4;total;87;3069.0
2463;2016K1;total;41;1437.0
2463;2016K2;total;69;2418.0
2463;2016K3;total;99;3469.0
2463;2016K4;total;47;1647.0
2463;2017K1;total;50;1759.0
2463;2017K2;total;71;2498.0
2463;2017K3;total;99;3483.0
2463;2017K4;total;86;3026.0
2463;2018K1;total;72;2559.0
2463;2018K2;total;59;2097.0
2463;2018K3;total;80;2843.0
2463;2018K4;total;104;3696.0
2463;2019K1;total;55;1960.0
2463;2019K2;total;49;1746.0
2463;2019K3;total;145;5167.0
2463;2019K4;total;64;2280.0
2463;2020K1;total;60;2143.0
2463;2020K2;total;58;2072.0
2463;2020K3;total;92;3286.0
2463;2020K4;total;83;2965.0
2463;2021K1;total;79;2815.0
2463;2021K2;total;93;3314.0
2463;2021K3;total;109;3885.0
2463;2021K4;total;76;2708.0
2463;2022K1;total;73;2612.0
2463;2022K2;total;73;2612.0
2463;2022K3;total;96;3435.0
2463;2022K4;total;96;3435.0
2463;2023K1;total;43;1564.0
2463;2023K2;total;52;1891.0
2463;2023K3;total;97;3527.0
2463;2023K4;total;44;1600.0
2463;2024K1;total;46;1700.0
2463;2024K2;total;39;1441.0
2463;2024K3;total;87;3215.0
2463;2024K4;total;41;1515.0
2463;2025K1;total;50;1860.0
2463;2025K2;total;70;2604.0
2463;2025K3;total;84;3124.0
2463;2025K4;total;57;2120.0
2463;2026 prel.K1;total;44;1640.0
2463;2026 prel.K2;total;31;1155.0
2480;2014K1;total;2298;1931.0
2480;2014K2;total;2748;2310.0
2480;2015K1;total;2432;2023.0
2480;2015K2;total;2842;2364.0
2480;2015K3;total;2906;2418.0
2480;2015K4;total;2388;1987.0
2480;2016K1;total;2798;2297.0
2480;2016K2;total;3183;2613.0
2480;2016K3;total;2959;2429.0
2480;2016K4;total;2874;2359.0
2480;2017K1;total;3285;2649.0
2480;2017K2;total;3379;2725.0
2480;2017K3;total;3520;2839.0
2480;2017K4;total;3078;2483.0
2480;2018K1;total;2839;2251.0
2480;2018K2;total;3246;2574.0
2480;2018K3;total;3363;2667.0
2480;2018K4;total;3046;2416.0
2480;2019K1;total;2837;2216.0
2480;2019K2;total;3341;2610.0
2480;2019K3;total;3219;2515.0
2480;2019K4;total;2698;2108.0
2480;2020K1;total;2807;2167.0
2480;2020K2;total;3141;2424.0
2480;2020K3;total;3101;2393.0
2480;2020K4;total;3065;2366.0
2480;2021K1;total;2662;2038.0
2480;2021K2;total;2717;2080.0
2480;2021K3;total;2867;2195.0
2480;2021K4;total;2633;2016.0
2480;2022K1;total;2156;1638.0
2480;2022K2;total;2948;2240.0
2480;2022K3;total;2977;2262.0
2480;2022K4;total;3082;2342.0
2480;2023K1;total;2731;2059.0
2480;2023K2;total;3155;2378.0
2480;2023K3;total;3240;2442.0
2480;2023K4;total;2835;2137.0
2480;2024K1;total;2765;2069.0
2480;2024K2;total;3218;2408.0
2480;2024K3;total;3105;2324.0
2480;2024K4;total;2896;2167.0
2480;2025K1;total;3063;2273.0
2480;2025K2;total;3280;2434.0
2480;2025K3;total;3067;2276.0
2480;2025K4;total;3001;2227.0
2480;2026 prel.K1;total;2590;1915.0
2480;2026 prel.K2;total;3132;2315.0
2481;2014K1;total;215;1757.0
2481;2014K2;total;293;2394.0
2481;2015K1;total;285;2338.0
2481;2015K2;total;340;2789.0
2481;2015K3;total;385;3158.0
2481;2015K4;total;365;2994.0
2481;2016K1;total;277;2274.0
2481;2016K2;total;325;2668.0
2481;2016K3;total;358;2939.0
2481;2016K4;total;346;2840.0
2481;2017K1;total;318;2602.0
2481;2017K2;total;387;3166.0
2481;2017K3;total;356;2913.0
2481;2017K4;total;350;2864.0
2481;2018K1;total;290;2369.0
2481;2018K2;total;341;2785.0
2481;2018K3;total;411;3357.0
2481;2018K4;total;335;2736.0
2481;2019K1;total;315;2574.0
2481;2019K2;total;346;2828.0
2481;2019K3;total;329;2689.0
2481;2019K4;total;308;2517.0
2481;2020K1;total;255;2076.0
2481;2020K2;total;268;2182.0
2481;2020K3;total;353;2874.0
2481;2020K4;total;319;2597.0
2481;2021K1;total;235;1912.0
2481;2021K2;total;314;2554.0
2481;2021K3;total;386;3140.0
2481;2021K4;total;428;3481.0
2481;2022K1;total;306;2497.0
2481;2022K2;total;356;2905.0
2481;2022K3;total;396;3232.0
2481;2022K4;total;312;2546.0
2481;2023K1;total;240;1963.0
2481;2023K2;total;310;2535.0
2481;2023K3;total;404;3304.0
2481;2023K4;total;241;1971.0
2481;2024K1;total;239;1963.0
2481;2024K2;total;295;2423.0
2481;2024K3;total;342;2809.0
2481;2024K4;total;284;2333.0
2481;2025K1;total;345;2842.0
2481;2025K2;total;288;2373.0
2481;2025K3;total;357;2941.0
2481;2025K4;total;298;2455.0
2481;2026 prel.K1;total;259;2130.0
2481;2026 prel.K2;total;286;2352.0
2482;2014K1;total;1081;1501.0
2482;2014K2;total;1407;1954.0
2482;2015K1;total;1597;2217.0
2482;2015K2;total;1624;2255.0
2482;2015K3;total;1808;2510.0
2482;2015K4;total;1515;2103.0
2482;2016K1;total;1530;2121.0
2482;2016K2;total;1844;2556.0
2482;2016K3;total;2082;2886.0
2482;2016K4;total;1698;2353.0
2482;2017K1;total;1847;2548.0
2482;2017K2;total;1968;2715.0
2482;2017K3;total;2065;2848.0
2482;2017K4;total;1695;2338.0
2482;2018K1;total;1683;2318.0
2482;2018K2;total;1792;2468.0
2482;2018K3;total;1966;2708.0
2482;2018K4;total;1715;2362.0
2482;2019K1;total;1457;2009.0
2482;2019K2;total;1881;2593.0
2482;2019K3;total;1763;2431.0
2482;2019K4;total;1829;2522.0
2482;2020K1;total;1516;2085.0
2482;2020K2;total;1786;2456.0
2482;2020K3;total;1951;2683.0
2482;2020K4;total;1649;2268.0
2482;2021K1;total;1675;2291.0
2482;2021K2;total;1517;2075.0
2482;2021K3;total;1618;2213.0
2482;2021K4;total;1523;2083.0
2482;2022K1;total;1415;1915.0
2482;2022K2;total;1655;2240.0
2482;2022K3;total;1926;2606.0
2482;2022K4;total;1648;2230.0
2482;2023K1;total;1424;1887.0
2482;2023K2;total;1757;2328.0
2482;2023K3;total;1934;2563.0
2482;2023K4;total;1726;2287.0
2482;2024K1;total;1696;2187.0
2482;2024K2;total;1891;2439.0
2482;2024K3;total;2064;2662.0
2482;2024K4;total;1632;2105.0
2482;2025K1;total;1550;2019.0
2482;2025K2;total;1810;2357.0
2482;2025K3;total;2076;2704.0
2482;2025K4;total;1876;2443.0
2482;2026 prel.K1;total;1631;2163.0
2482;2026 prel.K2;total;2124;2817.0
2505;2014K1;total;113;1745.0
2505;2014K2;total;111;1714.0
2505;2015K1;total;138;2130.0
2505;2015K2;total;116;1791.0
2505;2015K3;total;139;2146.0
2505;2015K4;total;115;1775.0
2505;2016K1;total;134;2075.0
2505;2016K2;total;118;1828.0
2505;2016K3;total;168;2602.0
2505;2016K4;total;194;3005.0
2505;2017K1;total;147;2282.0
2505;2017K2;total;151;2344.0
2505;2017K3;total;187;2903.0
2505;2017K4;total;182;2826.0
2505;2018K1;total;140;2192.0
2505;2018K2;total;148;2317.0
2505;2018K3;total;170;2662.0
2505;2018K4;total;141;2208.0
2505;2019K1;total;130;2071.0
2505;2019K2;total;106;1689.0
2505;2019K3;total;171;2724.0
2505;2019K4;total;119;1896.0
2505;2020K1;total;138;2232.0
2505;2020K2;total;149;2410.0
2505;2020K3;total;143;2313.0
2505;2020K4;total;102;1650.0
2505;2021K1;total;117;1904.0
2505;2021K2;total;74;1204.0
2505;2021K3;total;126;2051.0
2505;2021K4;total;79;1286.0
2505;2022K1;total;86;1404.0
2505;2022K2;total;85;1387.0
2505;2022K3;total;119;1942.0
2505;2022K4;total;106;1730.0
2505;2023K1;total;91;1489.0
2505;2023K2;total;124;2029.0
2505;2023K3;total;116;1898.0
2505;2023K4;total;109;1783.0
2505;2024K1;total;89;1461.0
2505;2024K2;total;132;2167.0
2505;2024K3;total;181;2972.0
2505;2024K4;total;110;1806.0
2505;2025K1;total;120;1981.0
2505;2025K2;total;93;1535.0
2505;2025K3;total;113;1865.0
2505;2025K4;total;127;2097.0
2505;2026 prel.K1;total;118;1958.0
2505;2026 prel.K2;total;83;1377.0
2506;2014K1;total;56;1902.0
2506;2014K2;total;89;3024.0
2506;2015K1;total;57;1968.0
2506;2015K2;total;30;1036.0
2506;2015K3;total;80;2761.0
2506;2015K4;total;53;1829.0
2506;2016K1;total;75;2603.0
2506;2016K2;total;70;2429.0
2506;2016K3;total;58;2013.0
2506;2016K4;total;73;2533.0
2506;2017K1;total;49;1720.0
2506;2017K2;total;70;2457.0
2506;2017K3;total;92;3230.0
2506;2017K4;total;73;2563.0
2506;2018K1;total;116;4132.0
2506;2018K2;total;51;1817.0
2506;2018K3;total;51;1817.0
2506;2018K4;total;71;2529.0
2506;2019K1;total;54;1936.0
2506;2019K2;total;55;1972.0
2506;2019K3;total;61;2187.0
2506;2019K4;total;69;2474.0
2506;2020K1;total;55;1999.0
2506;2020K2;total;116;4216.0
2506;2020K3;total;93;3380.0
2506;2020K4;total;70;2544.0
2506;2021K1;total;42;1548.0
2506;2021K2;total;42;1548.0
2506;2021K3;total;66;2433.0
2506;2021K4;total;42;1548.0
2506;2022K1;total;58;2159.0
2506;2022K2;total;44;1638.0
2506;2022K3;total;119;4429.0
2506;2022K4;total;63;2345.0
2506;2023K1;total;39;1478.0
2506;2023K2;total;41;1554.0
2506;2023K3;total;49;1857.0
2506;2023K4;total;44;1668.0
2506;2024K1;total;38;1457.0
2506;2024K2;total;45;1725.0
2506;2024K3;total;45;1725.0
2506;2024K4;total;53;2032.0
2506;2025K1;total;51;1973.0
2506;2025K2;total;29;1122.0
2506;2025K3;total;63;2438.0
2506;2025K4;total;65;2515.0
2506;2026 prel.K1;total;33;1284.0
2506;2026 prel.K2;total;37;1440.0
2510;2014K1;total;91;1793.0
2510;2014K2;total;80;1576.0
2510;2015K1;total;97;1910.0
2510;2015K2;total;71;1398.0
2510;2015K3;total;131;2579.0
2510;2015K4;total;107;2107.0
2510;2016K1;total;101;1985.0
2510;2016K2;total;115;2260.0
2510;2016K3;total;155;3046.0
2510;2016K4;total;139;2732.0
2510;2017K1;total;159;3122.0
2510;2017K2;total;142;2788.0
2510;2017K3;total;144;2827.0
2510;2017K4;total;339;6656.0
2510;2018K1;total;164;3253.0
2510;2018K2;total;147;2916.0
2510;2018K3;total;203;4027.0
2510;2018K4;total;201;3987.0
2510;2019K1;total;104;2096.0
2510;2019K2;total;131;2640.0
2510;2019K3;total;138;2781.0
2510;2019K4;total;105;2116.0
2510;2020K1;total;133;2722.0
2510;2020K2;total;133;2722.0
2510;2020K3;total;141;2885.0
2510;2020K4;total;116;2374.0
2510;2021K1;total;116;2409.0
2510;2021K2;total;94;1952.0
2510;2021K3;total;157;3260.0
2510;2021K4;total;83;1724.0
2510;2022K1;total;74;1551.0
2510;2022K2;total;88;1845.0
2510;2022K3;total;116;2432.0
2510;2022K4;total;112;2348.0
2510;2023K1;total;82;1728.0
2510;2023K2;total;120;2530.0
2510;2023K3;total;91;1918.0
2510;2023K4;total;72;1518.0
2510;2024K1;total;87;1849.0
2510;2024K2;total;96;2041.0
2510;2024K3;total;150;3189.0
2510;2024K4;total;101;2147.0
2510;2025K1;total;148;3150.0
2510;2025K2;total;130;2767.0
2510;2025K3;total;119;2533.0
2510;2025K4;total;113;2405.0
2510;2026 prel.K1;total;130;2769.0
2510;2026 prel.K2;total;107;2279.0
2513;2014K1;total;21;614.0
2513;2014K2;total;57;1665.0
2513;2015K1;total;45;1323.0
2513;2015K2;total;42;1235.0
2513;2015K3;total;124;3645.0
2513;2015K4;total;91;2675.0
2513;2016K1;total;61;1801.0
2513;2016K2;total;88;2599.0
2513;2016K3;total;128;3780.0
2513;2016K4;total;66;1949.0
2513;2017K1;total;78;2313.0
2513;2017K2;total;100;2965.0
2513;2017K3;total;111;3291.0
2513;2017K4;total;121;3588.0
2513;2018K1;total;72;2159.0
2513;2018K2;total;69;2069.0
2513;2018K3;total;60;1799.0
2513;2018K4;total;72;2159.0
2513;2019K1;total;103;3113.0
2513;2019K2;total;63;1904.0
2513;2019K3;total;86;2599.0
2513;2019K4;total;82;2478.0
2513;2020K1;total;43;1302.0
2513;2020K2;total;67;2029.0
2513;2020K3;total;75;2271.0
2513;2020K4;total;56;1696.0
2513;2021K1;total;79;2416.0
2513;2021K2;total;69;2110.0
2513;2021K3;total;95;2905.0
2513;2021K4;total;55;1682.0
2513;2022K1;total;46;1435.0
2513;2022K2;total;43;1341.0
2513;2022K3;total;63;1965.0
2513;2022K4;total;57;1778.0
2513;2023K1;total;67;2120.0
2513;2023K2;total;61;1930.0
2513;2023K3;total;63;1993.0
2513;2023K4;total;72;2278.0
2513;2024K1;total;72;2263.0
2513;2024K2;total;76;2389.0
2513;2024K3;total;84;2640.0
2513;2024K4;total;116;3646.0
2513;2025K1;total;67;2099.0
2513;2025K2;total;48;1504.0
2513;2025K3;total;79;2475.0
2513;2025K4;total;81;2538.0
2513;2026 prel.K1;total;67;2105.0
2513;2026 prel.K2;total;80;2513.0
2514;2014K1;total;257;1572.0
2514;2014K2;total;361;2208.0
2514;2015K1;total;326;2003.0
2514;2015K2;total;376;2310.0
2514;2015K3;total;365;2242.0
2514;2015K4;total;363;2230.0
2514;2016K1;total;401;2470.0
2514;2016K2;total;467;2876.0
2514;2016K3;total;465;2864.0
2514;2016K4;total;389;2396.0
2514;2017K1;total;603;3723.0
2514;2017K2;total;435;2686.0
2514;2017K3;total;458;2828.0
2514;2017K4;total;367;2266.0
2514;2018K1;total;357;2216.0
2514;2018K2;total;434;2693.0
2514;2018K3;total;465;2886.0
2514;2018K4;total;405;2513.0
2514;2019K1;total;349;2185.0
2514;2019K2;total;318;1991.0
2514;2019K3;total;402;2517.0
2514;2019K4;total;429;2686.0
2514;2020K1;total;404;2549.0
2514;2020K2;total;500;3155.0
2514;2020K3;total;545;3439.0
2514;2020K4;total;446;2814.0
2514;2021K1;total;325;2058.0
2514;2021K2;total;389;2464.0
2514;2021K3;total;454;2875.0
2514;2021K4;total;439;2780.0
2514;2022K1;total;286;1816.0
2514;2022K2;total;379;2407.0
2514;2022K3;total;398;2527.0
2514;2022K4;total;411;2610.0
2514;2023K1;total;338;2161.0
2514;2023K2;total;380;2430.0
2514;2023K3;total;479;3063.0
2514;2023K4;total;409;2615.0
2514;2024K1;total;345;2227.0
2514;2024K2;total;342;2208.0
2514;2024K3;total;330;2130.0
2514;2024K4;total;372;2402.0
2514;2025K1;total;388;2532.0
2514;2025K2;total;443;2891.0
2514;2025K3;total;380;2480.0
2514;2025K4;total;348;2271.0
2514;2026 prel.K1;total;315;2065.0
2514;2026 prel.K2;total;377;2472.0
2518;2014K1;total;63;1338.0
2518;2014K2;total;74;1571.0
2518;2015K1;total;71;1525.0
2518;2015K2;total;72;1546.0
2518;2015K3;total;88;1890.0
2518;2015K4;total;91;1954.0
2518;2016K1;total;118;2583.0
2518;2016K2;total;108;2364.0
2518;2016K3;total;125;2736.0
2518;2016K4;total;109;2386.0
2518;2017K1;total;108;2401.0
2518;2017K2;total;130;2890.0
2518;2017K3;total;100;2223.0
2518;2017K4;total;86;1912.0
2518;2018K1;total;109;2457.0
2518;2018K2;total;113;2548.0
2518;2018K3;total;82;1849.0
2518;2018K4;total;73;1646.0
2518;2019K1;total;101;2319.0
2518;2019K2;total;98;2251.0
2518;2019K3;total;63;1447.0
2518;2019K4;total;75;1722.0
2518;2020K1;total;72;1691.0
2518;2020K2;total;58;1362.0
2518;2020K3;total;72;1691.0
2518;2020K4;total;70;1644.0
2518;2021K1;total;68;1614.0
2518;2021K2;total;58;1376.0
2518;2021K3;total;83;1970.0
2518;2021K4;total;104;2468.0
2518;2022K1;total;57;1369.0
2518;2022K2;total;75;1801.0
2518;2022K3;total;96;2305.0
2518;2022K4;total;134;3217.0
2518;2023K1;total;95;2315.0
2518;2023K2;total;92;2242.0
2518;2023K3;total;143;3485.0
2518;2023K4;total;93;2266.0
2518;2024K1;total;67;1646.0
2518;2024K2;total;108;2653.0
2518;2024K3;total;134;3292.0
2518;2024K4;total;95;2334.0
2518;2025K1;total;75;1863.0
2518;2025K2;total;76;1888.0
2518;2025K3;total;102;2534.0
2518;2025K4;total;103;2558.0
2518;2026 prel.K1;total;51;1277.0
2518;2026 prel.K2;total;66;1652.0
2521;2014K1;total;72;1143.0
2521;2014K2;total;115;1825.0
2521;2015K1;total;49;784.0
2521;2015K2;total;85;1360.0
2521;2015K3;total;99;1585.0
2521;2015K4;total;78;1248.0
2521;2016K1;total;75;1219.0
2521;2016K2;total;79;1284.0
2521;2016K3;total;100;1625.0
2521;2016K4;total;88;1430.0
2521;2017K1;total;73;1195.0
2521;2017K2;total;105;1719.0
2521;2017K3;total;92;1506.0
2521;2017K4;total;90;1473.0
2521;2018K1;total;106;1746.0
2521;2018K2;total;115;1895.0
2521;2018K3;total;158;2603.0
2521;2018K4;total;135;2224.0
2521;2019K1;total;108;1786.0
2521;2019K2;total;105;1737.0
2521;2019K3;total;151;2498.0
2521;2019K4;total;138;2283.0
2521;2020K1;total;110;1831.0
2521;2020K2;total;92;1531.0
2521;2020K3;total;94;1564.0
2521;2020K4;total;132;2197.0
2521;2021K1;total;92;1541.0
2521;2021K2;total;144;2412.0
2521;2021K3;total;77;1290.0
2521;2021K4;total;153;2563.0
2521;2022K1;total;69;1164.0
2521;2022K2;total;82;1383.0
2521;2022K3;total;92;1552.0
2521;2022K4;total;113;1906.0
2521;2023K1;total;47;800.0
2521;2023K2;total;77;1310.0
2521;2023K3;total;103;1753.0
2521;2023K4;total;82;1395.0
2521;2024K1;total;57;971.0
2521;2024K2;total;137;2335.0
2521;2024K3;total;99;1687.0
2521;2024K4;total;83;1415.0
2521;2025K1;total;65;1124.0
2521;2025K2;total;68;1176.0
2521;2025K3;total;129;2231.0
2521;2025K4;total;106;1833.0
2521;2026 prel.K1;total;122;2138.0
2521;2026 prel.K2;total;81;1420.0
2523;2014K1;total;296;1619.0
2523;2014K2;total;405;2215.0
2523;2015K1;total;317;1744.0
2523;2015K2;total;338;1859.0
2523;2015K3;total;379;2085.0
2523;2015K4;total;415;2283.0
2523;2016K1;total;360;1996.0
2523;2016K2;total;379;2101.0
2523;2016K3;total;425;2356.0
2523;2016K4;total;454;2517.0
2523;2017K1;total;437;2443.0
2523;2017K2;total;491;2744.0
2523;2017K3;total;434;2426.0
2523;2017K4;total;473;2644.0
2523;2018K1;total;461;2600.0
2523;2018K2;total;421;2375.0
2523;2018K3;total;353;1991.0
2523;2018K4;total;385;2172.0
2523;2019K1;total;383;2179.0
2523;2019K2;total;383;2179.0
2523;2019K3;total;402;2287.0
2523;2019K4;total;387;2201.0
2523;2020K1;total;405;2315.0
2523;2020K2;total;523;2989.0
2523;2020K3;total;456;2606.0
2523;2020K4;total;545;3115.0
2523;2021K1;total;331;1896.0
2523;2021K2;total;375;2148.0
2523;2021K3;total;365;2091.0
2523;2021K4;total;389;2229.0
2523;2022K1;total;351;2013.0
2523;2022K2;total;333;1910.0
2523;2022K3;total;435;2495.0
2523;2022K4;total;372;2134.0
2523;2023K1;total;408;2348.0
2523;2023K2;total;445;2561.0
2523;2023K3;total;451;2596.0
2523;2023K4;total;355;2043.0
2523;2024K1;total;392;2268.0
2523;2024K2;total;396;2291.0
2523;2024K3;total;458;2650.0
2523;2024K4;total;485;2806.0
2523;2025K1;total;362;2107.0
2523;2025K2;total;393;2287.0
2523;2025K3;total;395;2299.0
2523;2025K4;total;412;2398.0
2523;2026 prel.K1;total;337;1967.0
2523;2026 prel.K2;total;390;2276.0
2560;2014K1;total;121;1481.0
2560;2014K2;total;134;1640.0
2560;2015K1;total;173;2116.0
2560;2015K2;total;179;2189.0
2560;2015K3;total;160;1957.0
2560;2015K4;total;132;1614.0
2560;2016K1;total;140;1710.0
2560;2016K2;total;124;1514.0
2560;2016K3;total;168;2052.0
2560;2016K4;total;154;1881.0
2560;2017K1;total;194;2356.0
2560;2017K2;total;205;2490.0
2560;2017K3;total;201;2441.0
2560;2017K4;total;178;2162.0
2560;2018K1;total;169;2059.0
2560;2018K2;total;184;2242.0
2560;2018K3;total;264;3217.0
2560;2018K4;total;266;3241.0
2560;2019K1;total;172;2123.0
2560;2019K2;total;226;2789.0
2560;2019K3;total;193;2382.0
2560;2019K4;total;142;1752.0
2560;2020K1;total;208;2581.0
2560;2020K2;total;161;1998.0
2560;2020K3;total;236;2928.0
2560;2020K4;total;192;2382.0
2560;2021K1;total;125;1556.0
2560;2021K2;total;152;1893.0
2560;2021K3;total;159;1980.0
2560;2021K4;total;129;1606.0
2560;2022K1;total;154;1935.0
2560;2022K2;total;118;1482.0
2560;2022K3;total;130;1633.0
2560;2022K4;total;147;1847.0
2560;2023K1;total;150;1912.0
2560;2023K2;total;109;1389.0
2560;2023K3;total;191;2434.0
2560;2023K4;total;149;1899.0
2560;2024K1;total;139;1787.0
2560;2024K2;total;148;1902.0
2560;2024K3;total;198;2545.0
2560;2024K4;total;172;2211.0
2560;2025K1;total;168;2155.0
2560;2025K2;total;166;2130.0
2560;2025K3;total;219;2810.0
2560;2025K4;total;158;2027.0
2560;2026 prel.K1;total;126;1612.0
2560;2026 prel.K2;total;147;1881.0
2580;2014K1;total;1629;2153.0
2580;2014K2;total;1767;2335.0
2580;2015K1;total;1851;2435.0
2580;2015K2;total;1939;2550.0
2580;2015K3;total;2009;2642.0
2580;2015K4;total;2046;2691.0
2580;2016K1;total;1736;2271.0
2580;2016K2;total;2013;2634.0
2580;2016K3;total;2213;2895.0
2580;2016K4;total;2291;2998.0
2580;2017K1;total;2117;2745.0
2580;2017K2;total;2208;2863.0
2580;2017K3;total;2869;3720.0
2580;2017K4;total;2291;2971.0
2580;2018K1;total;2015;2595.0
2580;2018K2;total;2478;3191.0
2580;2018K3;total;2542;3274.0
2580;2018K4;total;2284;2941.0
2580;2019K1;total;1671;2143.0
2580;2019K2;total;2192;2811.0
2580;2019K3;total;2113;2710.0
2580;2019K4;total;2404;3083.0
2580;2020K1;total;2387;3047.0
2580;2020K2;total;3035;3875.0
2580;2020K3;total;2777;3545.0
2580;2020K4;total;2493;3183.0
2580;2021K1;total;1988;2526.0
2580;2021K2;total;2467;3134.0
2580;2021K3;total;2480;3151.0
2580;2021K4;total;2294;2915.0
2580;2022K1;total;1755;2220.0
2580;2022K2;total;2253;2850.0
2580;2022K3;total;2507;3171.0
2580;2022K4;total;2384;3016.0
2580;2023K1;total;2126;2681.0
2580;2023K2;total;2417;3048.0
2580;2023K3;total;2494;3145.0
2580;2023K4;total;1848;2330.0
2580;2024K1;total;1855;2333.0
2580;2024K2;total;1996;2510.0
2580;2024K3;total;2112;2656.0
2580;2024K4;total;2092;2631.0
2580;2025K1;total;1907;2385.0
2580;2025K2;total;2188;2736.0
2580;2025K3;total;2339;2925.0
2580;2025K4;total;1958;2448.0
2580;2026 prel.K1;total;1698;2114.0
2580;2026 prel.K2;total;2005;2497.0
2581;2014K1;total;585;1413.0
2581;2014K2;total;647;1563.0
2581;2015K1;total;726;1748.0
2581;2015K2;total;2012;4845.0
2581;2015K3;total;821;1977.0
2581;2015K4;total;734;1767.0
2581;2016K1;total;579;1388.0
2581;2016K2;total;766;1836.0
2581;2016K3;total;949;2274.0
2581;2016K4;total;745;1785.0
2581;2017K1;total;794;1888.0
2581;2017K2;total;913;2172.0
2581;2017K3;total;934;2221.0
2581;2017K4;total;934;2221.0
2581;2018K1;total;737;1749.0
2581;2018K2;total;723;1715.0
2581;2018K3;total;1033;2451.0
2581;2018K4;total;886;2102.0
2581;2019K1;total;767;1818.0
2581;2019K2;total;838;1986.0
2581;2019K3;total;869;2059.0
2581;2019K4;total;891;2111.0
2581;2020K1;total;833;1971.0
2581;2020K2;total;897;2123.0
2581;2020K3;total;877;2076.0
2581;2020K4;total;842;1993.0
2581;2021K1;total;652;1542.0
2581;2021K2;total;832;1968.0
2581;2021K3;total;730;1727.0
2581;2021K4;total;738;1746.0
2581;2022K1;total;671;1585.0
2581;2022K2;total;897;2118.0
2581;2022K3;total;869;2052.0
2581;2022K4;total;826;1951.0
2581;2023K1;total;734;1733.0
2581;2023K2;total;797;1882.0
2581;2023K3;total;909;2146.0
2581;2023K4;total;741;1750.0
2581;2024K1;total;610;1440.0
2581;2024K2;total;688;1624.0
2581;2024K3;total;808;1907.0
2581;2024K4;total;789;1862.0
2581;2025K1;total;613;1449.0
2581;2025K2;total;898;2122.0
2581;2025K3;total;863;2039.0
2581;2025K4;total;747;1765.0
2581;2026 prel.K1;total;632;1498.0
2581;2026 prel.K2;total;704;1669.0
2582;2014K1;total;483;1734.0
2582;2014K2;total;717;2573.0
2582;2015K1;total;615;2204.0
2582;2015K2;total;572;2050.0
2582;2015K3;total;791;2835.0
2582;2015K4;total;673;2412.0
2582;2016K1;total;601;2148.0
2582;2016K2;total;697;2491.0
2582;2016K3;total;700;2502.0
2582;2016K4;total;730;2609.0
2582;2017K1;total;676;2405.0
2582;2017K2;total;811;2885.0
2582;2017K3;total;828;2945.0
2582;2017K4;total;737;2622.0
2582;2018K1;total;717;2550.0
2582;2018K2;total;804;2859.0
2582;2018K3;total;899;3197.0
2582;2018K4;total;841;2990.0
2582;2019K1;total;601;2141.0
2582;2019K2;total;802;2857.0
2582;2019K3;total;844;3007.0
2582;2019K4;total;845;3010.0
2582;2020K1;total;640;2280.0
2582;2020K2;total;824;2936.0
2582;2020K3;total;984;3506.0
2582;2020K4;total;893;3181.0
2582;2021K1;total;707;2515.0
2582;2021K2;total;647;2302.0
2582;2021K3;total;706;2512.0
2582;2021K4;total;667;2373.0
2582;2022K1;total;571;2032.0
2582;2022K2;total;668;2377.0
2582;2022K3;total;726;2583.0
2582;2022K4;total;618;2199.0
2582;2023K1;total;720;2572.0
2582;2023K2;total;777;2775.0
2582;2023K3;total;773;2761.0
2582;2023K4;total;735;2625.0
2582;2024K1;total;647;2311.0
2582;2024K2;total;716;2557.0
2582;2024K3;total;709;2532.0
2582;2024K4;total;683;2439.0
2582;2025K1;total;677;2389.0
2582;2025K2;total;826;2915.0
2582;2025K3;total;761;2686.0
2582;2025K4;total;731;2580.0
2582;2026 prel.K1;total;605;2114.0
2582;2026 prel.K2;total;643;2246.0
2583;2014K1;total;211;2146.0
2583;2014K2;total;290;2950.0
2583;2015K1;total;215;2193.0
2583;2015K2;total;288;2938.0
2583;2015K3;total;346;3529.0
2583;2015K4;total;295;3009.0
2583;2016K1;total;246;2498.0
2583;2016K2;total;293;2975.0
2583;2016K3;total;286;2904.0
2583;2016K4;total;293;2975.0
2583;2017K1;total;306;3111.0
2583;2017K2;total;280;2847.0
2583;2017K3;total;279;2837.0
2583;2017K4;total;288;2928.0
2583;2018K1;total;252;2573.0
2583;2018K2;total;262;2675.0
2583;2018K3;total;320;3267.0
2583;2018K4;total;303;3093.0
2583;2019K1;total;250;2568.0
2583;2019K2;total;315;3236.0
2583;2019K3;total;309;3174.0
2583;2019K4;total;375;3852.0
2583;2020K1;total;248;2572.0
2583;2020K2;total;268;2779.0
2583;2020K3;total;368;3816.0
2583;2020K4;total;252;2613.0
2583;2021K1;total;262;2744.0
2583;2021K2;total;256;2681.0
2583;2021K3;total;255;2671.0
2583;2021K4;total;275;2880.0
2583;2022K1;total;259;2750.0
2583;2022K2;total;257;2729.0
2583;2022K3;total;326;3461.0
2583;2022K4;total;305;3238.0
2583;2023K1;total;268;2895.0
2583;2023K2;total;358;3867.0
2583;2023K3;total;300;3240.0
2583;2023K4;total;330;3564.0
2583;2024K1;total;246;2688.0
2583;2024K2;total;339;3704.0
2583;2024K3;total;277;3026.0
2583;2024K4;total;241;2633.0
2583;2025K1;total;320;3521.0
2583;2025K2;total;314;3455.0
2583;2025K3;total;380;4181.0
2583;2025K4;total;254;2795.0
2583;2026 prel.K1;total;196;2171.0
2583;2026 prel.K2;total;227;2515.0
2584;2014K1;total;414;1783.0
2584;2014K2;total;509;2192.0
2584;2015K1;total;376;1620.0
2584;2015K2;total;433;1866.0
2584;2015K3;total;392;1689.0
2584;2015K4;total;406;1749.0
2584;2016K1;total;452;1951.0
2584;2016K2;total;546;2356.0
2584;2016K3;total;617;2663.0
2584;2016K4;total;645;2783.0
2584;2017K1;total;745;3219.0
2584;2017K2;total;720;3111.0
2584;2017K3;total;720;3111.0
2584;2017K4;total;696;3008.0
2584;2018K1;total;717;3110.0
2584;2018K2;total;796;3453.0
2584;2018K3;total;813;3527.0
2584;2018K4;total;756;3279.0
2584;2019K1;total;642;2800.0
2584;2019K2;total;684;2983.0
2584;2019K3;total;763;3328.0
2584;2019K4;total;741;3232.0
2584;2020K1;total;519;2280.0
2584;2020K2;total;595;2614.0
2584;2020K3;total;525;2306.0
2584;2020K4;total;531;2332.0
2584;2021K1;total;509;2251.0
2584;2021K2;total;377;1667.0
2584;2021K3;total;440;1946.0
2584;2021K4;total;475;2101.0
2584;2022K1;total;401;1783.0
2584;2022K2;total;460;2045.0
2584;2022K3;total;497;2210.0
2584;2022K4;total;368;1636.0
2584;2023K1;total;348;1552.0
2584;2023K2;total;386;1721.0
2584;2023K3;total;468;2087.0
2584;2023K4;total;539;2403.0
2584;2024K1;total;517;2305.0
2584;2024K2;total;503;2243.0
2584;2024K3;total;469;2091.0
2584;2024K4;total;490;2185.0
2584;2025K1;total;460;2052.0
2584;2025K2;total;507;2262.0
2584;2025K3;total;484;2159.0
2584;2025K4;total;469;2092.0
2584;2026 prel.K1;total;486;2169.0
2584;2026 prel.K2;total;560;2500.0
